market_id,created_at,actual_delivery_time,store_id,store_primary_category,order_protocol,total_items,subtotal,num_distinct_items,min_item_price,max_item_price,total_onshift_partners,total_busy_partners,total_outstanding_orders,delivery_time_minutes,order_hour,order_day_of_week,order_is_weekend,hour_sin,hour_cos,price_range,avg_item_price,items_per_distinct,busy_partner_ratio,available_partners,outstanding_per_partner
1,2015-01-23 17:42:14,2015-01-23 18:49:03,31bd51a7403b980bf1039518120712e0,mexican,1,1,799.0,1,799,799,2.0,2.0,6.0,66.81666666666666,17,4,0,-0.9659258262890683,-0.25881904510252063,0,799.0,1.0,0.6666666666666666,0.0,2.0
5,2015-02-11 02:52:37,2015-02-11 03:35:50,02c27682b80b462437ba4efc71267562,indian,1,6,3644.0,5,249,1499,49.0,30.0,47.0,43.21666666666667,2,2,0,0.49999999999999994,0.8660254037844387,1250,607.3333333333334,1.2,0.6,19.0,0.94
3,2015-01-29 21:44:08,2015-01-29 22:20:36,08e5d8066881eab185d0de9db3b36c7f,thai,1,7,5220.0,7,250,995,4.0,3.0,3.0,36.46666666666667,21,3,0,-0.7071067811865477,0.7071067811865474,745,745.7142857142857,1.0,0.6,1.0,0.6
1,2015-02-03 02:29:20,2015-02-03 03:54:15,c08876cb72b043bfbd2009cb2f0ecbf5,chinese,2,2,1298.0,2,399,799,0.0,0.0,0.0,84.91666666666667,2,1,0,0.49999999999999994,0.8660254037844387,400,649.0,1.0,0.0,0.0,0.0
4,2015-01-30 04:09:31,2015-01-30 04:48:53,cd89fef7ffdd490db800357f47722b20,american,3,2,1700.0,2,850,850,87.0,82.0,113.0,39.36666666666667,4,4,0,0.8660254037844386,0.5000000000000001,0,850.0,1.0,0.9318181818181818,5.0,1.2840909090909092
2,2015-02-09 02:17:26,2015-02-09 03:30:13,801a089759389ea9fa5f77ecc339f4be,italian,1,5,5390.0,4,695,1495,57.0,55.0,83.0,72.78333333333333,2,0,0,0.49999999999999994,0.8660254037844387,800,1078.0,1.25,0.9482758620689655,2.0,1.4310344827586208
2,2015-02-14 04:47:29,2015-02-14 05:38:48,ec26dcdc2dd4deebfc38610ebe2ef318,pizza,3,1,2999.0,1,2999,2999,55.0,53.0,103.0,51.31666666666667,4,5,1,0.8660254037844386,0.5000000000000001,0,2999.0,1.0,0.9464285714285714,2.0,1.8392857142857142
2,2015-01-26 19:48:22,2015-01-26 20:03:17,d43ab110ab2489d6b9b2caa394bf920f,mexican,5,1,699.0,1,699,699,38.0,57.0,51.0,14.916666666666666,19,0,0,-0.9659258262890684,0.2588190451025203,0,699.0,1.0,1.4615384615384615,0.0,1.3076923076923077
4,2015-02-11 01:12:53,2015-02-11 01:32:21,1a3650aedfdd3a21444047ed2d89458f,dessert,2,1,736.0,1,638,588,55.0,40.0,59.0,19.466666666666665,1,2,0,0.25881904510252074,0.9659258262890683,-50,736.0,1.0,0.7142857142857143,15.0,1.0535714285714286
3,2015-01-22 01:49:41,2015-01-22 02:35:11,8d917ee2013f097c962fa85297f0ffea,other,5,2,1697.0,2,399,999,18.0,18.0,20.0,45.5,1,3,0,0.25881904510252074,0.9659258262890683,600,848.5,1.0,0.9473684210526315,0.0,1.0526315789473684
1,2015-02-04 01:03:43,2015-02-04 02:00:55,ca75910166da03ff9d4655a0338e6b09,mexican,3,6,4500.0,3,300,1900,7.0,7.0,10.0,57.2,1,2,0,0.25881904510252074,0.9659258262890683,1600,750.0,2.0,0.875,0.0,1.25
5,2015-01-24 02:34:37,2015-01-24 03:30:50,a8caec1eeb9c042bae95680a60789701,dessert,4,7,763.0,3,109,109,22.0,21.0,29.0,56.21666666666667,2,5,1,0.49999999999999994,0.8660254037844387,0,109.0,2.3333333333333335,0.9130434782608695,1.0,1.2608695652173914
1,2015-02-10 03:39:52,2015-02-10 04:51:28,55c567fd4395ecef6d936cf77b8d5b2b,other,1,1,894.0,1,894,894,0.0,0.0,0.0,71.6,3,1,0,0.7071067811865475,0.7071067811865476,0,894.0,1.0,0.0,0.0,0.0
1,2015-01-29 00:12:07,2015-01-29 01:24:40,8c3c27ac7d298331a1bdfd0a5e8703d3,american,2,3,2150.0,3,300,1200,10.0,9.0,7.0,72.55,0,3,0,0.0,1.0,900,716.6666666666666,1.0,0.8181818181818182,1.0,0.6363636363636364
1,2015-02-16 23:44:19,2015-02-17 00:44:16,5cce8dede893813f879b873962fb669f,american,5,2,2390.0,2,1095,1295,14.0,14.0,19.0,59.95,23,0,0,-0.25881904510252157,0.9659258262890681,200,1195.0,1.0,0.9333333333333333,0.0,1.2666666666666666
2,2015-01-31 02:16:34,2015-01-31 03:35:51,f15d337c70078947cfe1b5d6f0ed3f13,dessert,5,1,1195.0,1,1195,1195,119.0,103.0,200.0,79.28333333333333,2,5,1,0.49999999999999994,0.8660254037844387,0,1195.0,1.0,0.8583333333333333,16.0,1.6666666666666667
2,2015-02-04 01:50:02,2015-02-04 02:23:11,248e844336797ec98478f85e7626de4a,other,5,3,2600.0,2,400,1800,81.0,68.0,78.0,33.15,1,2,0,0.25881904510252074,0.9659258262890683,1400,866.6666666666666,1.5,0.8292682926829268,13.0,0.9512195121951219
6,2015-01-24 19:52:32,2015-01-24 20:40:53,58c2ac6f92a1c369e00bcb3a28af2d18,mediterranean,3,4,3895.0,4,599,1599,37.0,34.0,41.0,48.35,19,5,1,-0.9659258262890684,0.2588190451025203,1000,973.75,1.0,0.8947368421052632,3.0,1.0789473684210527
4,2015-02-02 04:32:48,2015-02-02 05:33:33,a74c3bae3e13616104c1b25f9da1f11f,burger,4,2,918.0,2,249,669,52.0,50.0,63.0,60.75,4,0,0,0.8660254037844386,0.5000000000000001,420,459.0,1.0,0.9433962264150944,2.0,1.1886792452830188
5,2015-02-02 05:43:05,2015-02-02 07:03:57,45d0bb417c9fab94dae50e5974f30ec7,pizza,5,7,763.0,6,109,109,0.0,0.0,0.0,80.86666666666666,5,0,0,0.9659258262890683,0.25881904510252074,0,109.0,1.1666666666666667,0.0,0.0,0.0
4,2015-02-09 02:12:59,2015-02-09 02:57:13,ae8ac5e9dffde5cc03562b4e13ac4394,pizza,2,1,2199.0,1,949,949,12.0,8.0,9.0,44.233333333333334,2,0,0,0.49999999999999994,0.8660254037844387,0,2199.0,1.0,0.6153846153846154,4.0,0.6923076923076923
3,2015-02-08 02:57:22,2015-02-08 04:24:36,a561e7ebcac8441387d4fe143fdef87f,mexican,1,6,2757.0,6,300,675,7.0,8.0,9.0,87.23333333333333,2,6,1,0.49999999999999994,0.8660254037844387,375,459.5,1.0,1.0,0.0,1.125
1,2015-01-28 20:54:08,2015-01-28 21:29:11,58e4d44e550d0f7ee0a23d6b02d9b0db,american,1,3,2950.0,3,600,1200,30.0,27.0,28.0,35.05,20,2,0,-0.8660254037844386,0.5000000000000001,600,983.3333333333334,1.0,0.8709677419354839,3.0,0.9032258064516129
2,2015-02-04 02:09:34,2015-02-04 02:41:18,cfecdb276f634854f3ef915e2e980c31,mexican,5,1,1094.0,1,999,999,93.0,88.0,96.0,31.733333333333334,2,2,0,0.49999999999999994,0.8660254037844387,0,1094.0,1.0,0.9361702127659575,5.0,1.0212765957446808
6,2015-02-16 04:15:11,2015-02-16 05:05:17,251aab366150755ca40df716874ff32e,italian,1,1,1295.0,1,1295,1295,37.0,34.0,41.0,50.1,4,0,0,0.8660254037844386,0.5000000000000001,0,1295.0,1.0,0.8947368421052632,3.0,1.0789473684210527
1,2015-02-05 20:38:26,2015-02-05 21:06:04,83a368f54768f506b833130584455df4,indian,1,6,2996.0,3,100,999,35.0,35.0,34.0,27.633333333333333,20,3,0,-0.8660254037844386,0.5000000000000001,899,499.3333333333333,2.0,0.9722222222222222,0.0,0.9444444444444444
2,2015-02-06 03:41:51,2015-02-06 04:13:28,577bcc914f9e55d5e4e4f82f9f00e7d4,chinese,3,4,3660.0,3,775,1295,92.0,75.0,104.0,31.616666666666667,3,4,0,0.7071067811865475,0.7071067811865476,520,915.0,1.3333333333333333,0.8064516129032258,17.0,1.118279569892473
1,2015-02-05 01:40:04,2015-02-05 02:41:03,c2c2a04512b35d13102459f8784f1a2d,vietnamese,1,4,2560.0,3,500,645,38.0,39.0,60.0,60.983333333333334,1,3,0,0.25881904510252074,0.9659258262890683,145,640.0,1.3333333333333333,1.0,0.0,1.5384615384615385
1,2015-02-01 21:37:57,2015-02-01 22:19:15,ea14b04d59d604daf500d9a35bdd01be,other,3,4,3997.0,4,500,1399,25.0,29.0,28.0,41.3,21,6,1,-0.7071067811865477,0.7071067811865474,899,999.25,1.0,1.1153846153846154,0.0,1.0769230769230769
1,2015-02-09 01:41:18,2015-02-09 02:12:02,ead81fe8cfe9fda9e4c2093e17e4d024,pizza,1,1,1199.0,1,1199,1199,52.0,49.0,63.0,30.733333333333334,1,0,0,0.25881904510252074,0.9659258262890683,0,1199.0,1.0,0.9245283018867925,3.0,1.1886792452830188
3,2015-02-15 00:30:28,2015-02-15 00:55:44,ed148e0621fd22140747d13da484ba01,other,4,3,797.0,3,169,369,5.0,4.0,3.0,25.266666666666666,0,6,1,0.0,1.0,200,265.6666666666667,1.0,0.6666666666666666,1.0,0.5
4,2015-02-09 00:09:08,2015-02-09 00:45:43,e165421110ba03099a1c0393373c5b43,burger,5,5,2485.0,5,249,989,40.0,35.0,45.0,36.583333333333336,0,0,0,0.0,1.0,740,497.0,1.0,0.8536585365853658,5.0,1.0975609756097562
2,2015-01-31 03:59:38,2015-01-31 05:24:16,149e9677a5989fd342ae44213df68868,dessert,1,2,3045.0,2,1350,1695,45.0,45.0,94.0,84.63333333333334,3,5,1,0.7071067811865475,0.7071067811865476,345,1522.5,1.0,0.9782608695652174,0.0,2.0434782608695654
1,2015-01-24 23:27:10,2015-01-25 00:01:03,dbd90a665ea6f292f36ebdb3d442826d,other,1,5,1735.0,5,189,649,2.0,2.0,3.0,33.88333333333333,23,5,1,-0.25881904510252157,0.9659258262890681,460,347.0,1.0,0.6666666666666666,0.0,1.0
2,2015-02-09 18:40:36,2015-02-09 20:11:19,7b5ad0c52e58076e34f393efe9019ed2,other,2,7,9099.0,6,499,1199,10.0,10.0,14.0,90.71666666666667,18,0,0,-1.0,-1.8369701987210297e-16,700,1299.857142857143,1.1666666666666667,0.9090909090909091,0.0,1.2727272727272727
2,2015-02-09 01:33:14,2015-02-09 02:41:04,149e9677a5989fd342ae44213df68868,dessert,1,5,4045.0,5,795,865,44.0,42.0,70.0,67.83333333333333,1,0,0,0.25881904510252074,0.9659258262890683,70,809.0,1.0,0.9333333333333333,2.0,1.5555555555555556
1,2015-01-24 04:55:36,2015-01-24 05:24:36,ab4f2b5fd96ca65349119909c1eada2d,other,1,2,2249.0,2,450,1799,20.0,20.0,20.0,29.0,4,5,1,0.8660254037844386,0.5000000000000001,1349,1124.5,1.0,0.9523809523809523,0.0,0.9523809523809523
1,2015-01-21 21:53:06,2015-01-21 22:21:43,58e4d44e550d0f7ee0a23d6b02d9b0db,american,1,1,500.0,1,500,500,28.0,22.0,22.0,28.616666666666667,21,2,0,-0.7071067811865477,0.7071067811865474,0,500.0,1.0,0.7586206896551724,6.0,0.7586206896551724
3,2015-01-29 03:52:59,2015-01-29 04:38:23,e1228be46de6a0234ac22ded31417bc7,seafood,1,2,2347.0,2,599,949,25.0,23.0,24.0,45.4,3,3,0,0.7071067811865475,0.7071067811865476,350,1173.5,1.0,0.8846153846153846,2.0,0.9230769230769231
5,2015-01-28 04:02:22,2015-01-28 04:44:56,884738b4332ababd678ca505f4e04f4d,mediterranean,3,1,3800.0,1,3000,3750,16.0,15.0,19.0,42.56666666666667,4,2,0,0.8660254037844386,0.5000000000000001,750,3800.0,1.0,0.8823529411764706,1.0,1.1176470588235294
4,2015-02-05 21:29:51,2015-02-05 21:58:24,74db120f0a8e5646ef5a30154e9f6deb,indian,3,4,3965.0,4,250,1795,41.0,33.0,33.0,28.55,21,3,0,-0.7071067811865477,0.7071067811865474,1545,991.25,1.0,0.7857142857142857,8.0,0.7857142857142857
3,2015-01-26 03:11:42,2015-01-26 03:48:34,237168031d88451c78fd8d6d6378c0b2,pizza,1,2,1798.0,2,599,1199,26.0,19.0,17.0,36.86666666666667,3,0,0,0.7071067811865475,0.7071067811865476,600,899.0,1.0,0.7037037037037037,7.0,0.6296296296296297
4,2015-02-07 19:39:36,2015-02-07 20:15:09,cd4bb35c75ba84b4f39e547b1416fd35,dessert,5,2,2150.0,1,1075,1075,36.0,24.0,24.0,35.55,19,5,1,-0.9659258262890684,0.2588190451025203,0,1075.0,2.0,0.6486486486486487,12.0,0.6486486486486487
1,2015-01-24 03:15:03,2015-01-24 04:22:31,f64eac11f2cd8f0efa196f8ad173178e,japanese,1,2,7600.0,1,3000,3750,65.0,68.0,100.0,67.46666666666667,3,5,1,0.7071067811865475,0.7071067811865476,750,3800.0,2.0,1.0303030303030303,0.0,1.5151515151515151
5,2015-01-22 02:18:23,2015-01-22 03:12:51,85ffb002f52455e760e4c90cc3b71ac3,pizza,4,3,6000.0,1,2000,2000,45.0,33.0,40.0,54.46666666666667,2,3,0,0.49999999999999994,0.8660254037844387,0,2000.0,3.0,0.717391304347826,12.0,0.8695652173913043
6,2015-01-31 17:47:04,2015-01-31 19:13:09,4607f7fff0dce694258e1c637512aa9d,sandwich,4,3,2245.0,3,350,1195,37.0,34.0,41.0,86.08333333333333,17,5,1,-0.9659258262890683,-0.25881904510252063,845,748.3333333333334,1.0,0.8947368421052632,3.0,1.0789473684210527
2,2015-01-22 04:28:13,2015-01-22 05:15:13,2836be05e71a8f34902a6e6b37350134,burger,4,4,2374.0,3,309,729,69.0,60.0,62.0,47.0,4,3,0,0.8660254037844386,0.5000000000000001,420,593.5,1.3333333333333333,0.8571428571428571,9.0,0.8857142857142857
4,2015-02-11 01:56:13,2015-02-11 02:32:05,a1140a3d0df1c81e24ae954d935e8926,unknown,1,3,1190.0,2,495,1795,61.0,47.0,60.0,35.86666666666667,1,2,0,0.25881904510252074,0.9659258262890683,1300,396.6666666666667,1.5,0.7580645161290323,14.0,0.967741935483871
4,2015-02-10 02:12:54,2015-02-10 02:49:02,596dedf4498e258e4bdc9fd70df9a859,mexican,3,8,4790.0,6,110,1450,58.0,51.0,74.0,36.13333333333333,2,1,0,0.49999999999999994,0.8660254037844387,1340,598.75,1.3333333333333333,0.864406779661017,7.0,1.2542372881355932
3,2015-01-29 20:46:13,2015-01-29 21:10:17,d29ac33c25a1fe0e50c3c105ab8675a6,fast,4,1,999.0,1,999,999,11.0,8.0,7.0,24.066666666666666,20,3,0,-0.8660254037844386,0.5000000000000001,0,999.0,1.0,0.6666666666666666,3.0,0.5833333333333334
2,2015-02-11 21:11:44,2015-02-11 21:43:41,1385974ed5904a438616ff7bdb3f7439,mexican,5,2,1348.0,2,499,749,38.0,46.0,63.0,31.95,21,2,0,-0.7071067811865477,0.7071067811865474,250,674.0,1.0,1.1794871794871795,0.0,1.6153846153846154
4,2015-02-07 02:26:56,2015-02-07 03:20:39,7cbbc409ec990f19c78c75bd1e06f215,other,2,1,2600.0,1,2600,2600,130.0,126.0,228.0,53.71666666666667,2,5,1,0.49999999999999994,0.8660254037844387,0,2600.0,1.0,0.9618320610687023,4.0,1.7404580152671756
4,2015-02-08 02:42:30,2015-02-08 03:22:21,a4300b002bcfb71f291dac175d52df94,vietnamese,1,3,2445.0,2,626,695,73.0,53.0,104.0,39.85,2,6,1,0.49999999999999994,0.8660254037844387,69,815.0,1.5,0.7162162162162162,20.0,1.4054054054054055
4,2015-02-02 02:39:21,2015-02-02 03:54:34,dc6a6489640ca02b0d42dabeb8e46bb7,japanese,3,7,4740.0,6,450,1495,64.0,65.0,137.0,75.21666666666667,2,0,0,0.49999999999999994,0.8660254037844387,1045,677.1428571428571,1.1666666666666667,1.0,0.0,2.1076923076923078
3,2015-02-18 04:47:12,2015-02-18 05:33:29,04fcc65450efcccdc9869442c3e36310,american,5,2,1700.0,2,735,965,15.0,13.0,12.0,46.28333333333333,4,2,0,0.8660254037844386,0.5000000000000001,230,850.0,1.0,0.8125,2.0,0.75
4,2015-02-01 21:38:39,2015-02-01 22:16:40,5b69b9cb83065d403869739ae7f0995e,thai,3,6,4140.0,6,171,1040,55.0,36.0,59.0,38.016666666666666,21,6,1,-0.7071067811865477,0.7071067811865474,869,690.0,1.0,0.6428571428571429,19.0,1.0535714285714286
4,2015-02-03 20:27:58,2015-02-03 21:11:14,1534b76d325a8f591b52d302e7181331,mexican,3,5,2803.0,4,199,819,65.0,62.0,81.0,43.266666666666666,20,1,0,-0.8660254037844386,0.5000000000000001,620,560.6,1.25,0.9393939393939394,3.0,1.2272727272727273
5,2015-01-23 03:37:45,2015-01-23 04:26:42,0c0cfd9478c6551fbfe74a7acb6fc037,american,1,2,1798.0,2,599,1199,25.0,19.0,30.0,48.95,3,4,0,0.7071067811865475,0.7071067811865476,600,899.0,1.0,0.7307692307692307,6.0,1.1538461538461537
6,2015-01-23 18:35:32,2015-01-23 20:22:35,dc88b6a16db5ef98acdee40975d9af0f,sandwich,1,12,10851.275000000023,9,375,1250,37.0,34.0,41.0,107.05,18,4,0,-1.0,-1.8369701987210297e-16,875,904.2729166666686,1.3333333333333333,0.8947368421052632,3.0,1.0789473684210527
1,2015-01-24 21:29:33,2015-01-24 22:02:53,6a639c52538fd7bb3e1186724afbe9b2,dessert,4,4,396.0,2,99,99,23.0,23.0,30.0,33.333333333333336,21,5,1,-0.7071067811865477,0.7071067811865474,0,99.0,2.0,0.9583333333333334,0.0,1.25
4,2015-01-30 01:47:25,2015-01-30 02:40:05,a8abb4bb284b5b27aa7cb790dc20f80b,greek,3,5,5895.0,4,699,1699,92.0,76.0,108.0,52.666666666666664,1,4,0,0.25881904510252074,0.9659258262890683,1000,1179.0,1.25,0.8172043010752689,16.0,1.1612903225806452
4,2015-01-28 03:31:56,2015-01-28 04:13:54,8fb5f8be2aa9d6c64a04e3ab9f63feee,other,2,3,2340.0,3,350,995,91.0,69.0,89.0,41.96666666666667,3,2,0,0.7071067811865475,0.7071067811865476,645,780.0,1.0,0.75,22.0,0.967391304347826
2,2015-02-02 22:32:41,2015-02-02 23:15:21,c5866e93cab1776890fe343c9e7063fb,sandwich,3,1,908.0,1,799,799,22.0,23.0,40.0,42.666666666666664,22,0,0,-0.5000000000000004,0.8660254037844384,0,908.0,1.0,1.0,0.0,1.7391304347826086
1,2015-02-08 03:22:29,2015-02-08 04:40:19,c2c2a04512b35d13102459f8784f1a2d,vietnamese,1,2,1395.0,2,570,825,59.0,62.0,94.0,77.83333333333333,3,6,1,0.7071067811865475,0.7071067811865476,255,697.5,1.0,1.0333333333333334,0.0,1.5666666666666667
4,2015-02-03 04:01:04,2015-02-03 04:38:49,33e75ff09dd601bbe69f351039152189,thai,5,2,1998.0,1,899,899,67.0,63.0,114.0,37.75,4,1,0,0.8660254037844386,0.5000000000000001,0,999.0,2.0,0.9264705882352942,4.0,1.6764705882352942
4,2015-02-04 02:58:15,2015-02-04 03:40:37,ccc0aa1b81bf81e16c676ddb977c5881,seafood,5,1,1650.0,1,1650,1650,90.0,78.0,112.0,42.36666666666667,2,2,0,0.49999999999999994,0.8660254037844387,0,1650.0,1.0,0.8571428571428571,12.0,1.2307692307692308
2,2015-01-25 00:56:53,2015-01-25 01:36:33,a5d3526558368a8cda8a30a3c35963cb,indian,3,9,3204.0,7,463,445,50.0,54.0,75.0,39.666666666666664,0,6,1,0.0,1.0,-18,356.0,1.2857142857142858,1.0588235294117647,0.0,1.4705882352941178
6,2015-02-17 02:58:37,2015-02-17 04:11:04,6a783b626a6d892a132dc195e5504272,other,3,2,1890.0,2,795,1095,37.0,34.0,41.0,72.45,2,1,0,0.49999999999999994,0.8660254037844387,300,945.0,1.0,0.8947368421052632,3.0,1.0789473684210527
2,2015-02-08 05:40:31,2015-02-08 06:33:53,81d36e0c6ae485f2a087864badfdc202,mexican,5,2,1868.0,2,649,699,34.0,42.0,51.0,53.36666666666667,5,6,1,0.9659258262890683,0.25881904510252074,50,934.0,1.0,1.2,0.0,1.457142857142857
4,2015-01-24 02:26:26,2015-01-24 03:21:57,bf5cd8b2509011b9502a72296edc14a0,other,3,2,1170.0,1,585,585,128.0,110.0,189.0,55.516666666666666,2,5,1,0.49999999999999994,0.8660254037844387,0,585.0,2.0,0.8527131782945736,18.0,1.4651162790697674
4,2015-01-25 02:23:43,2015-01-25 03:27:47,e165421110ba03099a1c0393373c5b43,burger,5,3,1237.0,3,199,789,99.0,124.0,154.0,64.06666666666666,2,6,1,0.49999999999999994,0.8660254037844387,590,412.3333333333333,1.0,1.24,0.0,1.54
2,2015-02-11 22:15:41,2015-02-11 22:51:26,14cfdb59b5bda1fc245aadae15b1984a,dessert,2,1,2200.0,1,2200,2200,25.0,26.0,47.0,35.75,22,2,0,-0.5000000000000004,0.8660254037844384,0,2200.0,1.0,1.0,0.0,1.8076923076923077
1,2015-01-27 01:51:27,2015-01-27 02:53:50,310cc7ca5a76a446f85c1a0d641ba96d,pizza,3,4,3666.0,3,549,1259,17.0,15.0,11.0,62.38333333333333,1,1,0,0.25881904510252074,0.9659258262890683,710,916.5,1.3333333333333333,0.8333333333333334,2.0,0.6111111111111112
3,2015-02-13 01:53:12,2015-02-13 02:16:53,56584778d5a8ab88d6393cc4cd11e090,mexican,3,3,1955.0,2,595,765,44.0,35.0,38.0,23.683333333333334,1,4,0,0.25881904510252074,0.9659258262890683,170,651.6666666666666,1.5,0.7777777777777778,9.0,0.8444444444444444
2,2015-01-23 00:37:05,2015-01-23 01:35:24,8e98d81f8217304975ccb23337bb5761,italian,3,2,3598.0,2,1699,1899,24.0,21.0,25.0,58.31666666666667,0,4,0,0.0,1.0,200,1799.0,1.0,0.84,3.0,1.0
2,2015-01-26 00:07:07,2015-01-26 00:22:36,8d420fa35754d1f1c19969c88780314d,thai,2,2,2090.0,2,995,1095,28.0,39.0,23.0,15.483333333333333,0,0,0,0.0,1.0,100,1045.0,1.0,1.3448275862068966,0.0,0.7931034482758621
1,2015-02-08 01:55:41,2015-02-08 02:40:33,c56a4706337730e0e15da875405fa1c5,fast,4,1,799.0,1,799,799,23.0,23.0,16.0,44.86666666666667,1,6,1,0.25881904510252074,0.9659258262890683,0,799.0,1.0,0.9583333333333334,0.0,0.6666666666666666
2,2015-02-10 03:06:41,2015-02-10 03:57:17,0c945a8e12dd7ff713c275c1ad6de9e1,other,3,1,1600.0,1,975,975,73.0,73.0,109.0,50.6,3,1,0,0.7071067811865475,0.7071067811865476,0,1600.0,1.0,0.9864864864864865,0.0,1.472972972972973
4,2015-02-03 03:59:47,2015-02-03 04:41:42,f47d0ad31c4c49061b9e505593e3db98,burger,5,2,2270.0,2,1045,1125,35.0,35.0,64.0,41.916666666666664,3,1,0,0.7071067811865475,0.7071067811865476,80,1135.0,1.0,0.9722222222222222,0.0,1.7777777777777777
3,2015-01-28 21:25:18,2015-01-28 22:07:47,3047ee053d45323e65192012176a2a1c,burger,1,4,2233.0,3,426,730,12.0,10.0,3.0,42.483333333333334,21,2,0,-0.7071067811865477,0.7071067811865474,304,558.25,1.3333333333333333,0.7692307692307693,2.0,0.23076923076923078
4,2015-02-11 01:07:54,2015-02-11 01:48:15,0738069b244a1c43c83112b735140a16,salad,1,5,4600.0,5,600,1200,12.0,13.0,14.0,40.35,1,2,0,0.25881904510252074,0.9659258262890683,600,920.0,1.0,1.0,0.0,1.0769230769230769
1,2015-02-03 20:21:20,2015-02-03 21:05:12,356bf85f16636086250481a79b7bebc4,other,3,4,3725.0,4,925,950,27.0,24.0,26.0,43.86666666666667,20,1,0,-0.8660254037844386,0.5000000000000001,25,931.25,1.0,0.8571428571428571,3.0,0.9285714285714286
4,2015-02-06 00:59:26,2015-02-06 01:37:40,45c48cce2e2d7fbdea1afc51c7c6ad26,salad,5,2,1760.0,2,550,990,75.0,43.0,53.0,38.233333333333334,0,4,0,0.0,1.0,440,880.0,1.0,0.5657894736842105,32.0,0.6973684210526315
3,2015-01-29 02:10:18,2015-01-29 02:56:07,816b112c6105b3ebd537828a39af4818,mexican,1,2,2190.0,2,940,1250,92.0,67.0,109.0,45.81666666666667,2,3,0,0.49999999999999994,0.8660254037844387,310,1095.0,1.0,0.7204301075268817,25.0,1.1720430107526882
3,2015-01-22 01:13:41,2015-01-22 02:28:31,74e1513cc2927e89575044e7d6dbc8e0,greek,1,2,1900.0,1,950,950,3.0,3.0,2.0,74.83333333333333,1,3,0,0.25881904510252074,0.9659258262890683,0,950.0,2.0,0.75,0.0,0.5
3,2015-01-24 03:29:25,2015-01-24 04:04:37,1cc8a8ea51cd0adddf5dab504a285915,other,3,2,4048.0,2,1249,2249,60.0,52.0,49.0,35.2,3,5,1,0.7071067811865475,0.7071067811865476,1000,2024.0,1.0,0.8524590163934426,8.0,0.8032786885245902
4,2015-02-07 00:57:54,2015-02-07 01:41:45,b78f81d5bdfed3168c472b237f37b43a,pizza,3,3,3900.0,2,500,1700,33.0,32.0,55.0,43.85,0,5,1,0.0,1.0,1200,1300.0,1.5,0.9411764705882353,1.0,1.6176470588235294
3,2015-02-14 02:00:17,2015-02-14 02:54:29,64c31821603ab476a318839606743bd6,italian,1,2,3350.0,2,1600,1600,52.0,42.0,43.0,54.2,2,5,1,0.49999999999999994,0.8660254037844387,0,1675.0,1.0,0.7924528301886793,10.0,0.8113207547169812
4,2015-02-03 00:22:24,2015-02-03 01:07:47,3a1dd98341fafc1dfe9bcf36360e6b84,pizza,3,3,4125.0,3,775,1975,26.0,23.0,33.0,45.38333333333333,0,1,0,0.0,1.0,1200,1375.0,1.0,0.8518518518518519,3.0,1.2222222222222223
2,2015-02-09 03:13:54,2015-02-09 03:54:32,435d6ab1ba16ba7e05e09d9728bc36ca,sandwich,3,1,1088.0,1,879,879,128.0,124.0,188.0,40.63333333333333,3,0,0,0.7071067811865475,0.7071067811865476,0,1088.0,1.0,0.9612403100775194,4.0,1.4573643410852712
2,2015-02-08 16:51:35,2015-02-08 17:27:02,f15d337c70078947cfe1b5d6f0ed3f13,dessert,5,2,1890.0,2,895,995,15.0,16.0,19.0,35.45,16,6,1,-0.8660254037844384,-0.5000000000000004,100,945.0,1.0,1.0,0.0,1.1875
6,2015-02-09 02:06:55,2015-02-09 02:56:43,3a90ee8e42cb24248e56383cd5349856,italian,1,1,1250.0,1,1250,1250,37.0,34.0,41.0,49.8,2,0,0,0.49999999999999994,0.8660254037844387,0,1250.0,1.0,0.8947368421052632,3.0,1.0789473684210527
2,2015-02-08 00:36:49,2015-02-08 01:54:38,0d73a25092e5c1c9769a9f3255caa65a,dessert,1,5,5070.0,5,390,1995,55.0,55.0,55.0,77.81666666666666,0,6,1,0.0,1.0,1605,1014.0,1.0,0.9821428571428571,0.0,0.9821428571428571
4,2015-01-30 02:22:22,2015-01-30 03:07:33,69adc1e107f7f7d035d7baf04342e1ca,italian,5,2,3345.0,2,750,2595,120.0,109.0,180.0,45.18333333333333,2,4,0,0.49999999999999994,0.8660254037844387,1845,1672.5,1.0,0.9008264462809917,11.0,1.487603305785124
1,2015-01-31 01:37:50,2015-01-31 02:39:27,55c567fd4395ecef6d936cf77b8d5b2b,other,1,4,2230.0,4,350,795,0.0,0.0,0.0,61.61666666666667,1,5,1,0.25881904510252074,0.9659258262890683,445,557.5,1.0,0.0,0.0,0.0
4,2015-01-25 21:43:38,2015-01-25 22:19:10,68d30a9594728bc39aa24be94b319d21,other,3,6,6560.0,5,580,1700,63.0,75.0,37.0,35.53333333333333,21,6,1,-0.7071067811865477,0.7071067811865474,1120,1093.3333333333333,1.2,1.171875,0.0,0.578125
4,2015-01-31 03:54:47,2015-01-31 04:57:34,155fa09596c7e18e50b58eb7e0c6ccb4,mediterranean,3,4,2300.0,3,200,875,87.0,87.0,157.0,62.78333333333333,3,5,1,0.7071067811865475,0.7071067811865476,675,575.0,1.3333333333333333,0.9886363636363636,0.0,1.7840909090909092
2,2015-02-04 18:38:44,2015-02-04 19:02:30,f8c0e172cbf7b81bb804df0092b53ae9,other,2,2,2000.0,2,1000,1000,13.0,15.0,17.0,23.766666666666666,18,2,0,-1.0,-1.8369701987210297e-16,0,1000.0,1.0,1.0714285714285714,0.0,1.2142857142857142
1,2015-02-07 23:35:43,2015-02-08 00:15:06,184260348236f9554fe9375772ff966e,pizza,5,4,2950.0,3,200,1300,18.0,23.0,26.0,39.38333333333333,23,5,1,-0.25881904510252157,0.9659258262890681,1100,737.5,1.3333333333333333,1.2105263157894737,0.0,1.368421052631579
3,2015-02-15 17:41:31,2015-02-15 18:26:54,bea99816975d4154590d05ce68da8b63,american,1,6,4153.0,6,295,1169,4.0,3.0,3.0,45.38333333333333,17,6,1,-0.9659258262890683,-0.25881904510252063,874,692.1666666666666,1.0,0.6,1.0,0.6
1,2015-02-12 04:34:55,2015-02-12 05:16:01,6be5336db2c119736cf48f475e051bfe,italian,5,2,3100.0,2,1500,1600,48.0,42.0,44.0,41.1,4,3,0,0.8660254037844386,0.5000000000000001,100,1550.0,1.0,0.8571428571428571,6.0,0.8979591836734694
2,2015-01-31 02:51:06,2015-01-31 03:43:25,7d12b66d3df6af8d429c1a357d8b9e1a,mexican,5,3,4006.0,3,149,2499,49.0,47.0,103.0,52.31666666666667,2,5,1,0.49999999999999994,0.8660254037844387,2350,1335.3333333333333,1.0,0.94,2.0,2.06
4,2015-02-04 20:37:36,2015-02-04 21:15:27,c20ad4d76fe97759aa27a0c99bff6710,vietnamese,5,1,1295.0,1,1295,1295,64.0,65.0,92.0,37.85,20,2,0,-0.8660254037844386,0.5000000000000001,0,1295.0,1.0,1.0,0.0,1.4153846153846155
6,2015-02-13 01:55:13,2015-02-13 02:53:03,7cac11e2f46ed46c339ec3d569853759,pizza,1,3,5100.0,2,800,1900,37.0,34.0,41.0,57.833333333333336,1,4,0,0.25881904510252074,0.9659258262890683,1100,1700.0,1.5,0.8947368421052632,3.0,1.0789473684210527
1,2015-01-30 03:20:44,2015-01-30 04:17:45,b4288d9c0ec0a1841b3b3728321e7088,japanese,1,1,3800.0,1,3000,3750,54.0,54.0,90.0,57.016666666666666,3,4,0,0.7071067811865475,0.7071067811865476,750,3800.0,1.0,0.9818181818181818,0.0,1.6363636363636365
4,2015-02-18 02:12:08,2015-02-18 03:12:09,dc5689792e08eb2e219dce49e64c885b,mediterranean,2,3,3897.0,3,990,1511,85.0,91.0,132.0,60.016666666666666,2,2,0,0.49999999999999994,0.8660254037844387,521,1299.0,1.0,1.058139534883721,0.0,1.5348837209302326
4,2015-02-09 01:17:38,2015-02-09 02:06:20,02e74f10e0327ad868d138f2b4fdd6f0,thai,2,3,2050.0,3,150,950,73.0,58.0,94.0,48.7,1,0,0,0.25881904510252074,0.9659258262890683,800,683.3333333333334,1.0,0.7837837837837838,15.0,1.2702702702702702
4,2015-02-14 01:37:10,2015-02-14 02:26:48,66808e327dc79d135ba18e051673d906,other,1,1,1902.0,1,1902,1902,102.0,97.0,172.0,49.63333333333333,1,5,1,0.25881904510252074,0.9659258262890683,0,1902.0,1.0,0.941747572815534,5.0,1.6699029126213591
4,2015-01-25 01:56:16,2015-01-25 02:44:28,d64a340bcb633f536d56e51874281454,italian,1,2,2500.0,2,1200,1200,60.0,77.0,86.0,48.2,1,6,1,0.25881904510252074,0.9659258262890683,0,1250.0,1.0,1.2622950819672132,0.0,1.4098360655737705
4,2015-02-15 23:50:34,2015-02-16 00:31:31,2c029952e202c0e560626a4c5980d64c,fast,4,11,1072.0,2,22,252,25.0,29.0,29.0,40.95,23,6,1,-0.25881904510252157,0.9659258262890681,230,97.45454545454545,5.5,1.1153846153846154,0.0,1.1153846153846154
6,2015-02-08 02:51:45,2015-02-08 03:23:00,42299f06ee419aa5d9d07798b56779e2,mediterranean,3,12,4925.0,5,250,625,37.0,34.0,41.0,31.25,2,6,1,0.49999999999999994,0.8660254037844387,375,410.4166666666667,2.4,0.8947368421052632,3.0,1.0789473684210527
2,2015-01-23 21:05:12,2015-01-23 22:26:12,941e1aaaba585b952b62c14a3a175a61,other,1,1,1400.0,1,1400,1400,26.0,29.0,46.0,81.0,21,4,0,-0.7071067811865477,0.7071067811865474,0,1400.0,1.0,1.0740740740740742,0.0,1.7037037037037037
4,2015-02-05 02:17:11,2015-02-05 03:17:07,4a308d84cdd04aa2015bbe13622d5d7c,fast,4,6,1424.0,4,129,299,99.0,98.0,176.0,59.93333333333333,2,3,0,0.49999999999999994,0.8660254037844387,170,237.33333333333334,1.5,0.98,1.0,1.76
5,2015-02-14 03:41:04,2015-02-14 04:34:00,8e200fc779d0a8e7eaba42e877f0a5c0,sandwich,2,2,2296.0,2,799,799,65.0,61.0,100.0,52.93333333333333,3,5,1,0.7071067811865475,0.7071067811865476,0,1148.0,1.0,0.9242424242424242,4.0,1.5151515151515151
2,2015-02-08 04:10:48,2015-02-08 04:59:32,757b505cfd34c64c85ca5b5690ee5293,american,3,1,869.0,1,869,869,93.0,100.0,157.0,48.733333333333334,4,6,1,0.8660254037844386,0.5000000000000001,0,869.0,1.0,1.0638297872340425,0.0,1.6702127659574468
5,2015-01-27 01:31:26,2015-01-27 02:21:54,a5bfc9e07964f8dddeb95fc584cd965d,chinese,4,3,3895.0,2,750,2395,56.0,110.0,58.0,50.46666666666667,1,1,0,0.25881904510252074,0.9659258262890683,1645,1298.3333333333333,1.5,1.9298245614035088,0.0,1.0175438596491229
2,2015-02-15 20:18:21,2015-02-15 20:46:40,41ae36ecb9b3eee609d05b90c14222fb,pizza,3,1,1299.0,1,1299,1299,41.0,38.0,46.0,28.316666666666666,20,6,1,-0.8660254037844386,0.5000000000000001,0,1299.0,1.0,0.9047619047619048,3.0,1.0952380952380953
1,2015-01-25 02:51:28,2015-01-25 03:47:06,29fdff891569187da8e5ed4f7a6ea4c8,american,1,3,2906.0,3,218,2170,21.0,10.0,31.0,55.63333333333333,2,6,1,0.49999999999999994,0.8660254037844387,1952,968.6666666666666,1.0,0.45454545454545453,11.0,1.4090909090909092
1,2015-01-31 17:05:47,2015-01-31 18:01:13,9ce3c52fc54362e22053399d3181c638,other,1,4,3250.0,3,375,1300,2.0,1.0,0.0,55.43333333333333,17,5,1,-0.9659258262890683,-0.25881904510252063,925,812.5,1.3333333333333333,0.3333333333333333,1.0,0.0
4,2015-01-25 02:18:06,2015-01-25 02:58:04,28dd2c7955ce926456240b2ff0100bde,japanese,2,5,3030.0,5,195,1195,103.0,130.0,127.0,39.96666666666667,2,6,1,0.49999999999999994,0.8660254037844387,1000,606.0,1.0,1.25,0.0,1.2211538461538463
4,2015-02-13 19:29:11,2015-02-13 20:08:57,e2494a7edccd9fc5418f59234d55eecf,pizza,3,2,3090.0,2,595,995,39.0,37.0,57.0,39.766666666666666,19,4,0,-0.9659258262890684,0.2588190451025203,400,1545.0,1.0,0.925,2.0,1.425
2,2015-02-03 05:51:41,2015-02-03 06:28:10,fe663a72b27bdc613873fbbb512f6f67,american,1,1,1358.0,1,1159,1159,24.0,23.0,30.0,36.483333333333334,5,1,0,0.9659258262890683,0.25881904510252074,0,1358.0,1.0,0.92,1.0,1.2
1,2015-02-13 23:15:34,2015-02-13 23:42:47,10a5ab2db37feedfdeaab192ead4ac0e,american,1,2,1700.0,1,850,850,16.0,14.0,12.0,27.216666666666665,23,4,0,-0.25881904510252157,0.9659258262890681,0,850.0,2.0,0.8235294117647058,2.0,0.7058823529411765
4,2015-01-30 01:23:23,2015-01-30 02:19:25,31857b449c407203749ae32dd0e7d64a,other,3,4,4300.0,3,950,1150,46.0,41.0,54.0,56.03333333333333,1,4,0,0.25881904510252074,0.9659258262890683,200,1075.0,1.3333333333333333,0.8723404255319149,5.0,1.148936170212766
1,2015-02-03 01:42:34,2015-02-03 02:39:34,5487315b1286f907165907aa8fc96619,italian,3,2,2040.0,2,745,1195,27.0,28.0,48.0,57.0,1,1,0,0.25881904510252074,0.9659258262890683,450,1020.0,1.0,1.0,0.0,1.7142857142857142
1,2015-02-12 15:20:45,2015-02-12 16:27:38,bb2825b78d37fef9ecabb1b91a8a6b88,other,4,8,3408.0,5,164,579,3.0,3.0,0.0,66.88333333333334,15,3,0,-0.7071067811865471,-0.7071067811865479,415,426.0,1.6,0.75,0.0,0.0
2,2015-02-04 19:13:20,2015-02-04 19:58:12,d0741765bc4b0480823a98cf49ed061a,mediterranean,5,1,1754.0,1,1327,1406,27.0,23.0,32.0,44.86666666666667,19,2,0,-0.9659258262890684,0.2588190451025203,79,1754.0,1.0,0.8214285714285714,4.0,1.1428571428571428
3,2015-02-02 03:28:20,2015-02-02 04:57:03,38181d991caac98be8fb2ecb8bd0f166,american,5,1,1319.0,1,1089,1089,27.0,28.0,75.0,88.71666666666667,3,0,0,0.7071067811865475,0.7071067811865476,0,1319.0,1.0,1.0,0.0,2.6785714285714284
6,2015-02-17 21:32:47,2015-02-17 22:11:21,f94215585a022843cdb2260dd0055694,vietnamese,4,1,1197.0,1,849,849,37.0,34.0,41.0,38.56666666666667,21,1,0,-0.7071067811865477,0.7071067811865474,0,1197.0,1.0,0.8947368421052632,3.0,1.0789473684210527
2,2015-02-07 02:13:27,2015-02-07 03:08:59,3def184ad8f4755ff269862ea77393dd,other,1,4,3295.0,4,250,1475,142.0,108.0,189.0,55.53333333333333,2,5,1,0.49999999999999994,0.8660254037844387,1225,823.75,1.0,0.7552447552447552,34.0,1.3216783216783217
4,2015-02-17 02:54:26,2015-02-17 04:15:20,7985672db979303a6c765f40915b3d30,thai,2,3,2058.0,3,105,1279,24.0,24.0,29.0,80.9,2,1,0,0.49999999999999994,0.8660254037844387,1174,686.0,1.0,0.96,0.0,1.16
1,2015-02-01 01:25:44,2015-02-01 01:59:11,d827f12e35eae370ba9c65b7f6026695,italian,5,5,7100.0,5,600,2100,33.0,32.0,45.0,33.45,1,6,1,0.25881904510252074,0.9659258262890683,1500,1420.0,1.0,0.9411764705882353,1.0,1.3235294117647058
5,2015-01-27 23:12:36,2015-01-28 00:58:39,325eaeac5bef34937cfdc1bd73034d17,other,4,4,4593.0,4,249,1599,5.0,4.0,4.0,106.05,23,1,0,-0.25881904510252157,0.9659258262890681,1350,1148.25,1.0,0.6666666666666666,1.0,0.6666666666666666
5,2015-01-30 02:20:56,2015-01-30 02:58:35,4011b4f479762db72d1fd2c007c57532,unknown,2,3,2595.0,3,600,1000,20.0,8.0,16.0,37.65,2,4,0,0.49999999999999994,0.8660254037844387,400,865.0,1.0,0.38095238095238093,12.0,0.7619047619047619
6,2015-02-06 01:25:48,2015-02-06 01:56:40,48b02d6fbfb23c6011d5e88834a5ef45,fast,4,2,1022.0,1,511,511,37.0,34.0,41.0,30.866666666666667,1,4,0,0.25881904510252074,0.9659258262890683,0,511.0,2.0,0.8947368421052632,3.0,1.0789473684210527
2,2015-02-13 22:52:28,2015-02-13 23:27:32,6896521bf2c62949dbdfa65176cc45f9,burger,3,4,2207.0,4,320,779,32.0,28.0,32.0,35.06666666666667,22,4,0,-0.5000000000000004,0.8660254037844384,459,551.75,1.0,0.8484848484848485,4.0,0.9696969696969697
1,2015-01-23 04:35:37,2015-01-23 05:21:19,310cc7ca5a76a446f85c1a0d641ba96d,pizza,3,1,1599.0,1,1399,1399,21.0,17.0,19.0,45.7,4,4,0,0.8660254037844386,0.5000000000000001,0,1599.0,1.0,0.7727272727272727,4.0,0.8636363636363636
2,2015-02-18 01:58:30,2015-02-18 02:46:40,c56a022b15250525f8b9bdfc41a13152,mexican,2,9,3905.0,8,175,745,92.0,83.0,118.0,48.166666666666664,1,2,0,0.25881904510252074,0.9659258262890683,570,433.8888888888889,1.125,0.8924731182795699,9.0,1.2688172043010753
1,2015-02-06 00:04:27,2015-02-06 00:51:50,912d2b1c7b2826caf99687388d2e8f7c,pizza,5,2,1748.0,2,649,1099,17.0,17.0,17.0,47.38333333333333,0,4,0,0.0,1.0,450,874.0,1.0,0.9444444444444444,0.0,0.9444444444444444
2,2015-02-14 16:50:21,2015-02-14 17:50:20,faacbcd5bf1d018912c116bf2783e9a1,mexican,5,4,2756.0,3,449,799,16.0,16.0,24.0,59.983333333333334,16,5,1,-0.8660254037844384,-0.5000000000000004,350,689.0,1.3333333333333333,0.9411764705882353,0.0,1.411764705882353
2,2015-02-17 22:09:55,2015-02-17 22:43:28,fa393b662023edc37bd15563ac2c2167,sandwich,3,2,804.0,2,159,595,16.0,16.0,13.0,33.55,22,1,0,-0.5000000000000004,0.8660254037844384,436,402.0,1.0,0.9411764705882353,0.0,0.7647058823529411
2,2015-02-08 02:25:46,2015-02-08 03:05:32,757b505cfd34c64c85ca5b5690ee5293,american,3,1,869.0,1,869,869,132.0,99.0,177.0,39.766666666666666,2,6,1,0.49999999999999994,0.8660254037844387,0,869.0,1.0,0.7443609022556391,33.0,1.330827067669173
2,2015-02-07 22:31:07,2015-02-07 23:33:53,d43ab110ab2489d6b9b2caa394bf920f,mexican,5,1,1499.0,1,799,799,56.0,52.0,63.0,62.766666666666666,22,5,1,-0.5000000000000004,0.8660254037844384,0,1499.0,1.0,0.9122807017543859,4.0,1.105263157894737
6,2015-02-02 03:41:39,2015-02-02 04:37:41,a70dc40477bc2adceef4d2c90f47eb82,mexican,3,2,1575.0,2,625,950,37.0,34.0,41.0,56.03333333333333,3,0,0,0.7071067811865475,0.7071067811865476,325,787.5,1.0,0.8947368421052632,3.0,1.0789473684210527
1,2015-01-28 04:32:29,2015-01-28 05:00:12,31fb220526c09d18bf9cfaff20bcba4e,greek,5,3,2897.0,2,699,1099,25.0,19.0,19.0,27.716666666666665,4,2,0,0.8660254037844386,0.5000000000000001,400,965.6666666666666,1.5,0.7307692307692307,6.0,0.7307692307692307
6,2015-02-12 19:36:09,2015-02-12 20:13:05,b77670e4a9c8e282811958dcea1493a1,mediterranean,2,1,700.0,1,700,700,37.0,34.0,41.0,36.93333333333333,19,3,0,-0.9659258262890684,0.2588190451025203,0,700.0,1.0,0.8947368421052632,3.0,1.0789473684210527
1,2015-02-06 21:19:16,2015-02-06 21:47:56,29921001f2f04bd3baee84a12e98098f,thai,5,6,4915.0,5,175,1050,24.0,28.0,34.0,28.666666666666668,21,4,0,-0.7071067811865477,0.7071067811865474,875,819.1666666666666,1.2,1.12,0.0,1.36
4,2015-02-01 05:29:27,2015-02-01 06:21:57,74db120f0a8e5646ef5a30154e9f6deb,indian,3,2,3590.0,2,1695,1895,42.0,38.0,45.0,52.5,5,6,1,0.9659258262890683,0.25881904510252074,200,1795.0,1.0,0.8837209302325582,4.0,1.0465116279069768
1,2015-02-18 04:13:41,2015-02-18 05:16:23,39a9398fdcb443d90baa6e132b414b1b,thai,5,7,3543.0,7,199,999,41.0,40.0,50.0,62.7,4,2,0,0.8660254037844386,0.5000000000000001,800,506.14285714285717,1.0,0.9523809523809523,1.0,1.1904761904761905
1,2015-01-27 21:29:19,2015-01-27 22:27:00,147ebe637038ca50a1265abac8dea181,american,1,6,3787.0,4,89,1220,17.0,16.0,22.0,57.68333333333333,21,1,0,-0.7071067811865477,0.7071067811865474,1131,631.1666666666666,1.5,0.8888888888888888,1.0,1.2222222222222223
2,2015-02-13 03:43:14,2015-02-13 04:20:18,2a34abd6ebbd7fcf5a4421229c946c0a,other,3,1,2087.0,1,1319,1222,140.0,117.0,166.0,37.06666666666667,3,4,0,0.7071067811865475,0.7071067811865476,-97,2087.0,1.0,0.8297872340425532,23.0,1.177304964539007
4,2015-02-07 01:31:34,2015-02-07 02:14:02,979d472a84804b9f647bc185a877a8b5,mediterranean,2,1,1495.0,1,1495,1495,109.0,102.0,170.0,42.46666666666667,1,5,1,0.25881904510252074,0.9659258262890683,0,1495.0,1.0,0.9272727272727272,7.0,1.5454545454545454
3,2015-01-22 19:40:06,2015-01-22 20:31:34,9f564fef13bb8a7f9faa5f9071e4e045,sandwich,2,1,1000.0,1,925,925,11.0,11.0,11.0,51.46666666666667,19,3,0,-0.9659258262890684,0.2588190451025203,0,1000.0,1.0,0.9166666666666666,0.0,0.9166666666666666
3,2015-01-29 02:48:14,2015-01-29 03:31:24,f076073b2082f8741a9cd07b789c77a0,italian,2,5,5200.0,5,800,1400,45.0,44.0,44.0,43.166666666666664,2,3,0,0.49999999999999994,0.8660254037844387,600,1040.0,1.0,0.9565217391304348,1.0,0.9565217391304348
3,2015-02-14 02:55:03,2015-02-14 03:52:06,8b910e56415eb6bd1037b46e6e619c58,pizza,5,3,3320.0,3,550,1400,12.0,12.0,10.0,57.05,2,5,1,0.49999999999999994,0.8660254037844387,850,1106.6666666666667,1.0,0.9230769230769231,0.0,0.7692307692307693
4,2015-02-14 03:16:07,2015-02-14 04:28:16,67f7fb873eaf29526a11a9b7ac33bfac,other,3,4,4150.0,4,200,1600,126.0,122.0,202.0,72.15,3,5,1,0.7071067811865475,0.7071067811865476,1400,1037.5,1.0,0.9606299212598425,4.0,1.5905511811023623
2,2015-02-03 21:44:11,2015-02-03 22:10:08,435d6ab1ba16ba7e05e09d9728bc36ca,sandwich,3,1,899.0,1,899,899,33.0,39.0,56.0,25.95,21,1,0,-0.7071067811865477,0.7071067811865474,0,899.0,1.0,1.1470588235294117,0.0,1.6470588235294117
2,2015-02-09 04:40:35,2015-02-09 05:55:16,b13b768ca3df456b8a0423880c3b239b,pizza,3,1,3664.0,1,3000,3374,78.0,69.0,70.0,74.68333333333334,4,0,0,0.8660254037844386,0.5000000000000001,374,3664.0,1.0,0.8734177215189873,9.0,0.8860759493670886
4,2015-02-18 02:40:13,2015-02-18 03:51:17,dc5689792e08eb2e219dce49e64c885b,mediterranean,2,1,1150.0,1,1150,1150,85.0,74.0,156.0,71.06666666666666,2,2,0,0.49999999999999994,0.8660254037844387,0,1150.0,1.0,0.8604651162790697,11.0,1.813953488372093
3,2015-01-23 20:46:46,2015-01-23 21:13:39,b3d299cba3d27f7e8bb7818c4b421f9d,sandwich,2,2,2090.0,1,1045,1045,29.0,24.0,26.0,26.883333333333333,20,4,0,-0.8660254037844386,0.5000000000000001,0,1045.0,2.0,0.8,5.0,0.8666666666666667
4,2015-02-07 21:35:54,2015-02-07 22:02:57,a95aa4e62b22c9bc5bca4e83cadfaa82,vietnamese,1,3,2475.0,3,175,1250,8.0,7.0,12.0,27.05,21,5,1,-0.7071067811865477,0.7071067811865474,1075,825.0,1.0,0.7777777777777778,1.0,1.3333333333333333
5,2015-01-31 23:45:08,2015-02-01 00:14:35,62cd381bcb4bf2191c555395945e4c09,mediterranean,3,1,995.0,1,995,995,9.0,8.0,8.0,29.45,23,5,1,-0.25881904510252157,0.9659258262890681,0,995.0,1.0,0.8,1.0,0.8
2,2015-01-28 03:58:25,2015-01-28 04:30:02,d947bf06a885db0d477d707121934ff8,other,5,3,2475.0,3,275,1550,55.0,50.0,67.0,31.616666666666667,3,2,0,0.7071067811865475,0.7071067811865476,1275,825.0,1.0,0.8928571428571429,5.0,1.1964285714285714
2,2015-02-14 05:19:15,2015-02-14 05:55:28,801a089759389ea9fa5f77ecc339f4be,italian,1,1,1325.0,1,1325,1325,25.0,25.0,56.0,36.21666666666667,5,5,1,0.9659258262890683,0.25881904510252074,0,1325.0,1.0,0.9615384615384616,0.0,2.1538461538461537
4,2015-01-25 04:28:44,2015-01-25 04:59:20,1a3650aedfdd3a21444047ed2d89458f,dessert,2,1,900.0,1,900,900,86.0,127.0,104.0,30.6,4,6,1,0.8660254037844386,0.5000000000000001,0,900.0,1.0,1.4597701149425288,0.0,1.1954022988505748
3,2015-01-28 01:02:16,2015-01-28 01:34:40,d0bb8259d8fe3c7df4554dab9d7da3c9,salad,5,1,1445.0,1,995,995,19.0,14.0,13.0,32.4,1,2,0,0.25881904510252074,0.9659258262890683,0,1445.0,1.0,0.7,5.0,0.65
5,2015-02-02 23:49:51,2015-02-03 00:25:55,d3481ae553dc4bb6b970b151fbc0ec59,fast,4,4,1030.0,3,145,400,7.0,6.0,8.0,36.06666666666667,23,0,0,-0.25881904510252157,0.9659258262890681,255,257.5,1.3333333333333333,0.75,1.0,1.0
6,2015-01-24 02:25:52,2015-01-24 03:08:18,efbc40ba0c00c0a446abfd9ffc8b1e6b,japanese,3,5,4065.0,4,475,1295,37.0,34.0,41.0,42.43333333333333,2,5,1,0.49999999999999994,0.8660254037844387,820,813.0,1.25,0.8947368421052632,3.0,1.0789473684210527
2,2015-02-08 02:32:20,2015-02-08 04:01:04,0d73a25092e5c1c9769a9f3255caa65a,dessert,4,4,5517.0,4,995,1795,135.0,106.0,189.0,88.73333333333333,2,6,1,0.49999999999999994,0.8660254037844387,800,1379.25,1.0,0.7794117647058824,29.0,1.3897058823529411
4,2015-02-14 19:26:32,2015-02-14 20:20:46,ec8ce6abb3e952a85b8551ba726a1227,other,4,3,4097.0,3,1299,1499,40.0,37.0,47.0,54.233333333333334,19,5,1,-0.9659258262890684,0.2588190451025203,200,1365.6666666666667,1.0,0.9024390243902439,3.0,1.146341463414634
4,2015-01-30 02:08:38,2015-01-30 02:57:12,d0cbf1a1aa1726784df15a81ead214f7,greek,5,3,4396.0,3,1099,1699,119.0,111.0,181.0,48.56666666666667,2,4,0,0.49999999999999994,0.8660254037844387,600,1465.3333333333333,1.0,0.925,8.0,1.5083333333333333
2,2015-02-14 05:19:00,2015-02-14 06:08:09,8deb8d1dd92840f975b6931ab3a3c61e,breakfast,1,2,2058.0,2,999,1059,39.0,39.0,66.0,49.15,5,5,1,0.9659258262890683,0.25881904510252074,60,1029.0,1.0,0.975,0.0,1.65
1,2015-02-07 03:21:38,2015-02-07 04:31:12,2d13d901966a8eaa7f9c943eba6a540b,japanese,1,7,8078.0,7,687,2258,13.0,15.0,32.0,69.56666666666666,3,5,1,0.7071067811865475,0.7071067811865476,1571,1154.0,1.0,1.0714285714285714,0.0,2.2857142857142856
2,2015-01-28 19:39:48,2015-01-28 20:19:58,c7e1249ffc03eb9ded908c236bd1996d,other,5,7,7300.0,7,700,1200,60.0,58.0,74.0,40.166666666666664,19,2,0,-0.9659258262890684,0.2588190451025203,500,1042.857142857143,1.0,0.9508196721311475,2.0,1.2131147540983607
2,2015-02-02 21:10:43,2015-02-02 21:39:14,faacbcd5bf1d018912c116bf2783e9a1,mexican,5,1,649.0,1,649,649,45.0,49.0,69.0,28.516666666666666,21,0,0,-0.7071067811865477,0.7071067811865474,0,649.0,1.0,1.065217391304348,0.0,1.5
1,2015-01-25 02:37:40,2015-01-25 04:08:43,50abc3e730e36b387ca8e02c26dc0a22,japanese,1,2,5050.0,2,1250,3750,26.0,26.0,40.0,91.05,2,6,1,0.49999999999999994,0.8660254037844387,2500,2525.0,1.0,0.9629629629629629,0.0,1.4814814814814814
4,2015-02-07 02:41:32,2015-02-07 03:28:25,d6baf65e0b240ce177cf70da146c8dc8,vietnamese,2,2,1970.0,2,795,975,131.0,126.0,184.0,46.88333333333333,2,5,1,0.49999999999999994,0.8660254037844387,180,985.0,1.0,0.9545454545454546,5.0,1.393939393939394
1,2015-01-25 04:30:31,2015-01-25 05:19:05,a822554e5403b1d370db84cfbc530503,american,1,6,5325.0,6,749,1389,62.0,50.0,49.0,48.56666666666667,4,6,1,0.8660254037844386,0.5000000000000001,640,887.5,1.0,0.7936507936507936,12.0,0.7777777777777778
1,2015-01-23 05:44:12,2015-01-23 06:41:27,653c579e3f9ba5c03f2f2f8cf4512b39,mexican,1,1,949.0,1,750,750,2.0,2.0,2.0,57.25,5,4,0,0.9659258262890683,0.25881904510252074,0,949.0,1.0,0.6666666666666666,0.0,0.6666666666666666
2,2015-01-28 19:59:27,2015-01-28 20:39:39,aab3238922bcc25a6f606eb525ffdc56,other,1,2,2145.0,2,1050,1095,83.0,79.0,140.0,40.2,19,2,0,-0.9659258262890684,0.2588190451025203,45,1072.5,1.0,0.9404761904761905,4.0,1.6666666666666667
2,2015-02-05 02:15:20,2015-02-05 03:07:56,46ba9f2a6976570b0353203ec4474217,italian,3,4,4090.0,4,550,1295,87.0,73.0,113.0,52.6,2,3,0,0.49999999999999994,0.8660254037844387,745,1022.5,1.0,0.8295454545454546,14.0,1.2840909090909092
6,2015-02-03 02:39:05,2015-02-03 03:34:06,123b7f02433572a0a560e620311a469c,sandwich,3,4,3875.0,2,750,1350,37.0,34.0,41.0,55.016666666666666,2,1,0,0.49999999999999994,0.8660254037844387,600,968.75,2.0,0.8947368421052632,3.0,1.0789473684210527
2,2015-02-10 02:28:29,2015-02-10 03:22:19,577bcc914f9e55d5e4e4f82f9f00e7d4,chinese,3,3,4735.0,3,650,3190,75.0,69.0,103.0,53.833333333333336,2,1,0,0.49999999999999994,0.8660254037844387,2540,1578.3333333333333,1.0,0.9078947368421053,6.0,1.355263157894737
4,2015-02-12 01:28:29,2015-02-12 02:12:55,298f95e1bf9136124592c8d4825a06fc,pizza,1,2,3088.0,2,1389,1699,52.0,42.0,47.0,44.43333333333333,1,3,0,0.25881904510252074,0.9659258262890683,310,1544.0,1.0,0.7924528301886793,10.0,0.8867924528301887
1,2015-02-18 03:34:49,2015-02-18 03:56:45,e3019767b1b23f82883c9850356b71d6,pizza,1,1,1075.0,1,925,925,12.0,12.0,14.0,21.933333333333334,3,2,0,0.7071067811865475,0.7071067811865476,0,1075.0,1.0,0.9230769230769231,0.0,1.0769230769230769
4,2015-02-13 02:49:06,2015-02-13 03:55:09,5fe6b849fbf264bf68e4602074f10809,unknown,1,3,2485.0,3,795,895,10.0,10.0,14.0,66.05,2,4,0,0.49999999999999994,0.8660254037844387,100,828.3333333333334,1.0,0.9090909090909091,0.0,1.2727272727272727
3,2015-02-05 20:04:11,2015-02-05 20:38:40,237168031d88451c78fd8d6d6378c0b2,pizza,1,4,4526.0,4,499,1379,25.0,20.0,17.0,34.483333333333334,20,3,0,-0.8660254037844386,0.5000000000000001,880,1131.5,1.0,0.7692307692307693,5.0,0.6538461538461539
5,2015-02-02 22:02:54,2015-02-02 23:26:42,aecad42329922dfc97eee948606e1f8e,sandwich,1,2,958.0,2,199,759,21.0,22.0,35.0,83.8,22,0,0,-0.5000000000000004,0.8660254037844384,560,479.0,1.0,1.0,0.0,1.5909090909090908
3,2015-01-27 03:56:32,2015-01-27 04:39:32,87ae6fb631f7c8a627e8e28785d9992d,american,1,4,5555.0,3,1050,1625,37.0,34.0,41.0,43.0,3,1,0,0.7071067811865475,0.7071067811865476,575,1388.75,1.3333333333333333,0.8947368421052632,3.0,1.0789473684210527
3,2015-02-12 01:22:27,2015-02-12 01:49:54,4e2a6330465c8ffcaa696a5a16639176,chinese,3,3,2400.0,3,150,1125,32.0,23.0,24.0,27.45,1,3,0,0.25881904510252074,0.9659258262890683,975,800.0,1.0,0.696969696969697,9.0,0.7272727272727273
1,2015-02-15 03:52:17,2015-02-15 05:21:13,266e3c74976fe48b49c4833f6c9f0d33,chinese,2,6,2430.0,5,160,600,12.0,11.0,21.0,88.93333333333334,3,6,1,0.7071067811865475,0.7071067811865476,440,405.0,1.2,0.8461538461538461,1.0,1.6153846153846154
2,2015-02-14 01:40:38,2015-02-14 02:52:02,5d78d182fd5f5510588695863d22ac27,chinese,1,5,3350.0,5,550,750,130.0,98.0,137.0,71.4,1,5,1,0.25881904510252074,0.9659258262890683,200,670.0,1.0,0.7480916030534351,32.0,1.0458015267175573
5,2015-02-02 05:02:03,2015-02-02 05:37:42,d3c95acb3f4a091abb1fdc056dc68c1c,vietnamese,1,2,1587.0,2,599,839,19.0,17.0,38.0,35.65,5,0,0,0.9659258262890683,0.25881904510252074,240,793.5,1.0,0.85,2.0,1.9
3,2015-02-08 22:35:16,2015-02-08 23:17:35,05128e44e27c36bdba71221bfccf735d,japanese,1,1,1579.0,1,1179,1179,15.0,16.0,17.0,42.31666666666667,22,6,1,-0.5000000000000004,0.8660254037844384,0,1579.0,1.0,1.0,0.0,1.0625
4,2015-02-04 17:22:51,2015-02-04 17:51:19,0070d23b06b1486a538c0eaa45dd167a,breakfast,1,1,1117.0,1,1117,1117,9.0,5.0,6.0,28.466666666666665,17,2,0,-0.9659258262890683,-0.25881904510252063,0,1117.0,1.0,0.5,4.0,0.6
4,2015-01-23 04:38:05,2015-01-23 05:12:21,2d1b2a5ff364606ff041650887723470,italian,3,3,3720.0,3,800,1695,28.0,33.0,32.0,34.266666666666666,4,4,0,0.8660254037844386,0.5000000000000001,895,1240.0,1.0,1.1379310344827587,0.0,1.103448275862069
2,2015-01-24 04:28:48,2015-01-24 05:31:10,908c9a564a86426585b29f5335b619bc,other,1,2,3980.0,2,1695,1695,25.0,28.0,64.0,62.36666666666667,4,5,1,0.8660254037844386,0.5000000000000001,0,1990.0,1.0,1.0769230769230769,0.0,2.4615384615384617
1,2015-02-03 17:58:16,2015-02-03 18:32:57,93db85ed909c13838ff95ccfa94cebd9,mediterranean,2,2,1016.0,2,170,846,11.0,8.0,8.0,34.68333333333333,17,1,0,-0.9659258262890683,-0.25881904510252063,676,508.0,1.0,0.6666666666666666,3.0,0.6666666666666666
2,2015-02-07 05:14:05,2015-02-07 06:04:37,149e9677a5989fd342ae44213df68868,dessert,1,2,3490.0,2,1495,1895,22.0,30.0,40.0,50.53333333333333,5,5,1,0.9659258262890683,0.25881904510252074,400,1745.0,1.0,1.3043478260869565,0.0,1.7391304347826086
2,2015-02-13 01:48:52,2015-02-13 02:23:31,a42a596fc71e17828440030074d15e74,chinese,3,2,2518.0,2,699,1559,117.0,77.0,118.0,34.65,1,4,0,0.25881904510252074,0.9659258262890683,860,1259.0,1.0,0.652542372881356,40.0,1.0
1,2015-01-30 02:38:48,2015-01-30 03:19:38,eddb904a6db773755d2857aacadb1cb0,mexican,3,2,3300.0,1,1600,1600,51.0,53.0,69.0,40.833333333333336,2,4,0,0.49999999999999994,0.8660254037844387,0,1650.0,2.0,1.0192307692307692,0.0,1.3269230769230769
4,2015-02-09 01:51:21,2015-02-09 02:39:50,6e2eec9ca19c076736d19ac5426473af,pizza,3,5,3495.0,3,549,1099,91.0,60.0,134.0,48.483333333333334,1,0,0,0.25881904510252074,0.9659258262890683,550,699.0,1.6666666666666667,0.6521739130434783,31.0,1.4565217391304348
3,2015-02-04 02:04:47,2015-02-04 03:01:58,09b69adcd7cbae914c6204984097d2da,italian,1,4,5080.0,4,995,1795,35.0,35.0,38.0,57.18333333333333,2,2,0,0.49999999999999994,0.8660254037844387,800,1270.0,1.0,0.9722222222222222,0.0,1.0555555555555556
5,2015-02-13 03:36:06,2015-02-13 04:35:46,32012097fe8ac018cf0586ee96bb9227,burger,4,12,6778.0,6,409,729,36.0,24.0,32.0,59.666666666666664,3,4,0,0.7071067811865475,0.7071067811865476,320,564.8333333333334,2.0,0.6486486486486487,12.0,0.8648648648648649
2,2015-02-13 01:42:50,2015-02-13 02:23:20,cfc5d9422f0c8f8ad796711102dbe32b,american,1,4,2016.0,4,129,819,62.0,58.0,78.0,40.5,1,4,0,0.25881904510252074,0.9659258262890683,690,504.0,1.0,0.9206349206349206,4.0,1.2380952380952381
1,2015-02-18 03:23:41,2015-02-18 03:51:39,032dd17b77fab7d51a476c5ff2b5659c,chinese,4,7,5208.0,5,190,1200,54.0,53.0,67.0,27.966666666666665,3,2,0,0.7071067811865475,0.7071067811865476,1010,744.0,1.4,0.9636363636363636,1.0,1.2181818181818183
6,2015-02-11 23:33:19,2015-02-12 00:06:37,3d4893419e57449fb290647149f738d4,mediterranean,3,7,3490.0,4,75,1350,37.0,34.0,41.0,33.3,23,2,0,-0.25881904510252157,0.9659258262890681,1275,498.57142857142856,1.75,0.8947368421052632,3.0,1.0789473684210527
6,2015-02-11 00:17:44,2015-02-11 00:57:31,a08b088d8a1818286c3641bb88a36ca9,burger,2,3,2150.0,3,250,850,37.0,34.0,41.0,39.78333333333333,0,2,0,0.0,1.0,600,716.6666666666666,1.0,0.8947368421052632,3.0,1.0789473684210527
5,2015-01-29 00:57:03,2015-01-29 02:07:09,cc9b3c69b56df284846bf2432f1cba90,unknown,1,1,2900.0,1,755,755,9.0,6.0,6.0,70.1,0,3,0,0.0,1.0,0,2900.0,1.0,0.6,3.0,0.6
2,2015-02-15 16:39:57,2015-02-15 17:19:10,f15d337c70078947cfe1b5d6f0ed3f13,dessert,5,5,1805.0,4,150,850,20.0,18.0,21.0,39.21666666666667,16,6,1,-0.8660254037844384,-0.5000000000000004,700,361.0,1.25,0.8571428571428571,2.0,1.0
6,2015-01-30 04:23:14,2015-01-30 04:43:11,172ef5a94b4dd0aa120c6878fc29f70c,dessert,5,1,900.0,1,900,900,37.0,34.0,41.0,19.95,4,4,0,0.8660254037844386,0.5000000000000001,0,900.0,1.0,0.8947368421052632,3.0,1.0789473684210527
4,2015-01-29 02:39:05,2015-01-29 03:32:59,9a96876e2f8f3dc4f3cf45f02c61c0c1,breakfast,4,3,3685.0,3,995,1195,110.0,105.0,195.0,53.9,2,3,0,0.49999999999999994,0.8660254037844387,200,1228.3333333333333,1.0,0.9459459459459459,5.0,1.7567567567567568
1,2015-01-31 02:00:00,2015-01-31 02:49:19,95d309f0b035d97f69902e7972c2b2e6,pizza,5,4,4200.0,4,1000,1100,58.0,58.0,64.0,49.31666666666667,2,5,1,0.49999999999999994,0.8660254037844387,100,1050.0,1.0,0.9830508474576272,0.0,1.0847457627118644
2,2015-01-24 19:15:11,2015-01-24 19:49:38,48db71587df6c7c442e5b76cc723169a,other,3,5,2046.0,5,125,695,39.0,47.0,44.0,34.45,19,5,1,-0.9659258262890684,0.2588190451025203,570,409.2,1.0,1.175,0.0,1.1
5,2015-02-12 02:28:30,2015-02-12 03:21:27,32012097fe8ac018cf0586ee96bb9227,burger,4,6,2794.0,4,269,579,24.0,22.0,30.0,52.95,2,3,0,0.49999999999999994,0.8660254037844387,310,465.6666666666667,1.5,0.88,2.0,1.2
2,2015-02-07 23:18:45,2015-02-07 23:50:16,3c7781a36bcd6cf08c11a970fbe0e2a6,mexican,2,2,1178.0,2,349,829,24.0,23.0,29.0,31.516666666666666,23,5,1,-0.25881904510252157,0.9659258262890681,480,589.0,1.0,0.92,1.0,1.16
4,2015-02-14 00:05:06,2015-02-14 00:30:20,0a113ef6b61820daa5611c870ed8d5ee,mediterranean,2,1,750.0,1,695,695,19.0,11.0,13.0,25.233333333333334,0,5,1,0.0,1.0,0,750.0,1.0,0.55,8.0,0.65
4,2015-01-31 02:15:08,2015-01-31 03:19:16,03afdbd66e7929b125f8597834fa83a4,other,3,15,6495.0,4,400,495,101.0,73.0,198.0,64.13333333333334,2,5,1,0.49999999999999994,0.8660254037844387,95,433.0,3.75,0.7156862745098039,28.0,1.9411764705882353
1,2015-01-24 21:27:49,2015-01-24 22:28:43,5655cf23be4dda7082c8bb3a8d8f8016,american,1,2,2400.0,2,500,1300,30.0,23.0,26.0,60.9,21,5,1,-0.7071067811865477,0.7071067811865474,800,1200.0,1.0,0.7419354838709677,7.0,0.8387096774193549
2,2015-01-24 02:39:29,2015-01-24 03:29:41,115f89503138416a242f40fb7d7f338e,other,3,4,3680.0,4,295,1595,131.0,125.0,210.0,50.2,2,5,1,0.49999999999999994,0.8660254037844387,1300,920.0,1.0,0.946969696969697,6.0,1.5909090909090908
2,2015-01-25 04:17:33,2015-01-25 05:08:12,816b112c6105b3ebd537828a39af4818,mexican,1,2,2070.0,2,1030,1040,58.0,89.0,91.0,50.65,4,6,1,0.8660254037844386,0.5000000000000001,10,1035.0,1.0,1.5084745762711864,0.0,1.5423728813559323
3,2015-02-05 00:12:52,2015-02-05 01:09:09,1686c5ec96f728148f941ab2b0f2cc35,pizza,1,1,1736.0,1,1722,1818,9.0,1.0,9.0,56.28333333333333,0,3,0,0.0,1.0,96,1736.0,1.0,0.1,8.0,0.9
4,2015-01-26 02:46:46,2015-01-26 03:27:07,02e74f10e0327ad868d138f2b4fdd6f0,thai,5,2,1970.0,2,895,925,71.0,97.0,92.0,40.35,2,0,0,0.49999999999999994,0.8660254037844387,30,985.0,1.0,1.3472222222222223,0.0,1.2777777777777777
4,2015-02-18 02:19:11,2015-02-18 02:55:36,060ad92489947d410d897474079c1477,other,3,2,1990.0,2,995,995,83.0,78.0,130.0,36.416666666666664,2,2,0,0.49999999999999994,0.8660254037844387,0,995.0,1.0,0.9285714285714286,5.0,1.5476190476190477
2,2015-02-03 01:41:55,2015-02-03 02:08:50,f48c04ffab49ff0e5d1176244fdfb65c,seafood,2,3,1693.0,2,249,1195,73.0,72.0,121.0,26.916666666666668,1,1,0,0.25881904510252074,0.9659258262890683,946,564.3333333333334,1.5,0.972972972972973,1.0,1.635135135135135
4,2015-02-18 02:39:10,2015-02-18 03:41:22,2b38c2df6a49b97f706ec9148ce48d86,dessert,1,3,3555.0,3,865,1495,67.0,43.0,58.0,62.2,2,2,0,0.49999999999999994,0.8660254037844387,630,1185.0,1.0,0.6323529411764706,24.0,0.8529411764705882
2,2015-01-28 03:10:00,2015-01-28 04:07:26,d947bf06a885db0d477d707121934ff8,other,5,3,1350.0,3,350,550,76.0,56.0,87.0,57.43333333333333,3,2,0,0.7071067811865475,0.7071067811865476,200,450.0,1.0,0.7272727272727273,20.0,1.12987012987013
5,2015-01-25 03:30:49,2015-01-25 04:36:51,30d0da315d9888b7d7df6dfcb59d40e8,pizza,2,4,4045.0,4,410,1750,12.0,16.0,21.0,66.03333333333333,3,6,1,0.7071067811865475,0.7071067811865476,1340,1011.25,1.0,1.2307692307692308,0.0,1.6153846153846154
4,2015-02-10 21:51:30,2015-02-10 22:18:10,e165421110ba03099a1c0393373c5b43,burger,5,3,2367.0,3,629,709,28.0,20.0,23.0,26.666666666666668,21,1,0,-0.7071067811865477,0.7071067811865474,80,789.0,1.0,0.6896551724137931,8.0,0.7931034482758621
2,2015-02-14 00:08:01,2015-02-14 00:45:58,e3796ae838835da0b6f6ea37bcf8bcb7,other,1,1,1595.0,1,1595,1595,27.0,18.0,19.0,37.95,0,5,1,0.0,1.0,0,1595.0,1.0,0.6428571428571429,9.0,0.6785714285714286
5,2015-02-11 19:48:02,2015-02-11 21:17:42,9d27fdf2477ffbff837d73ef7ae23db9,japanese,4,3,1650.0,3,450,1100,23.0,20.0,20.0,89.66666666666667,19,2,0,-0.9659258262890684,0.2588190451025203,650,550.0,1.0,0.8333333333333334,3.0,0.8333333333333334
4,2015-02-04 02:34:03,2015-02-04 03:10:07,979d472a84804b9f647bc185a877a8b5,mediterranean,2,2,2398.0,1,1199,1199,111.0,99.0,143.0,36.06666666666667,2,2,0,0.49999999999999994,0.8660254037844387,0,1199.0,2.0,0.8839285714285714,12.0,1.2767857142857142
5,2015-02-16 01:23:32,2015-02-16 02:04:49,4bf9cd0c47aeb311049c6f5bafd85269,chinese,1,2,1690.0,2,795,895,36.0,32.0,50.0,41.28333333333333,1,0,0,0.25881904510252074,0.9659258262890683,100,845.0,1.0,0.8648648648648649,4.0,1.3513513513513513
1,2015-01-30 19:44:29,2015-01-30 20:24:40,69dafe8b58066478aea48f3d0f384820,mexican,3,2,1845.0,2,295,1550,37.0,34.0,41.0,40.18333333333333,19,4,0,-0.9659258262890684,0.2588190451025203,1255,922.5,1.0,0.8947368421052632,3.0,1.0789473684210527
1,2015-02-08 00:56:36,2015-02-08 01:25:00,3e30c0a4a1617a0deacf755804b59a12,chinese,2,4,3090.0,1,710,710,5.0,2.0,1.0,28.4,0,6,1,0.0,1.0,0,772.5,4.0,0.3333333333333333,3.0,0.16666666666666666
6,2015-02-08 02:23:41,2015-02-08 03:09:28,dff8e9c2ac33381546d96deea9922999,thai,3,4,3845.0,4,250,1295,37.0,34.0,41.0,45.78333333333333,2,6,1,0.49999999999999994,0.8660254037844387,1045,961.25,1.0,0.8947368421052632,3.0,1.0789473684210527
2,2015-02-09 02:52:30,2015-02-09 03:43:37,577bcc914f9e55d5e4e4f82f9f00e7d4,chinese,3,4,3875.0,4,650,1250,118.0,103.0,166.0,51.11666666666667,2,0,0,0.49999999999999994,0.8660254037844387,600,968.75,1.0,0.865546218487395,15.0,1.3949579831932772
2,2015-01-28 01:16:56,2015-01-28 02:13:24,9c68bf8965e0692b91ef2f048cea8378,unknown,2,4,3900.0,3,600,1300,66.0,66.0,72.0,56.46666666666667,1,2,0,0.25881904510252074,0.9659258262890683,700,975.0,1.3333333333333333,0.9850746268656716,0.0,1.0746268656716418
2,2015-01-28 01:34:28,2015-01-28 02:06:10,e0ab531ec312161511493b002f9be2ee,thai,2,7,7400.0,4,250,1700,65.0,47.0,46.0,31.7,1,2,0,0.25881904510252074,0.9659258262890683,1450,1057.142857142857,1.75,0.7121212121212122,18.0,0.696969696969697
4,2015-02-07 00:11:31,2015-02-07 00:39:37,e165421110ba03099a1c0393373c5b43,burger,5,2,1408.0,2,629,729,27.0,28.0,45.0,28.1,0,5,1,0.0,1.0,100,704.0,1.0,1.0,0.0,1.6071428571428572
1,2015-02-17 00:44:22,2015-02-17 01:38:45,9232fe81225bcaef853ae32870a2b0fe,pizza,1,3,4600.0,3,900,1900,16.0,14.0,12.0,54.38333333333333,0,1,0,0.0,1.0,1000,1533.3333333333333,1.0,0.8235294117647058,2.0,0.7058823529411765
3,2015-02-17 02:52:27,2015-02-17 03:57:21,4c5a99856a3c634a5a3beae02520cdc2,seafood,1,5,2671.0,5,175,1099,20.0,20.0,22.0,64.9,2,1,0,0.49999999999999994,0.8660254037844387,924,534.2,1.0,0.9523809523809523,0.0,1.0476190476190477
2,2015-02-08 18:29:53,2015-02-08 19:01:00,4c144c47ecba6f8318128703ca9e2601,breakfast,2,2,1650.0,1,625,625,37.0,37.0,41.0,31.116666666666667,18,6,1,-1.0,-1.8369701987210297e-16,0,825.0,2.0,0.9736842105263158,0.0,1.0789473684210527
4,2015-02-16 02:40:12,2015-02-16 03:54:40,c20ad4d76fe97759aa27a0c99bff6710,vietnamese,5,3,1385.0,2,295,795,108.0,107.0,174.0,74.46666666666667,2,0,0,0.49999999999999994,0.8660254037844387,500,461.6666666666667,1.5,0.981651376146789,1.0,1.5963302752293578
5,2015-02-01 21:47:21,2015-02-01 22:31:44,5ea1649a31336092c05438df996a3e59,other,2,5,1535.0,3,99,334,18.0,17.0,16.0,44.38333333333333,21,6,1,-0.7071067811865477,0.7071067811865474,235,307.0,1.6666666666666667,0.8947368421052632,1.0,0.8421052631578947
3,2015-02-08 17:11:00,2015-02-08 18:39:37,850a40f2ba21fec8567a3769263d1c5c,breakfast,4,2,1600.0,2,750,850,1.0,1.0,0.0,88.61666666666666,17,6,1,-0.9659258262890683,-0.25881904510252063,100,800.0,1.0,0.5,0.0,0.0
3,2015-02-16 02:39:05,2015-02-16 03:36:19,ad7a56645fcfda9b3436271850604962,unknown,1,4,2550.0,4,460,900,9.0,9.0,8.0,57.233333333333334,2,0,0,0.49999999999999994,0.8660254037844387,440,637.5,1.0,0.9,0.0,0.8
2,2015-01-22 19:50:13,2015-01-22 20:29:35,3d3d286a8d153a4a58156d0e02d8570c,unknown,1,1,975.0,1,200,200,45.0,42.0,69.0,39.36666666666667,19,3,0,-0.9659258262890684,0.2588190451025203,0,975.0,1.0,0.9130434782608695,3.0,1.5
4,2015-02-08 00:38:28,2015-02-08 01:23:32,d6baf65e0b240ce177cf70da146c8dc8,vietnamese,2,4,3245.0,4,350,995,33.0,28.0,27.0,45.06666666666667,0,6,1,0.0,1.0,645,811.25,1.0,0.8235294117647058,5.0,0.7941176470588235
6,2015-02-17 19:34:02,2015-02-17 19:57:53,060ad92489947d410d897474079c1477,indian,2,1,1595.0,1,1595,1595,52.0,49.0,72.0,23.85,19,1,0,-0.9659258262890684,0.2588190451025203,0,1595.0,1.0,0.9245283018867925,3.0,1.3584905660377358
4,2015-02-10 02:03:36,2015-02-10 03:00:41,a5bfc9e07964f8dddeb95fc584cd965d,mexican,2,4,3280.0,4,295,1395,72.0,59.0,98.0,57.083333333333336,2,1,0,0.49999999999999994,0.8660254037844387,1100,820.0,1.0,0.8082191780821918,13.0,1.3424657534246576
1,2015-01-25 01:53:02,2015-01-25 02:36:04,b5dc4e5d9b495d0196f61d45b26ef33e,burger,2,7,7135.0,5,725,1195,0.0,0.0,0.0,43.03333333333333,1,6,1,0.25881904510252074,0.9659258262890683,470,1019.2857142857143,1.4,0.0,0.0,0.0
3,2015-01-26 01:52:50,2015-01-26 02:25:37,7eb532aef980c36170c0b4426f082b87,dessert,4,11,4125.0,3,375,375,45.0,44.0,47.0,32.78333333333333,1,0,0,0.25881904510252074,0.9659258262890683,0,375.0,3.6666666666666665,0.9565217391304348,1.0,1.0217391304347827
3,2015-01-25 21:41:50,2015-01-25 22:25:33,3047ee053d45323e65192012176a2a1c,burger,1,4,2376.0,3,459,879,3.0,3.0,4.0,43.71666666666667,21,6,1,-0.7071067811865477,0.7071067811865474,420,594.0,1.3333333333333333,0.75,0.0,1.0
4,2015-01-21 19:21:14,2015-01-21 20:10:01,3ef815416f775098fe977004015c6193,chinese,5,1,1295.0,1,1295,1295,66.0,64.0,132.0,48.78333333333333,19,2,0,-0.9659258262890684,0.2588190451025203,0,1295.0,1.0,0.9552238805970149,2.0,1.9701492537313432
6,2015-02-02 02:37:03,2015-02-02 03:38:28,0a3b6f64f0523984e51323fe53b8c504,unknown,1,3,2700.0,3,700,1300,37.0,34.0,41.0,61.416666666666664,2,0,0,0.49999999999999994,0.8660254037844387,600,900.0,1.0,0.8947368421052632,3.0,1.0789473684210527
2,2015-02-08 23:27:11,2015-02-08 23:58:06,f197002b9a0853eca5e046d9ca4663d5,other,3,3,2650.0,3,650,1050,67.0,54.0,55.0,30.916666666666668,23,6,1,-0.25881904510252157,0.9659258262890681,400,883.3333333333334,1.0,0.7941176470588235,13.0,0.8088235294117647
1,2015-01-29 20:06:40,2015-01-29 20:58:29,3b5e2c9be5002e87e0477099db5ff21b,american,1,2,2827.0,2,1269,1314,11.0,9.0,8.0,51.81666666666667,20,3,0,-0.8660254037844386,0.5000000000000001,45,1413.5,1.0,0.75,2.0,0.6666666666666666
2,2015-01-30 19:17:24,2015-01-30 19:56:39,db33fd3fae645e90637fd0d498958c41,other,3,5,4475.0,5,895,895,26.0,26.0,43.0,39.25,19,4,0,-0.9659258262890684,0.2588190451025203,0,895.0,1.0,0.9629629629629629,0.0,1.5925925925925926
4,2015-01-30 22:38:55,2015-01-30 23:07:00,892c91e0a653ba19df81a90f89d99bcd,chinese,1,2,1600.0,1,700,700,9.0,15.0,15.0,28.083333333333332,22,4,0,-0.5000000000000004,0.8660254037844384,0,800.0,2.0,1.5,0.0,1.5
2,2015-02-15 21:55:48,2015-02-15 22:41:11,b9cfe8b6042cf759dc4c0cccb27a6737,indian,1,4,2350.0,3,250,1050,71.0,67.0,89.0,45.38333333333333,21,6,1,-0.7071067811865477,0.7071067811865474,800,587.5,1.3333333333333333,0.9305555555555556,4.0,1.2361111111111112
4,2015-02-04 19:56:49,2015-02-04 21:14:56,0d0fd7c6e093f7b804fa0150b875b868,american,5,1,995.0,1,995,995,61.0,56.0,77.0,78.11666666666666,19,2,0,-0.9659258262890684,0.2588190451025203,0,995.0,1.0,0.9032258064516129,5.0,1.2419354838709677
2,2015-02-13 01:57:24,2015-02-13 02:51:19,b783acd4479bf1b8a981bb023b363043,american,1,1,3839.0,1,3000,3750,119.0,89.0,133.0,53.916666666666664,1,4,0,0.25881904510252074,0.9659258262890683,750,3839.0,1.0,0.7416666666666667,30.0,1.1083333333333334
1,2015-02-05 18:09:22,2015-02-05 18:34:16,c26820b8a4c1b3c2aa868d6d57e14a79,mexican,5,4,1925.0,4,100,900,2.0,2.0,3.0,24.9,18,3,0,-1.0,-1.8369701987210297e-16,800,481.25,1.0,0.6666666666666666,0.0,1.0
1,2015-01-25 01:03:08,2015-01-25 01:49:40,6be5336db2c119736cf48f475e051bfe,italian,5,3,4895.0,3,700,1800,17.0,19.0,27.0,46.53333333333333,1,6,1,0.25881904510252074,0.9659258262890683,1100,1631.6666666666667,1.0,1.0555555555555556,0.0,1.5
2,2015-01-22 19:35:14,2015-01-22 20:09:49,3ad7c2ebb96fcba7cda0cf54a2e802f5,other,5,1,850.0,1,850,850,37.0,35.0,50.0,34.583333333333336,19,3,0,-0.9659258262890684,0.2588190451025203,0,850.0,1.0,0.9210526315789473,2.0,1.3157894736842106
1,2015-02-14 23:09:08,2015-02-14 23:42:57,58e4d44e550d0f7ee0a23d6b02d9b0db,american,1,3,2950.0,3,600,1200,24.0,24.0,24.0,33.81666666666667,23,5,1,-0.25881904510252157,0.9659258262890681,600,983.3333333333334,1.0,0.96,0.0,0.96
1,2015-02-02 00:56:58,2015-02-02 02:17:31,a22d33b4a00c165507a61f3bed4b5149,japanese,6,1,1300.0,1,1100,1100,10.0,11.0,14.0,80.55,0,0,0,0.0,1.0,0,1300.0,1.0,1.0,0.0,1.2727272727272727
1,2015-02-07 21:30:12,2015-02-07 22:28:26,8722c8f495dcee23f39d5519735e1f71,other,5,1,1495.0,1,1495,1495,13.0,13.0,13.0,58.233333333333334,21,5,1,-0.7071067811865477,0.7071067811865474,0,1495.0,1.0,0.9285714285714286,0.0,0.9285714285714286
5,2015-02-13 04:07:51,2015-02-13 05:06:20,9cea886b9f44a3c2df1163730ab64994,pizza,5,1,2400.0,1,2000,2000,29.0,17.0,25.0,58.483333333333334,4,4,0,0.8660254037844386,0.5000000000000001,0,2400.0,1.0,0.5666666666666667,12.0,0.8333333333333334
4,2015-02-03 03:26:08,2015-02-03 04:11:18,5fd0b37cd7dbbb00f97ba6ce92bf5add,vietnamese,5,2,1270.0,2,395,875,77.0,78.0,143.0,45.166666666666664,3,1,0,0.7071067811865475,0.7071067811865476,480,635.0,1.0,1.0,0.0,1.8333333333333333
2,2015-02-14 02:57:54,2015-02-14 03:49:13,fe131d7f5a6b38b23cc967316c13dae2,vietnamese,1,4,2700.0,4,495,950,142.0,127.0,228.0,51.31666666666667,2,5,1,0.49999999999999994,0.8660254037844387,455,675.0,1.0,0.8881118881118881,15.0,1.5944055944055944
2,2015-02-06 01:40:12,2015-02-06 02:17:21,446ac7480f6cd015d176f8b3d28a03b5,pizza,3,2,1750.0,2,250,1500,135.0,85.0,93.0,37.15,1,4,0,0.25881904510252074,0.9659258262890683,1250,875.0,1.0,0.625,50.0,0.6838235294117647
4,2015-02-15 04:03:05,2015-02-15 04:52:12,d3d9446802a44259755d38e6d163e820,indian,5,1,1564.0,1,1466,1478,98.0,85.0,161.0,49.11666666666667,4,6,1,0.8660254037844386,0.5000000000000001,12,1564.0,1.0,0.8585858585858586,13.0,1.6262626262626263
3,2015-02-02 00:06:08,2015-02-02 00:50:54,7553e94d39fd4649ff75386a83ed3789,mediterranean,3,1,849.0,1,849,849,15.0,15.0,14.0,44.766666666666666,0,0,0,0.0,1.0,0,849.0,1.0,0.9375,0.0,0.875
1,2015-02-11 18:24:26,2015-02-11 18:49:12,bf5d232e6c54a84b97769a91adb1642f,fast,4,5,665.0,3,129,139,3.0,2.0,2.0,24.766666666666666,18,2,0,-1.0,-1.8369701987210297e-16,10,133.0,1.6666666666666667,0.5,1.0,0.5
4,2015-02-14 21:24:27,2015-02-14 22:09:43,07e1cd7dca89a1678042477183b7ac3f,burger,5,1,1700.0,1,1300,1300,46.0,43.0,51.0,45.266666666666666,21,5,1,-0.7071067811865477,0.7071067811865474,0,1700.0,1.0,0.9148936170212766,3.0,1.0851063829787233
4,2015-02-01 22:09:02,2015-02-01 22:44:18,eb9fc349601c69352c859c1faa287874,other,4,1,375.0,1,295,295,24.0,24.0,34.0,35.266666666666666,22,6,1,-0.5000000000000004,0.8660254037844384,0,375.0,1.0,0.96,0.0,1.36
2,2015-02-11 21:39:47,2015-02-11 22:20:38,d947bf06a885db0d477d707121934ff8,other,5,3,1950.0,3,300,1000,28.0,35.0,36.0,40.85,21,2,0,-0.7071067811865477,0.7071067811865474,700,650.0,1.0,1.206896551724138,0.0,1.2413793103448276
4,2015-02-11 03:39:43,2015-02-11 04:23:30,03afdbd66e7929b125f8597834fa83a4,other,3,8,6175.0,6,400,1115,88.0,88.0,137.0,43.78333333333333,3,2,0,0.7071067811865475,0.7071067811865476,715,771.875,1.3333333333333333,0.9887640449438202,0.0,1.5393258426966292
1,2015-02-18 03:48:57,2015-02-18 05:05:22,a22d33b4a00c165507a61f3bed4b5149,japanese,6,1,1450.0,1,1100,1100,23.0,23.0,32.0,76.41666666666667,3,2,0,0.7071067811865475,0.7071067811865476,0,1450.0,1.0,0.9583333333333334,0.0,1.3333333333333333
5,2015-02-03 21:29:09,2015-02-03 21:53:22,2ea1202aed1e0ce30d41be4919b0cc99,greek,1,1,945.0,1,945,945,12.0,8.0,8.0,24.216666666666665,21,1,0,-0.7071067811865477,0.7071067811865474,0,945.0,1.0,0.6153846153846154,4.0,0.6153846153846154
3,2015-01-28 02:05:27,2015-01-28 02:38:02,96f2b50b5d3613adf9c27049b2a888c7,mexican,3,2,1890.0,2,595,1295,36.0,36.0,37.0,32.583333333333336,2,2,0,0.49999999999999994,0.8660254037844387,700,945.0,1.0,0.972972972972973,0.0,1.0
5,2015-02-14 03:56:09,2015-02-14 04:52:11,abbcf60674d48894b8ea294e4f23b41e,pizza,3,3,4212.0,3,849,1529,63.0,60.0,93.0,56.03333333333333,3,5,1,0.7071067811865475,0.7071067811865476,680,1404.0,1.0,0.9375,3.0,1.453125
1,2015-02-13 03:58:26,2015-02-13 04:32:00,2175f8c5cd9604f6b1e576b252d4c86e,thai,1,4,4280.0,3,195,1395,14.0,14.0,16.0,33.56666666666667,3,4,0,0.7071067811865475,0.7071067811865476,1200,1070.0,1.3333333333333333,0.9333333333333333,0.0,1.0666666666666667
2,2015-01-22 19:02:15,2015-01-22 19:31:05,fb2fcd534b0ff3bbed73cc51df620323,other,2,1,1295.0,1,1095,1095,26.0,22.0,24.0,28.833333333333332,19,3,0,-0.9659258262890684,0.2588190451025203,0,1295.0,1.0,0.8148148148148148,4.0,0.8888888888888888
4,2015-02-16 02:17:01,2015-02-16 03:05:04,8fb5f8be2aa9d6c64a04e3ab9f63feee,other,2,4,4180.0,4,695,1495,81.0,75.0,135.0,48.05,2,0,0,0.49999999999999994,0.8660254037844387,800,1045.0,1.0,0.9146341463414634,6.0,1.646341463414634
2,2015-02-05 01:34:19,2015-02-05 02:20:00,f3f27a324736617f20abbf2ffd806f6d,other,1,3,5840.0,3,1595,2450,80.0,69.0,91.0,45.68333333333333,1,3,0,0.25881904510252074,0.9659258262890683,855,1946.6666666666667,1.0,0.8518518518518519,11.0,1.123456790123457
3,2015-01-25 05:10:14,2015-01-25 05:48:11,694bb32b1ebbc8b4d3fc29bee5d1455c,fast,4,3,1729.0,2,265,1199,9.0,13.0,13.0,37.95,5,6,1,0.9659258262890683,0.25881904510252074,934,576.3333333333334,1.5,1.3,0.0,1.3
4,2015-01-24 02:42:26,2015-01-24 03:57:41,3416a75f4cea9109507cacd8e2f2aefc,indian,3,2,2245.0,2,350,1895,126.0,121.0,193.0,75.25,2,5,1,0.49999999999999994,0.8660254037844387,1545,1122.5,1.0,0.952755905511811,5.0,1.5196850393700787
5,2015-02-02 03:30:52,2015-02-02 04:42:15,1df146af0948a68b1342ce39907668fe,indian,2,12,5425.0,7,250,1150,25.0,26.0,45.0,71.38333333333334,3,0,0,0.7071067811865475,0.7071067811865476,900,452.0833333333333,1.7142857142857142,1.0,0.0,1.7307692307692308
4,2015-02-12 02:53:00,2015-02-12 03:32:49,6e6b932765a4acb23ea40e12b4adbbac,dessert,4,2,1078.0,2,491,539,112.0,113.0,199.0,39.81666666666667,2,3,0,0.49999999999999994,0.8660254037844387,48,539.0,1.0,1.0,0.0,1.761061946902655
2,2015-02-05 03:14:39,2015-02-05 04:18:58,26337353b7962f533d78c762373b3318,vietnamese,1,3,1675.0,3,375,825,62.0,62.0,84.0,64.31666666666666,3,3,0,0.7071067811865475,0.7071067811865476,450,558.3333333333334,1.0,0.9841269841269841,0.0,1.3333333333333333
4,2015-01-28 20:53:08,2015-01-28 21:20:44,c20ad4d76fe97759aa27a0c99bff6710,vietnamese,5,1,1370.0,1,795,795,80.0,45.0,56.0,27.6,20,2,0,-0.8660254037844386,0.5000000000000001,0,1370.0,1.0,0.5555555555555556,35.0,0.691358024691358
5,2015-01-31 03:01:05,2015-01-31 03:54:19,612b7f0d62f21fab8f0cbff2986fa81f,other,5,3,4500.0,2,1300,1900,24.0,21.0,37.0,53.233333333333334,3,5,1,0.7071067811865475,0.7071067811865476,600,1500.0,1.5,0.84,3.0,1.48
2,2015-02-09 22:56:18,2015-02-09 23:18:14,757b505cfd34c64c85ca5b5690ee5293,american,3,1,869.0,1,869,869,28.0,23.0,23.0,21.933333333333334,22,0,0,-0.5000000000000004,0.8660254037844384,0,869.0,1.0,0.7931034482758621,5.0,0.7931034482758621
5,2015-01-28 20:27:34,2015-01-28 20:59:26,fe9fc289c3ff0af142b6d3bead98a923,dessert,5,5,2500.0,3,150,650,89.0,71.0,94.0,31.866666666666667,20,2,0,-0.8660254037844386,0.5000000000000001,500,500.0,1.6666666666666667,0.7888888888888889,18.0,1.0444444444444445
1,2015-01-23 20:44:11,2015-01-23 21:03:08,c75b6f114c23a4d7ea11331e7c00e73c,american,1,1,1482.0,1,1277,1247,31.0,33.0,37.0,18.95,20,4,0,-0.8660254037844386,0.5000000000000001,-30,1482.0,1.0,1.03125,0.0,1.15625
3,2015-02-15 23:47:29,2015-02-16 01:02:13,688f3fe72241429902623b790f15a774,other,1,2,3398.0,2,1499,1899,15.0,9.0,13.0,74.73333333333333,23,6,1,-0.25881904510252157,0.9659258262890681,400,1699.0,1.0,0.5625,6.0,0.8125
4,2015-02-05 02:18:20,2015-02-05 03:39:08,6e2eec9ca19c076736d19ac5426473af,pizza,3,4,6046.0,3,949,1199,99.0,98.0,176.0,80.8,2,3,0,0.49999999999999994,0.8660254037844387,250,1511.5,1.3333333333333333,0.98,1.0,1.76
5,2015-02-08 21:10:54,2015-02-08 21:53:15,d77e68596c15c53c2a33ad143739902d,american,1,3,1775.0,3,400,925,29.0,26.0,52.0,42.35,21,6,1,-0.7071067811865477,0.7071067811865474,525,591.6666666666666,1.0,0.8666666666666667,3.0,1.7333333333333334
3,2015-01-27 02:32:27,2015-01-27 03:09:32,d14c2267d848abeb81fd590f371d39bd,fast,4,15,1753.0,7,0,289,30.0,27.0,23.0,37.083333333333336,2,1,0,0.49999999999999994,0.8660254037844387,289,116.86666666666666,2.142857142857143,0.8709677419354839,3.0,0.7419354838709677
4,2015-02-10 03:48:20,2015-02-10 04:26:12,ed3d2c21991e3bef5e069713af9fa6ca,other,3,3,2475.0,3,500,975,71.0,71.0,114.0,37.86666666666667,3,1,0,0.7071067811865475,0.7071067811865476,475,825.0,1.0,0.9861111111111112,0.0,1.5833333333333333
2,2015-01-24 18:57:40,2015-01-24 19:40:16,991de292e76f74f3c285b3f6d57958d5,breakfast,2,4,3826.0,3,273,1488,44.0,46.0,26.0,42.6,18,5,1,-1.0,-1.8369701987210297e-16,1215,956.5,1.3333333333333333,1.0222222222222221,0.0,0.5777777777777777
2,2015-02-01 20:04:22,2015-02-01 20:46:14,db5f9f42a7157abe65bb145000b5871a,vietnamese,5,2,2845.0,2,904,1354,61.0,63.0,102.0,41.86666666666667,20,6,1,-0.8660254037844386,0.5000000000000001,450,1422.5,1.0,1.0161290322580645,0.0,1.6451612903225807
1,2015-01-28 22:24:59,2015-01-28 23:35:54,1e787f14be09e28449eae52436a55dfa,fast,4,6,5873.0,4,0,3750,2.0,2.0,4.0,70.91666666666667,22,2,0,-0.5000000000000004,0.8660254037844384,3750,978.8333333333334,1.5,0.6666666666666666,0.0,1.3333333333333333
1,2015-01-29 18:11:57,2015-01-29 18:47:36,9d28de8ff9bb6a3fa41fddfdc28f3bc1,breakfast,1,1,795.0,1,795,795,3.0,2.0,4.0,35.65,18,3,0,-1.0,-1.8369701987210297e-16,0,795.0,1.0,0.5,1.0,1.0
2,2015-02-11 01:43:05,2015-02-11 02:43:15,5cf21ce30208cfffaa832c6e44bb567d,chinese,1,6,7635.0,5,1050,1450,41.0,41.0,49.0,60.166666666666664,1,2,0,0.25881904510252074,0.9659258262890683,400,1272.5,1.2,0.9761904761904762,0.0,1.1666666666666667
5,2015-02-13 02:01:12,2015-02-13 03:04:12,273cfc835c96d80d6f1f254d6a8f0ffa,pizza,5,1,3365.0,1,1695,1695,24.0,23.0,34.0,63.0,2,4,0,0.49999999999999994,0.8660254037844387,0,3365.0,1.0,0.92,1.0,1.36
2,2015-01-29 00:00:11,2015-01-29 00:43:54,dc6e224a8d74ce03bf301152d6e33e97,burger,4,2,918.0,2,249,669,33.0,33.0,34.0,43.71666666666667,0,3,0,0.0,1.0,420,459.0,1.0,0.9705882352941176,0.0,1.0
4,2015-01-22 20:44:34,2015-01-22 21:30:01,5352696a9ca3397beb79f116f3a33991,mexican,3,1,899.0,1,699,699,56.0,61.0,95.0,45.45,20,3,0,-0.8660254037844386,0.5000000000000001,0,899.0,1.0,1.0701754385964912,0.0,1.6666666666666667
4,2015-01-27 20:30:46,2015-01-27 21:00:26,2a34abd6ebbd7fcf5a4421229c946c0a,mexican,3,4,3084.0,3,295,2199,59.0,56.0,65.0,29.666666666666668,20,1,0,-0.8660254037844386,0.5000000000000001,1904,771.0,1.3333333333333333,0.9333333333333333,3.0,1.0833333333333333
2,2015-02-06 00:49:15,2015-02-06 01:16:46,85d8ce590ad8981ca2c8286f79f59954,sandwich,5,3,1939.0,3,419,725,36.0,35.0,42.0,27.516666666666666,0,4,0,0.0,1.0,306,646.3333333333334,1.0,0.9459459459459459,1.0,1.135135135135135
4,2015-02-16 01:04:12,2015-02-16 02:08:37,3fe94a002317b5f9259f82690aeea4cd,other,5,5,4495.0,5,399,1599,66.0,63.0,89.0,64.41666666666667,1,0,0,0.25881904510252074,0.9659258262890683,1200,899.0,1.0,0.9402985074626866,3.0,1.328358208955224
1,2015-01-29 02:30:14,2015-01-29 03:20:13,0192adec1a16b0565dc3f70b5d235a40,other,2,6,3894.0,3,99,699,15.0,16.0,23.0,49.983333333333334,2,3,0,0.49999999999999994,0.8660254037844387,600,649.0,2.0,1.0,0.0,1.4375
2,2015-01-28 02:55:52,2015-01-28 03:46:46,20affd577bdf871ee8acfc834622791f,japanese,5,2,1284.0,2,325,899,97.0,87.0,120.0,50.9,2,2,0,0.49999999999999994,0.8660254037844387,574,642.0,1.0,0.8877551020408163,10.0,1.2244897959183674
6,2015-02-08 00:39:52,2015-02-08 01:24:24,a70dc40477bc2adceef4d2c90f47eb82,mexican,3,4,2875.0,3,250,725,37.0,34.0,41.0,44.53333333333333,0,6,1,0.0,1.0,475,718.75,1.3333333333333333,0.8947368421052632,3.0,1.0789473684210527
1,2015-01-25 05:06:24,2015-01-25 05:46:12,e1cd50f4a9880333cdad4a24ee9d550c,japanese,1,1,700.0,1,700,700,28.0,26.0,26.0,39.8,5,6,1,0.9659258262890683,0.25881904510252074,0,700.0,1.0,0.896551724137931,2.0,0.896551724137931
2,2015-02-07 03:03:17,2015-02-07 03:49:49,0d73a25092e5c1c9769a9f3255caa65a,dessert,1,8,7370.0,7,695,1495,142.0,130.0,223.0,46.53333333333333,3,5,1,0.7071067811865475,0.7071067811865476,800,921.25,1.1428571428571428,0.9090909090909091,12.0,1.5594405594405594
4,2015-02-13 02:33:25,2015-02-13 03:31:25,51ef186e18dc00c2d31982567235c559,mexican,3,4,1825.0,3,325,700,72.0,64.0,108.0,58.0,2,4,0,0.49999999999999994,0.8660254037844387,375,456.25,1.3333333333333333,0.8767123287671232,8.0,1.4794520547945205
4,2015-02-03 03:51:30,2015-02-03 04:52:48,63538fe6ef330c13a05a3ed7e599d5f7,chinese,1,5,4275.0,4,695,995,66.0,63.0,111.0,61.3,3,1,0,0.7071067811865475,0.7071067811865476,300,855.0,1.25,0.9402985074626866,3.0,1.6567164179104477
2,2015-02-17 20:08:09,2015-02-17 20:47:31,816b112c6105b3ebd537828a39af4818,mexican,1,1,1295.0,1,1295,1295,44.0,30.0,49.0,39.36666666666667,20,1,0,-0.8660254037844386,0.5000000000000001,0,1295.0,1.0,0.6666666666666666,14.0,1.0888888888888888
6,2015-02-15 03:07:34,2015-02-15 03:51:01,ff42b03a06a1bed4e936f0e04958e168,other,5,5,2700.0,5,325,850,37.0,34.0,41.0,43.45,3,6,1,0.7071067811865475,0.7071067811865476,525,540.0,1.0,0.8947368421052632,3.0,1.0789473684210527
6,2015-02-15 06:18:42,2015-02-15 06:43:09,9ed017d7372360c256add7a8fe35a0a6,dessert,5,2,1345.0,2,550,795,37.0,34.0,41.0,24.45,6,6,1,1.0,6.123233995736766e-17,245,672.5,1.0,0.8947368421052632,3.0,1.0789473684210527
3,2015-02-10 01:37:57,2015-02-10 02:32:10,caa89215e67b35d504b99a0b22f1c56d,american,1,4,2296.0,2,549,599,25.0,25.0,28.0,54.21666666666667,1,1,0,0.25881904510252074,0.9659258262890683,50,574.0,2.0,0.9615384615384616,0.0,1.0769230769230769
1,2015-02-10 16:43:48,2015-02-10 17:47:07,acfe22eeddf82266e32f8f17912d59fe,other,4,3,1065.0,3,245,345,3.0,3.0,2.0,63.31666666666667,16,1,0,-0.8660254037844384,-0.5000000000000004,100,355.0,1.0,0.75,0.0,0.5
4,2015-01-26 01:51:13,2015-01-26 02:24:57,f7177163c833dff4b38fc8d2872f1ec6,dessert,5,5,5435.0,5,395,1295,70.0,113.0,49.0,33.733333333333334,1,0,0,0.25881904510252074,0.9659258262890683,900,1087.0,1.0,1.591549295774648,0.0,0.6901408450704225
5,2015-01-24 17:27:36,2015-01-24 17:59:20,31f16d3ab7ac2c7e89fc56fe45eae7e1,american,1,3,1787.0,3,239,1099,7.0,8.0,4.0,31.733333333333334,17,5,1,-0.9659258262890683,-0.25881904510252063,860,595.6666666666666,1.0,1.0,0.0,0.5
1,2015-02-13 21:36:36,2015-02-13 22:12:43,96b8294326cb6595573cf2689f3f6dda,other,3,1,1150.0,1,1150,1150,10.0,10.0,21.0,36.11666666666667,21,4,0,-0.7071067811865477,0.7071067811865474,0,1150.0,1.0,0.9090909090909091,0.0,1.9090909090909092
1,2015-02-04 18:29:08,2015-02-04 19:08:01,82de976eb77f1ad870248833660fdff8,other,3,6,3749.0,6,200,1099,5.0,4.0,4.0,38.88333333333333,18,2,0,-1.0,-1.8369701987210297e-16,899,624.8333333333334,1.0,0.6666666666666666,1.0,0.6666666666666666
3,2015-01-23 01:49:54,2015-01-23 03:05:20,37b47bc2fe01ddcb1c4673a4419c7e13,other,2,1,2876.0,1,2825,2957,37.0,34.0,41.0,75.43333333333334,1,4,0,0.25881904510252074,0.9659258262890683,132,2876.0,1.0,0.8947368421052632,3.0,1.0789473684210527
2,2015-02-18 03:32:37,2015-02-18 04:12:34,9854d7afce413aa13cd0a1d39d0bcec5,american,1,2,1988.0,2,889,1099,99.0,65.0,107.0,39.95,3,2,0,0.7071067811865475,0.7071067811865476,210,994.0,1.0,0.65,34.0,1.07
4,2015-01-31 02:02:06,2015-01-31 03:01:15,e72f549e59cd75ee9cf71230947471d8,other,2,4,6580.0,2,1195,1795,83.0,63.0,130.0,59.15,2,5,1,0.49999999999999994,0.8660254037844387,600,1645.0,2.0,0.75,20.0,1.5476190476190477
6,2015-02-12 01:40:40,2015-02-12 01:58:07,33805671920f0d02e6d18f630985aace,vietnamese,1,2,2000.0,1,900,900,37.0,34.0,41.0,17.45,1,3,0,0.25881904510252074,0.9659258262890683,0,1000.0,2.0,0.8947368421052632,3.0,1.0789473684210527
4,2015-02-07 20:40:21,2015-02-07 21:22:58,3f088ebeda03513be71d34d214291986,mexican,2,2,1800.0,2,700,1100,50.0,49.0,58.0,42.61666666666667,20,5,1,-0.8660254037844386,0.5000000000000001,400,900.0,1.0,0.9607843137254902,1.0,1.1372549019607843
6,2015-02-02 03:03:48,2015-02-02 04:12:53,b8af7d0fbf094517781e0382102d7b27,sandwich,3,3,2360.0,3,300,1030,37.0,34.0,41.0,69.08333333333333,3,0,0,0.7071067811865475,0.7071067811865476,730,786.6666666666666,1.0,0.8947368421052632,3.0,1.0789473684210527
5,2015-01-26 04:42:08,2015-01-26 05:22:45,e50372d3fee4eadec9c42aa6528097cc,thai,5,6,1474.0,5,159,299,37.0,34.0,41.0,40.61666666666667,4,0,0,0.8660254037844386,0.5000000000000001,140,245.66666666666666,1.2,0.8947368421052632,3.0,1.0789473684210527
1,2015-02-16 21:50:46,2015-02-16 22:21:43,e904831f48e729f9ad8355a894334700,other,1,2,1800.0,2,550,650,5.0,5.0,5.0,30.95,21,0,0,-0.7071067811865477,0.7071067811865474,100,900.0,1.0,0.8333333333333334,0.0,0.8333333333333334
5,2015-02-14 20:03:49,2015-02-14 20:29:23,0e64a7b00c83e3d22ce6b3acf2c582b6,indian,1,2,798.0,2,199,599,20.0,16.0,16.0,25.566666666666666,20,5,1,-0.8660254037844386,0.5000000000000001,400,399.0,1.0,0.7619047619047619,4.0,0.7619047619047619
2,2015-02-05 22:51:34,2015-02-05 23:35:15,55a988dfb00a914717b3000a3374694c,unknown,1,2,1095.0,2,425,687,15.0,12.0,16.0,43.68333333333333,22,3,0,-0.5000000000000004,0.8660254037844384,262,547.5,1.0,0.75,3.0,1.0
5,2015-02-08 02:20:58,2015-02-08 03:20:00,15b33319db65d343906d085ba0500783,dessert,2,4,3250.0,4,350,1200,15.0,15.0,22.0,59.03333333333333,2,6,1,0.49999999999999994,0.8660254037844387,850,812.5,1.0,0.9375,0.0,1.375
6,2015-02-11 21:42:51,2015-02-11 22:38:06,f3d205b3f8c2bb28c46e204c6f1b499d,other,4,6,3104.0,5,449,489,37.0,34.0,41.0,55.25,21,2,0,-0.7071067811865477,0.7071067811865474,40,517.3333333333334,1.2,0.8947368421052632,3.0,1.0789473684210527
2,2015-02-02 16:31:05,2015-02-02 17:25:20,14491b756b3a51daac41c24863285549,american,1,2,1850.0,2,900,950,2.0,2.0,1.0,54.25,16,0,0,-0.8660254037844384,-0.5000000000000004,50,925.0,1.0,0.6666666666666666,0.0,0.3333333333333333
6,2015-02-07 18:54:54,2015-02-07 19:27:45,48b02d6fbfb23c6011d5e88834a5ef45,fast,4,4,1035.0,3,0,831,37.0,34.0,41.0,32.85,18,5,1,-1.0,-1.8369701987210297e-16,831,258.75,1.3333333333333333,0.8947368421052632,3.0,1.0789473684210527
2,2015-02-13 00:45:11,2015-02-13 01:29:40,7a614fd06c325499f1680b9896beedeb,pizza,1,3,2405.0,3,520,875,37.0,30.0,33.0,44.483333333333334,0,4,0,0.0,1.0,355,801.6666666666666,1.0,0.7894736842105263,7.0,0.868421052631579
4,2015-01-27 22:54:59,2015-01-27 23:33:23,7d2b92b6726c241134dae6cd3fb8c182,other,5,8,3320.0,7,350,425,28.0,15.0,17.0,38.4,22,1,0,-0.5000000000000004,0.8660254037844384,75,415.0,1.1428571428571428,0.5172413793103449,13.0,0.5862068965517241
2,2015-01-25 02:49:33,2015-01-25 03:42:30,3765802a807628e3ece9dbd30ca00a21,american,3,1,1299.0,1,1299,1299,106.0,129.0,156.0,52.95,2,6,1,0.49999999999999994,0.8660254037844387,0,1299.0,1.0,1.205607476635514,0.0,1.4579439252336448
2,2015-02-14 19:59:40,2015-02-14 20:51:59,d064f3519426dcd30114b900431fc044,fast,4,4,1199.0,2,0,1199,37.0,32.0,39.0,52.31666666666667,19,5,1,-0.9659258262890684,0.2588190451025203,1199,299.75,2.0,0.8421052631578947,5.0,1.0263157894736843
2,2015-02-13 00:59:10,2015-02-13 01:47:21,0bb0846327772451045bd30dd347821b,other,3,2,3920.0,2,1525,2195,24.0,21.0,21.0,48.18333333333333,0,4,0,0.0,1.0,670,1960.0,1.0,0.84,3.0,0.84
3,2015-02-01 22:03:19,2015-02-01 22:34:20,55053683268957697aa39fba6f231c68,american,1,3,2795.0,3,249,2277,14.0,14.0,15.0,31.016666666666666,22,6,1,-0.5000000000000004,0.8660254037844384,2028,931.6666666666666,1.0,0.9333333333333333,0.0,1.0
4,2015-02-13 04:42:31,2015-02-13 05:10:44,d0cbf1a1aa1726784df15a81ead214f7,greek,5,2,1898.0,2,699,1199,74.0,51.0,59.0,28.216666666666665,4,4,0,0.8660254037844386,0.5000000000000001,500,949.0,1.0,0.68,23.0,0.7866666666666666
4,2015-02-01 01:55:29,2015-02-01 02:36:30,cbb6a3b884f4f88b3a8e3d44c636cbd8,other,3,2,2390.0,2,1195,1195,63.0,56.0,86.0,41.016666666666666,1,6,1,0.25881904510252074,0.9659258262890683,0,1195.0,1.0,0.875,7.0,1.34375
4,2015-01-25 22:48:58,2015-01-25 23:26:56,3f2dff7862a70f97a59a1fa02c3ec110,burger,4,2,748.0,2,249,499,10.0,10.0,6.0,37.96666666666667,22,6,1,-0.5000000000000004,0.8660254037844384,250,374.0,1.0,0.9090909090909091,0.0,0.5454545454545454
4,2015-02-06 02:38:03,2015-02-06 03:11:26,c20ad4d76fe97759aa27a0c99bff6710,vietnamese,5,2,2284.0,2,1037,1062,140.0,108.0,172.0,33.38333333333333,2,4,0,0.49999999999999994,0.8660254037844387,25,1142.0,1.0,0.7659574468085106,32.0,1.2198581560283688
2,2015-02-04 05:19:22,2015-02-04 06:00:16,757b505cfd34c64c85ca5b5690ee5293,american,3,1,891.0,1,891,891,30.0,28.0,31.0,40.9,5,2,0,0.9659258262890683,0.25881904510252074,0,891.0,1.0,0.9032258064516129,2.0,1.0
6,2015-02-10 02:48:43,2015-02-10 03:40:03,b0a665a28efd91535abb111d656ecd04,japanese,2,1,1075.0,1,1075,1075,37.0,34.0,41.0,51.333333333333336,2,1,0,0.49999999999999994,0.8660254037844387,0,1075.0,1.0,0.8947368421052632,3.0,1.0789473684210527
3,2015-02-05 01:01:12,2015-02-05 01:51:47,81e4fe932e45bbbc10cfce7ffb67162e,pizza,1,3,2555.0,3,185,710,4.0,4.0,5.0,50.583333333333336,1,3,0,0.25881904510252074,0.9659258262890683,525,851.6666666666666,1.0,0.8,0.0,1.0
5,2015-02-18 04:26:47,2015-02-18 05:10:48,3c0efc7a60a85e233fb20c2e475c7970,american,1,2,799.0,2,749,799,17.0,17.0,20.0,44.016666666666666,4,2,0,0.8660254037844386,0.5000000000000001,50,399.5,1.0,0.9444444444444444,0.0,1.1111111111111112
6,2015-02-16 01:42:59,2015-02-16 02:48:55,86a1fa88adb5c33bd7a68ac2f9f3f96b,chinese,3,2,3100.0,2,1400,1500,37.0,34.0,41.0,65.93333333333334,1,0,0,0.25881904510252074,0.9659258262890683,100,1550.0,1.0,0.8947368421052632,3.0,1.0789473684210527
1,2015-01-31 01:03:49,2015-01-31 01:57:28,b4288d9c0ec0a1841b3b3728321e7088,japanese,1,2,5050.0,2,1250,3750,25.0,25.0,24.0,53.65,1,5,1,0.25881904510252074,0.9659258262890683,2500,2525.0,1.0,0.9615384615384616,0.0,0.9230769230769231
2,2015-02-14 05:12:20,2015-02-14 06:06:38,a57e8915461b83adefb011530b711704,american,1,3,3620.0,3,995,1050,81.0,79.0,131.0,54.3,5,5,1,0.9659258262890683,0.25881904510252074,55,1206.6666666666667,1.0,0.9634146341463414,2.0,1.5975609756097562
1,2015-02-15 02:09:58,2015-02-15 02:51:28,8e5d5b79456a8e2bc09e54e9e518a5f1,sandwich,4,3,2250.0,1,750,750,29.0,27.0,31.0,41.5,2,6,1,0.49999999999999994,0.8660254037844387,0,750.0,3.0,0.9,2.0,1.0333333333333334
1,2015-02-13 02:20:51,2015-02-13 03:02:53,e60e81c4cbe5171cd654662d9887aec2,mediterranean,1,5,5115.0,4,499,1449,59.0,56.0,67.0,42.03333333333333,2,4,0,0.49999999999999994,0.8660254037844387,950,1023.0,1.25,0.9333333333333333,3.0,1.1166666666666667
2,2015-02-18 03:59:08,2015-02-18 04:23:59,ff4d5fbbafdf976cfdc032e3bde78de5,pizza,3,4,2174.0,3,375,799,43.0,38.0,54.0,24.85,3,2,0,0.7071067811865475,0.7071067811865476,424,543.5,1.3333333333333333,0.8636363636363636,5.0,1.2272727272727273
2,2015-02-13 02:02:39,2015-02-13 02:54:46,d96fd4caf8e622ab6c5ef52f5e4feff6,mexican,5,2,1800.0,2,300,1300,125.0,91.0,131.0,52.11666666666667,2,4,0,0.49999999999999994,0.8660254037844387,1000,900.0,1.0,0.7222222222222222,34.0,1.0396825396825398
2,2015-02-17 02:11:41,2015-02-17 02:58:11,3def184ad8f4755ff269862ea77393dd,other,1,1,1125.0,1,1125,1125,102.0,86.0,109.0,46.5,2,1,0,0.49999999999999994,0.8660254037844387,0,1125.0,1.0,0.8349514563106796,16.0,1.058252427184466
1,2015-02-10 15:17:16,2015-02-10 16:05:57,739cf54211aa6b75dd3001d54064e7a7,american,1,2,1197.0,2,229,739,2.0,1.0,0.0,48.68333333333333,15,1,0,-0.7071067811865471,-0.7071067811865479,510,598.5,1.0,0.3333333333333333,1.0,0.0
4,2015-02-14 04:26:20,2015-02-14 05:11:58,f340f1b1f65b6df5b5e3f94d95b11daf,indian,3,3,3767.0,3,929,1725,89.0,99.0,161.0,45.63333333333333,4,5,1,0.8660254037844386,0.5000000000000001,796,1255.6666666666667,1.0,1.1,0.0,1.788888888888889
2,2015-02-13 02:36:39,2015-02-13 03:28:45,e2230b853516e7b05d79744fbd4c9c13,unknown,1,6,4320.0,6,325,895,70.0,64.0,102.0,52.1,2,4,0,0.49999999999999994,0.8660254037844387,570,720.0,1.0,0.9014084507042254,6.0,1.4366197183098592
5,2015-02-09 05:20:54,2015-02-09 05:46:44,c4f8a2db7f8704b0bdaa266d61ef48c3,chinese,1,3,659.0,2,599,659,11.0,7.0,7.0,25.833333333333332,5,0,0,0.9659258262890683,0.25881904510252074,60,219.66666666666666,1.5,0.5833333333333334,4.0,0.5833333333333334
5,2015-02-18 02:54:22,2015-02-18 03:38:34,a88aeeec495b4cbe092b4bcfd15b9d9c,other,5,5,6275.0,5,395,1695,49.0,28.0,38.0,44.2,2,2,0,0.49999999999999994,0.8660254037844387,1300,1255.0,1.0,0.56,21.0,0.76
4,2015-01-30 06:31:21,2015-01-30 07:01:41,9cea10c7ff109c6e61727a0d45492ead,vietnamese,5,1,1365.0,1,880,880,11.0,6.0,6.0,30.333333333333332,6,4,0,1.0,6.123233995736766e-17,0,1365.0,1.0,0.5,5.0,0.5
5,2015-02-06 02:35:12,2015-02-06 03:25:06,56f0b515214a7ec9f08a4bbf9a56f7ba,other,2,6,4500.0,6,200,1400,35.0,11.0,16.0,49.9,2,4,0,0.49999999999999994,0.8660254037844387,1200,750.0,1.0,0.3055555555555556,24.0,0.4444444444444444
1,2015-02-18 03:50:51,2015-02-18 04:48:32,18de4beb01f6a17b6e1dfb9813ba6045,american,5,2,1875.0,2,625,965,46.0,45.0,54.0,57.68333333333333,3,2,0,0.7071067811865475,0.7071067811865476,340,937.5,1.0,0.9574468085106383,1.0,1.148936170212766
3,2015-02-07 02:50:36,2015-02-07 03:38:16,8a1ee9f2b7abe6e88d1a479ab6a42c5e,pizza,2,1,1045.0,1,1045,1045,19.0,17.0,22.0,47.666666666666664,2,5,1,0.49999999999999994,0.8660254037844387,0,1045.0,1.0,0.85,2.0,1.1
1,2015-02-14 23:18:50,2015-02-14 23:35:01,605ff764c617d3cd28dbbdd72be8f9a2,other,3,2,1990.0,2,795,795,25.0,25.0,28.0,16.183333333333334,23,5,1,-0.25881904510252157,0.9659258262890681,0,995.0,1.0,0.9615384615384616,0.0,1.0769230769230769
2,2015-01-31 03:40:38,2015-01-31 04:36:51,aec851e565646f6835e915293381e20a,burger,1,2,1697.0,2,399,1149,45.0,44.0,85.0,56.21666666666667,3,5,1,0.7071067811865475,0.7071067811865476,750,848.5,1.0,0.9565217391304348,1.0,1.8478260869565217
1,2015-02-14 00:28:10,2015-02-14 01:04:54,8d8818c8e140c64c743113f563cf750f,fast,4,6,2575.0,5,300,600,4.0,4.0,9.0,36.733333333333334,0,5,1,0.0,1.0,300,429.1666666666667,1.2,0.8,0.0,1.8
2,2015-02-14 02:52:15,2015-02-14 03:42:35,41ae36ecb9b3eee609d05b90c14222fb,pizza,3,2,4098.0,2,1299,1299,126.0,110.0,228.0,50.333333333333336,2,5,1,0.49999999999999994,0.8660254037844387,0,2049.0,1.0,0.8661417322834646,16.0,1.795275590551181
2,2015-02-12 05:16:20,2015-02-12 06:11:06,81d36e0c6ae485f2a087864badfdc202,sandwich,3,1,799.0,1,799,799,36.0,40.0,43.0,54.766666666666666,5,3,0,0.9659258262890683,0.25881904510252074,0,799.0,1.0,1.0810810810810811,0.0,1.162162162162162
2,2015-02-14 23:29:09,2015-02-14 23:59:39,b3e3e393c77e35a4a3f3cbd1e429b5dc,other,5,2,2300.0,1,850,850,49.0,48.0,54.0,30.5,23,5,1,-0.25881904510252157,0.9659258262890681,0,1150.0,2.0,0.96,1.0,1.08
3,2015-01-22 02:52:52,2015-01-22 03:19:18,4191ef5f6c1576762869ac49281130c9,other,1,2,1846.0,2,649,699,43.0,39.0,37.0,26.433333333333334,2,3,0,0.49999999999999994,0.8660254037844387,50,923.0,1.0,0.8863636363636364,4.0,0.8409090909090909
4,2015-02-14 01:53:46,2015-02-14 02:43:23,f1b6f2857fb6d44dd73c7041e0aa0f19,other,5,2,4000.0,2,2000,2000,85.0,74.0,148.0,49.61666666666667,1,5,1,0.25881904510252074,0.9659258262890683,0,2000.0,1.0,0.8604651162790697,11.0,1.7209302325581395
6,2015-02-16 03:27:53,2015-02-16 04:34:28,2367a2216a3ec74c8c6dd02123836612,thai,3,4,3345.0,4,300,1100,37.0,34.0,41.0,66.58333333333333,3,0,0,0.7071067811865475,0.7071067811865476,800,836.25,1.0,0.8947368421052632,3.0,1.0789473684210527
2,2015-02-16 01:04:34,2015-02-16 01:32:47,2a34abd6ebbd7fcf5a4421229c946c0a,other,3,3,2630.0,3,295,1325,89.0,78.0,102.0,28.216666666666665,1,0,0,0.25881904510252074,0.9659258262890683,1030,876.6666666666666,1.0,0.8666666666666667,11.0,1.1333333333333333
4,2015-02-14 02:26:21,2015-02-14 03:37:59,dc5689792e08eb2e219dce49e64c885b,mediterranean,2,4,4790.0,4,895,1450,102.0,93.0,183.0,71.63333333333334,2,5,1,0.49999999999999994,0.8660254037844387,555,1197.5,1.0,0.9029126213592233,9.0,1.7766990291262137
3,2015-01-28 21:16:42,2015-01-28 22:07:25,8133415ea4647b6345849fb38311cf32,pizza,6,2,1590.0,1,795,795,20.0,20.0,19.0,50.71666666666667,21,2,0,-0.7071067811865477,0.7071067811865474,0,795.0,2.0,0.9523809523809523,0.0,0.9047619047619048
4,2015-02-18 01:41:31,2015-02-18 02:07:55,e21e4e58ad9ab56e8a4634046da90113,japanese,3,2,1700.0,2,600,1100,92.0,91.0,142.0,26.4,1,2,0,0.25881904510252074,0.9659258262890683,500,850.0,1.0,0.978494623655914,1.0,1.5268817204301075
3,2015-01-29 01:29:34,2015-01-29 02:28:44,0415740eaa4d9decbc8da001d3fd805f,american,1,2,2350.0,2,1150,1200,21.0,20.0,17.0,59.166666666666664,1,3,0,0.25881904510252074,0.9659258262890683,50,1175.0,1.0,0.9090909090909091,1.0,0.7727272727272727
1,2015-02-08 00:09:53,2015-02-08 00:46:05,147ebe637038ca50a1265abac8dea181,american,1,2,1708.0,2,229,1479,22.0,22.0,25.0,36.2,0,6,1,0.0,1.0,1250,854.0,1.0,0.9565217391304348,0.0,1.0869565217391304
6,2015-02-03 03:06:27,2015-02-03 04:14:07,1e9857752ba7f46d8d36021825e60441,pizza,3,2,1798.0,2,499,1199,37.0,34.0,41.0,67.66666666666667,3,1,0,0.7071067811865475,0.7071067811865476,700,899.0,1.0,0.8947368421052632,3.0,1.0789473684210527
2,2015-02-13 23:08:11,2015-02-14 00:25:04,3d773b5ce67533d1b5b52d9b57936860,sandwich,3,2,1517.0,2,479,738,17.0,15.0,17.0,76.88333333333334,23,4,0,-0.25881904510252157,0.9659258262890681,259,758.5,1.0,0.8333333333333334,2.0,0.9444444444444444
2,2015-02-09 00:43:02,2015-02-09 01:39:30,446ac7480f6cd015d176f8b3d28a03b5,pizza,3,2,3800.0,2,1800,2000,82.0,51.0,51.0,56.46666666666667,0,0,0,0.0,1.0,200,1900.0,1.0,0.6144578313253012,31.0,0.6144578313253012
2,2015-02-01 01:41:26,2015-02-01 02:20:42,c52f1bd66cc19d05628bd8bf27af3ad6,pizza,5,2,3250.0,2,1350,1500,95.0,97.0,123.0,39.266666666666666,1,6,1,0.25881904510252074,0.9659258262890683,150,1625.0,1.0,1.0104166666666667,0.0,1.28125
3,2015-02-16 02:11:22,2015-02-16 03:07:34,10976997a55826d2efd10358e23511de,pizza,3,2,3078.0,2,1199,1579,37.0,34.0,41.0,56.2,2,0,0,0.49999999999999994,0.8660254037844387,380,1539.0,1.0,0.8947368421052632,3.0,1.0789473684210527
6,2015-02-08 00:21:00,2015-02-08 00:51:24,27a1e0e31bf1a18797d26f7796f1ae4e,other,3,4,3435.0,4,695,1195,37.0,34.0,41.0,30.4,0,6,1,0.0,1.0,500,858.75,1.0,0.8947368421052632,3.0,1.0789473684210527
2,2015-02-08 05:39:17,2015-02-08 06:30:26,81d36e0c6ae485f2a087864badfdc202,mexican,5,1,499.0,1,499,499,35.0,46.0,57.0,51.15,5,6,1,0.9659258262890683,0.25881904510252074,0,499.0,1.0,1.2777777777777777,0.0,1.5833333333333333
4,2015-02-09 02:30:32,2015-02-09 04:05:31,74db120f0a8e5646ef5a30154e9f6deb,indian,3,4,3990.0,2,300,1695,91.0,87.0,146.0,94.98333333333333,2,0,0,0.49999999999999994,0.8660254037844387,1395,997.5,2.0,0.9456521739130435,4.0,1.5869565217391304
2,2015-02-06 21:41:21,2015-02-06 22:19:20,10c272d06794d3e5785d5e7c5356e9ff,thai,3,2,1795.0,2,800,895,30.0,25.0,29.0,37.983333333333334,21,4,0,-0.7071067811865477,0.7071067811865474,95,897.5,1.0,0.8064516129032258,5.0,0.9354838709677419
4,2015-02-12 00:25:59,2015-02-12 01:00:57,44f683a84163b3523afe57c2e008bc8c,other,2,1,2249.0,1,2249,2249,48.0,27.0,31.0,34.96666666666667,0,3,0,0.0,1.0,0,2249.0,1.0,0.5510204081632653,21.0,0.6326530612244898
3,2015-02-08 20:10:17,2015-02-08 21:10:58,96ba4a06bae961abbfb783d9d715150c,fast,4,15,1133.0,3,0,169,23.0,22.0,22.0,60.68333333333333,20,6,1,-0.8660254037844386,0.5000000000000001,169,75.53333333333333,5.0,0.9166666666666666,1.0,0.9166666666666666
4,2015-01-27 02:42:03,2015-01-27 03:56:07,6c8349cc7260ae62e3b1396831a8398f,pizza,1,1,2395.0,1,2395,2395,71.0,127.0,93.0,74.06666666666666,2,1,0,0.49999999999999994,0.8660254037844387,0,2395.0,1.0,1.7638888888888888,0.0,1.2916666666666667
1,2015-01-31 01:03:33,2015-01-31 02:22:06,8d34201a5b85900908db6cae92723617,american,1,6,5950.0,6,500,1350,25.0,25.0,24.0,78.55,1,5,1,0.25881904510252074,0.9659258262890683,850,991.6666666666666,1.0,0.9615384615384616,0.0,0.9230769230769231
4,2015-02-16 01:58:42,2015-02-16 03:00:28,a0e2a2c563d57df27213ede1ac4ac780,japanese,3,4,2280.0,4,395,695,53.0,52.0,103.0,61.766666666666666,1,0,0,0.25881904510252074,0.9659258262890683,300,570.0,1.0,0.9629629629629629,1.0,1.9074074074074074
3,2015-02-12 17:17:08,2015-02-12 18:23:11,805163a0f0f128e473726ccda5f91bac,breakfast,1,1,999.0,1,999,999,4.0,4.0,7.0,66.05,17,3,0,-0.9659258262890683,-0.25881904510252063,0,999.0,1.0,0.8,0.0,1.4
4,2015-01-22 02:42:01,2015-01-22 03:31:01,596dedf4498e258e4bdc9fd70df9a859,mexican,3,3,2425.0,3,325,1000,73.0,64.0,84.0,49.0,2,3,0,0.49999999999999994,0.8660254037844387,675,808.3333333333334,1.0,0.8648648648648649,9.0,1.135135135135135
5,2015-02-16 23:56:27,2015-02-17 00:45:54,242c1eebf6c9cd4523eb187d543a65b5,american,4,3,3340.0,3,1095,1150,9.0,6.0,7.0,49.45,23,0,0,-0.25881904510252157,0.9659258262890681,55,1113.3333333333333,1.0,0.6,3.0,0.7
5,2015-02-13 01:46:49,2015-02-13 02:56:18,3ebd728de6fa78aa8bc932e9abece9c0,other,3,6,6670.0,6,495,1595,35.0,33.0,49.0,69.48333333333333,1,4,0,0.25881904510252074,0.9659258262890683,1100,1111.6666666666667,1.0,0.9166666666666666,2.0,1.3611111111111112
6,2015-01-24 02:58:14,2015-01-24 04:03:57,e58a9052057eab54f8b49e8c553d1837,chinese,3,6,4515.0,6,395,975,37.0,34.0,41.0,65.71666666666667,2,5,1,0.49999999999999994,0.8660254037844387,580,752.5,1.0,0.8947368421052632,3.0,1.0789473684210527
4,2015-02-08 22:14:29,2015-02-08 22:43:11,7647966b7343c29048673252e490f736,other,3,2,2098.0,2,999,1099,45.0,34.0,36.0,28.7,22,6,1,-0.5000000000000004,0.8660254037844384,100,1049.0,1.0,0.7391304347826086,11.0,0.782608695652174
1,2015-01-25 23:17:26,2015-01-26 00:19:16,158fc2ddd52ec2cf54d3c161f2dd6517,mediterranean,3,4,3000.0,2,250,1250,4.0,6.0,9.0,61.833333333333336,23,6,1,-0.25881904510252157,0.9659258262890681,1000,750.0,2.0,1.2,0.0,1.8
5,2015-02-12 01:36:44,2015-02-12 02:39:14,841b60e20ff680b0d59aa9d6902fe289,vietnamese,2,11,8125.0,9,300,1195,20.0,17.0,17.0,62.5,1,3,0,0.25881904510252074,0.9659258262890683,895,738.6363636363636,1.2222222222222223,0.8095238095238095,3.0,0.8095238095238095
2,2015-02-02 22:16:44,2015-02-02 23:01:59,6acb084470c0a8bdf431d5427d1f29bc,italian,1,1,1030.0,1,890,890,33.0,33.0,51.0,45.25,22,0,0,-0.5000000000000004,0.8660254037844384,0,1030.0,1.0,0.9705882352941176,0.0,1.5
3,2015-02-01 17:29:05,2015-02-01 18:16:25,ade55409d1224074754035a5a937d2e0,breakfast,5,3,1685.0,3,325,700,8.0,8.0,11.0,47.333333333333336,17,6,1,-0.9659258262890683,-0.25881904510252063,375,561.6666666666666,1.0,0.8888888888888888,0.0,1.2222222222222223
2,2015-01-24 00:12:34,2015-01-24 00:56:11,0deb1c54814305ca9ad266f53bc82511,italian,1,3,3396.0,3,499,1848,27.0,25.0,32.0,43.61666666666667,0,5,1,0.0,1.0,1349,1132.0,1.0,0.8928571428571429,2.0,1.1428571428571428
4,2015-01-21 20:08:52,2015-01-21 20:49:06,b3b4d2dbedc99fe843fd3dedb02f086f,chinese,2,1,900.0,1,900,900,43.0,41.0,57.0,40.233333333333334,20,2,0,-0.8660254037844386,0.5000000000000001,0,900.0,1.0,0.9318181818181818,2.0,1.2954545454545454
4,2015-02-05 04:01:08,2015-02-05 05:41:19,f47d0ad31c4c49061b9e505593e3db98,burger,5,4,4140.0,3,595,1375,46.0,45.0,86.0,100.18333333333334,4,3,0,0.8660254037844386,0.5000000000000001,780,1035.0,1.3333333333333333,0.9574468085106383,1.0,1.8297872340425532
4,2015-02-15 20:34:50,2015-02-15 21:03:17,c20ad4d76fe97759aa27a0c99bff6710,vietnamese,5,1,1450.0,1,875,875,46.0,36.0,53.0,28.45,20,6,1,-0.8660254037844386,0.5000000000000001,0,1450.0,1.0,0.7659574468085106,10.0,1.127659574468085
2,2015-02-09 00:52:01,2015-02-09 01:19:16,caf1a3dfb505ffed0d024130f58c5cfa,mexican,5,1,635.0,1,535,535,64.0,40.0,47.0,27.25,0,0,0,0.0,1.0,0,635.0,1.0,0.6153846153846154,24.0,0.7230769230769231
3,2015-02-05 21:06:56,2015-02-05 21:54:36,ae3539867aaeec609a4260c6feb725f4,american,1,2,2425.0,2,1050,1375,5.0,5.0,6.0,47.666666666666664,21,3,0,-0.7071067811865477,0.7071067811865474,325,1212.5,1.0,0.8333333333333334,0.0,1.0
1,2015-02-04 03:37:48,2015-02-04 04:37:58,25766f01628f3d34b93a36a2301dffc9,indian,5,3,2000.0,3,400,1100,37.0,34.0,41.0,60.166666666666664,3,2,0,0.7071067811865475,0.7071067811865476,700,666.6666666666666,1.0,0.8947368421052632,3.0,1.0789473684210527
3,2015-01-31 04:00:10,2015-01-31 04:35:18,1cc8a8ea51cd0adddf5dab504a285915,other,3,2,5148.0,2,1549,2899,47.0,50.0,51.0,35.13333333333333,4,5,1,0.8660254037844386,0.5000000000000001,1350,2574.0,1.0,1.0416666666666667,0.0,1.0625
1,2015-02-08 03:41:56,2015-02-08 04:26:09,3323fe11e9595c09af38fe67567a9394,pizza,3,2,2158.0,2,729,1429,61.0,61.0,73.0,44.21666666666667,3,6,1,0.7071067811865475,0.7071067811865476,700,1079.0,1.0,0.9838709677419355,0.0,1.1774193548387097
5,2015-01-31 04:30:12,2015-01-31 05:02:42,0f0e13216262f4a201bec128044dd30f,mexican,1,2,1500.0,2,750,750,54.0,27.0,37.0,32.5,4,5,1,0.8660254037844386,0.5000000000000001,0,750.0,1.0,0.4909090909090909,27.0,0.6727272727272727
1,2015-02-06 22:55:54,2015-02-06 23:40:41,81b1b300e54447e821ad2a2c690e296e,other,5,2,590.0,1,295,295,4.0,1.0,3.0,44.78333333333333,22,4,0,-0.5000000000000004,0.8660254037844384,0,295.0,2.0,0.2,3.0,0.6
5,2015-01-29 22:29:04,2015-01-29 23:09:10,a70a3a174938bdf20e7b87062c015792,chinese,4,1,710.0,1,710,710,13.0,7.0,7.0,40.1,22,3,0,-0.5000000000000004,0.8660254037844384,0,710.0,1.0,0.5,6.0,0.5
1,2015-02-16 02:01:30,2015-02-16 03:00:38,facf9f743b083008a894eee7baa16469,mexican,1,8,3675.0,5,325,1350,68.0,64.0,87.0,59.13333333333333,2,0,0,0.49999999999999994,0.8660254037844387,1025,459.375,1.6,0.927536231884058,4.0,1.2608695652173914
6,2015-02-01 00:38:21,2015-02-01 01:42:37,cde2d9ccd0e94745859e8b340f4d06c2,other,2,1,375.0,1,335,335,37.0,34.0,41.0,64.26666666666667,0,6,1,0.0,1.0,0,375.0,1.0,0.8947368421052632,3.0,1.0789473684210527
1,2015-01-26 22:23:35,2015-01-26 22:56:24,9246444d94f081e3549803b928260f56,burger,1,2,2850.0,1,1000,1000,19.0,13.0,13.0,32.81666666666667,22,0,0,-0.5000000000000004,0.8660254037844384,0,1425.0,2.0,0.65,6.0,0.65
2,2015-02-04 00:01:29,2015-02-04 01:00:13,5acdc9ca5d99ae66afdfe1eea0e3b26b,mexican,2,6,5000.0,5,500,1200,24.0,24.0,36.0,58.733333333333334,0,2,0,0.0,1.0,700,833.3333333333334,1.2,0.96,0.0,1.44
1,2015-01-30 20:08:56,2015-01-30 21:36:31,735701335a53e5b70d7465c28eed4088,mediterranean,3,2,2140.0,1,995,995,17.0,15.0,24.0,87.58333333333333,20,4,0,-0.8660254037844386,0.5000000000000001,0,1070.0,2.0,0.8333333333333334,2.0,1.3333333333333333
1,2015-01-30 01:38:31,2015-01-30 02:21:05,a64bd53139f71961c5c31a9af03d775e,chinese,4,2,1267.0,2,160,942,38.0,39.0,39.0,42.56666666666667,1,4,0,0.25881904510252074,0.9659258262890683,782,633.5,1.0,1.0,0.0,1.0
4,2015-01-30 01:51:56,2015-01-30 02:38:52,4ca82782c5372a547c104929f03fe7a9,burger,5,3,1667.0,2,249,629,59.0,51.0,63.0,46.93333333333333,1,4,0,0.25881904510252074,0.9659258262890683,380,555.6666666666666,1.5,0.85,8.0,1.05
2,2015-02-16 03:43:57,2015-02-16 04:48:26,cfc5d9422f0c8f8ad796711102dbe32b,american,1,2,1438.0,2,99,1219,47.0,47.0,90.0,64.48333333333333,3,0,0,0.7071067811865475,0.7071067811865476,1120,719.0,1.0,0.9791666666666666,0.0,1.875
1,2015-01-22 03:24:41,2015-01-22 04:06:08,da5e8bfed9bdb84595be92afeb3fd378,sandwich,1,3,3445.0,3,895,995,53.0,43.0,42.0,41.45,3,3,0,0.7071067811865475,0.7071067811865476,100,1148.3333333333333,1.0,0.7962962962962963,10.0,0.7777777777777778
2,2015-02-03 20:54:21,2015-02-03 21:32:39,26324d8e2cc1957b8e581568a089a51c,sandwich,3,1,1048.0,1,479,479,38.0,39.0,45.0,38.3,20,1,0,-0.8660254037844386,0.5000000000000001,0,1048.0,1.0,1.0,0.0,1.1538461538461537
2,2015-02-08 19:29:36,2015-02-08 19:56:13,4c144c47ecba6f8318128703ca9e2601,breakfast,2,8,3000.0,2,125,625,53.0,38.0,38.0,26.616666666666667,19,6,1,-0.9659258262890684,0.2588190451025203,500,375.0,4.0,0.7037037037037037,15.0,0.7037037037037037
5,2015-01-27 04:54:37,2015-01-27 05:28:44,bd988b0e7b1fdfeb2f7f883fd067887b,american,4,1,949.0,1,949,949,4.0,7.0,3.0,34.11666666666667,4,1,0,0.8660254037844386,0.5000000000000001,0,949.0,1.0,1.4,0.0,0.6
4,2015-01-30 20:13:13,2015-01-30 21:11:47,ad9d4d2bc5365e856dcb6d78fb0c7cb5,other,1,5,2240.0,4,145,1450,8.0,8.0,11.0,58.56666666666667,20,4,0,-0.8660254037844386,0.5000000000000001,1305,448.0,1.25,0.8888888888888888,0.0,1.2222222222222223
4,2015-01-27 01:29:16,2015-01-27 02:02:24,7f6ffaa6bb0b408017b62254211691b5,mexican,3,3,3045.0,3,595,1350,55.0,107.0,58.0,33.13333333333333,1,1,0,0.25881904510252074,0.9659258262890683,755,1015.0,1.0,1.9107142857142858,0.0,1.0357142857142858
4,2015-02-09 21:35:54,2015-02-09 22:27:31,019d3e5eef8b966f2a698d6835e35130,american,1,2,3044.0,2,765,949,26.0,15.0,15.0,51.61666666666667,21,0,0,-0.7071067811865477,0.7071067811865474,184,1522.0,1.0,0.5555555555555556,11.0,0.5555555555555556
4,2015-01-30 06:49:58,2015-01-30 07:18:32,169779d3852b32ce8b1a1724dbf5217d,pizza,1,1,2225.0,1,1725,1725,8.0,2.0,2.0,28.566666666666666,6,4,0,1.0,6.123233995736766e-17,0,2225.0,1.0,0.2222222222222222,6.0,0.2222222222222222
2,2015-02-02 20:18:40,2015-02-02 21:02:37,d947bf06a885db0d477d707121934ff8,other,5,4,2790.0,4,495,995,47.0,34.0,34.0,43.95,20,0,0,-0.8660254037844386,0.5000000000000001,500,697.5,1.0,0.7083333333333334,13.0,0.7083333333333334
2,2015-02-09 03:14:41,2015-02-09 03:58:36,50de294b9d4987a3c89b4a5cc4bdea62,indian,2,2,2190.0,2,795,1395,113.0,87.0,146.0,43.916666666666664,3,0,0,0.7071067811865475,0.7071067811865476,600,1095.0,1.0,0.7631578947368421,26.0,1.280701754385965
2,2015-02-15 03:46:33,2015-02-15 04:45:26,4734ba6f3de83d861c3176a6273cac6d,greek,5,4,4095.0,4,799,1299,89.0,86.0,147.0,58.88333333333333,3,6,1,0.7071067811865475,0.7071067811865476,500,1023.75,1.0,0.9555555555555556,3.0,1.6333333333333333
2,2015-02-06 03:44:54,2015-02-06 04:19:18,c56a022b15250525f8b9bdfc41a13152,mexican,2,3,1815.0,2,160,995,118.0,98.0,142.0,34.4,3,4,0,0.7071067811865475,0.7071067811865476,835,605.0,1.5,0.8235294117647058,20.0,1.1932773109243697
2,2015-02-08 01:32:29,2015-02-08 02:17:39,0e7e05fa1026b0c5459267608ae320b8,mexican,1,2,1625.0,2,795,830,45.0,41.0,51.0,45.166666666666664,1,6,1,0.25881904510252074,0.9659258262890683,35,812.5,1.0,0.8913043478260869,4.0,1.108695652173913
1,2015-02-12 17:15:36,2015-02-12 18:10:36,82f2b308c3b01637c607ce05f52a2fed,breakfast,1,1,1875.0,1,1450,1450,3.0,3.0,6.0,55.0,17,3,0,-0.9659258262890683,-0.25881904510252063,0,1875.0,1.0,0.75,0.0,1.5
6,2015-01-31 21:36:47,2015-01-31 22:08:05,c7e2ac420af977df8c6ccc95ac8dc911,sandwich,3,1,890.0,1,795,795,37.0,34.0,41.0,31.3,21,5,1,-0.7071067811865477,0.7071067811865474,0,890.0,1.0,0.8947368421052632,3.0,1.0789473684210527
6,2015-02-12 02:15:47,2015-02-12 03:31:35,c422e39e579b0c8896e9d9fc9a2ca8ac,greek,3,2,2120.0,2,795,1025,37.0,34.0,41.0,75.8,2,3,0,0.49999999999999994,0.8660254037844387,230,1060.0,1.0,0.8947368421052632,3.0,1.0789473684210527
1,2015-02-06 20:47:11,2015-02-06 21:41:49,d2350a54d774001d6078e326b4488878,other,5,1,1150.0,1,1150,1150,20.0,20.0,18.0,54.63333333333333,20,4,0,-0.8660254037844386,0.5000000000000001,0,1150.0,1.0,0.9523809523809523,0.0,0.8571428571428571
4,2015-02-05 20:15:51,2015-02-05 21:03:38,45c48cce2e2d7fbdea1afc51c7c6ad26,salad,5,3,1815.0,3,330,880,81.0,77.0,127.0,47.78333333333333,20,3,0,-0.8660254037844386,0.5000000000000001,550,605.0,1.0,0.9390243902439024,4.0,1.548780487804878
5,2015-01-29 05:15:49,2015-01-29 05:37:33,5aae6cf6035cf23bdcb50896a46889b1,italian,1,1,1499.0,1,1499,1499,5.0,5.0,6.0,21.733333333333334,5,3,0,0.9659258262890683,0.25881904510252074,0,1499.0,1.0,0.8333333333333334,0.0,1.0
4,2015-01-30 02:08:15,2015-01-30 03:08:33,28dc6b0e1b33769b4b94685e4f4d1e5c,japanese,3,6,2097.0,6,150,875,98.0,82.0,130.0,60.3,2,4,0,0.49999999999999994,0.8660254037844387,725,349.5,1.0,0.8282828282828283,16.0,1.3131313131313131
1,2015-02-08 19:27:55,2015-02-08 20:02:37,964d180ea80d672a811ed3b56da0b05e,other,2,1,4000.0,1,3000,3750,6.0,6.0,4.0,34.7,19,6,1,-0.9659258262890684,0.2588190451025203,750,4000.0,1.0,0.8571428571428571,0.0,0.5714285714285714
4,2015-02-01 22:14:52,2015-02-01 22:54:40,1f02ab6d5abf20738d8789ca8741f185,indian,5,3,1047.0,3,349,349,40.0,34.0,40.0,39.8,22,6,1,-0.5000000000000004,0.8660254037844384,0,349.0,1.0,0.8292682926829268,6.0,0.975609756097561
2,2015-02-08 00:05:35,2015-02-08 01:06:35,b8b9c74ac526fffbeb2d39ab038d1cd7,other,4,6,2120.0,1,295,295,52.0,43.0,43.0,61.0,0,6,1,0.0,1.0,0,353.3333333333333,6.0,0.8113207547169812,9.0,0.8113207547169812
4,2015-02-12 02:48:17,2015-02-12 03:35:59,a0b83c02d720415dada82e08bc09e9f3,burger,4,3,1147.0,3,229,669,109.0,109.0,202.0,47.7,2,3,0,0.49999999999999994,0.8660254037844387,440,382.3333333333333,1.0,0.990909090909091,0.0,1.8363636363636364
6,2015-02-05 02:39:51,2015-02-05 04:01:02,42853a61b26fef79e2ae788d97356799,american,3,1,1459.0,1,1459,1459,37.0,34.0,41.0,81.18333333333334,2,3,0,0.49999999999999994,0.8660254037844387,0,1459.0,1.0,0.8947368421052632,3.0,1.0789473684210527
5,2015-02-08 03:00:50,2015-02-08 04:29:35,273cfc835c96d80d6f1f254d6a8f0ffa,pizza,5,2,3985.0,2,1300,1645,16.0,17.0,34.0,88.75,3,6,1,0.7071067811865475,0.7071067811865476,345,1992.5,1.0,1.0,0.0,2.0
5,2015-02-12 04:33:04,2015-02-12 05:15:12,46f6215956d7c46255d00263c715c9d4,unknown,3,1,1299.0,1,1299,1299,50.0,33.0,33.0,42.13333333333333,4,3,0,0.8660254037844386,0.5000000000000001,0,1299.0,1.0,0.6470588235294118,17.0,0.6470588235294118
4,2015-01-22 23:26:14,2015-01-22 23:48:47,51ef186e18dc00c2d31982567235c559,mexican,3,3,1910.0,3,375,700,17.0,13.0,14.0,22.55,23,3,0,-0.25881904510252157,0.9659258262890681,325,636.6666666666666,1.0,0.7222222222222222,4.0,0.7777777777777778
4,2015-01-26 22:15:21,2015-01-26 22:45:59,93db85ed909c13838ff95ccfa94cebd9,mexican,3,2,1747.0,1,846,846,24.0,54.0,17.0,30.633333333333333,22,0,0,-0.5000000000000004,0.8660254037844384,0,873.5,2.0,2.16,0.0,0.68
3,2015-02-02 19:14:40,2015-02-02 20:11:28,fe256faf97c200de0f7486ddf56c02f6,breakfast,1,2,2390.0,2,995,1045,2.0,2.0,6.0,56.8,19,0,0,-0.9659258262890684,0.2588190451025203,50,1195.0,1.0,0.6666666666666666,0.0,2.0
2,2015-02-13 21:52:20,2015-02-13 22:25:05,81d36e0c6ae485f2a087864badfdc202,mexican,5,1,799.0,1,799,799,47.0,39.0,44.0,32.75,21,4,0,-0.7071067811865477,0.7071067811865474,0,799.0,1.0,0.8125,8.0,0.9166666666666666
1,2015-01-25 03:16:35,2015-01-25 03:45:27,150ed5c71f73db79f0ee5a7ac78572e6,mediterranean,5,1,995.0,1,995,995,77.0,66.0,76.0,28.866666666666667,3,6,1,0.7071067811865475,0.7071067811865476,0,995.0,1.0,0.8461538461538461,11.0,0.9743589743589743
2,2015-02-18 03:34:43,2015-02-18 04:02:51,fe73f687e5bc5280214e0486b273a5f9,vietnamese,5,3,2025.0,2,475,950,99.0,65.0,107.0,28.133333333333333,3,2,0,0.7071067811865475,0.7071067811865476,475,675.0,1.5,0.65,34.0,1.07
6,2015-01-30 19:08:41,2015-01-30 20:25:01,2e8b0ad62c8a9f3c5af58a346076e638,sandwich,2,9,8630.0,8,150,1199,37.0,34.0,41.0,76.33333333333333,19,4,0,-0.9659258262890684,0.2588190451025203,1049,958.8888888888889,1.125,0.8947368421052632,3.0,1.0789473684210527
5,2015-02-15 20:43:07,2015-02-15 21:45:31,6c2fdcf862a752ca2c9e49866a05e1df,vietnamese,1,3,2463.0,3,680,1088,19.0,11.0,20.0,62.4,20,6,1,-0.8660254037844386,0.5000000000000001,408,821.0,1.0,0.55,8.0,1.0
4,2015-02-14 04:00:38,2015-02-14 04:36:35,efb53b87d5f5286f29b7791ec36a34f8,pizza,2,2,3200.0,1,1600,1600,74.0,48.0,60.0,35.95,4,5,1,0.8660254037844386,0.5000000000000001,0,1600.0,2.0,0.64,26.0,0.8
1,2015-02-04 16:55:05,2015-02-04 17:31:57,11348e03e23b137d55d94464250a67a2,fast,4,1,357.0,1,357,357,3.0,2.0,4.0,36.86666666666667,16,2,0,-0.8660254037844384,-0.5000000000000004,0,357.0,1.0,0.5,1.0,1.0
3,2015-01-28 02:11:22,2015-01-28 03:12:20,882735cbdfd9f810814d17892ae50023,dessert,1,4,5640.0,4,674,1968,34.0,40.0,36.0,60.96666666666667,2,2,0,0.49999999999999994,0.8660254037844387,1294,1410.0,1.0,1.1428571428571428,0.0,1.0285714285714285
4,2015-02-05 20:12:11,2015-02-05 21:02:23,6e2eec9ca19c076736d19ac5426473af,pizza,3,2,1688.0,2,299,1389,80.0,78.0,132.0,50.2,20,3,0,-0.8660254037844386,0.5000000000000001,1090,844.0,1.0,0.9629629629629629,2.0,1.6296296296296295
5,2015-02-02 01:09:59,2015-02-02 01:39:05,3bc8f7011e08bfe6830c967b497bdf6d,pizza,1,2,1299.0,2,499,800,28.0,25.0,34.0,29.1,1,0,0,0.25881904510252074,0.9659258262890683,301,649.5,1.0,0.8620689655172413,3.0,1.1724137931034482
2,2015-01-23 05:56:36,2015-01-23 06:26:38,1f5069142727648138a54524b5beeb58,dessert,5,2,1195.0,2,300,895,21.0,22.0,26.0,30.033333333333335,5,4,0,0.9659258262890683,0.25881904510252074,595,597.5,1.0,1.0,0.0,1.1818181818181819
3,2015-02-04 19:29:47,2015-02-04 20:35:16,189e3f782cbb3f4cc1ae9702adca884e,other,1,2,1390.0,1,395,395,37.0,34.0,41.0,65.48333333333333,19,2,0,-0.9659258262890684,0.2588190451025203,0,695.0,2.0,0.8947368421052632,3.0,1.0789473684210527
4,2015-02-16 03:56:05,2015-02-16 04:34:52,e165421110ba03099a1c0393373c5b43,burger,5,2,1927.0,2,679,999,101.0,91.0,99.0,38.78333333333333,3,0,0,0.7071067811865475,0.7071067811865476,320,963.5,1.0,0.8921568627450981,10.0,0.9705882352941176
4,2015-02-08 06:24:37,2015-02-08 07:20:03,2b38c2df6a49b97f706ec9148ce48d86,dessert,1,2,2790.0,2,795,1995,9.0,6.0,8.0,55.43333333333333,6,6,1,1.0,6.123233995736766e-17,1200,1395.0,1.0,0.6,3.0,0.8
1,2015-01-29 02:16:49,2015-01-29 03:25:54,fe2d010308a6b3799a3d9c728ee74244,dessert,4,12,1308.0,6,109,109,41.0,34.0,32.0,69.08333333333333,2,3,0,0.49999999999999994,0.8660254037844387,0,109.0,2.0,0.8095238095238095,7.0,0.7619047619047619
3,2015-02-07 03:37:01,2015-02-07 04:16:02,8164ca2fe04767628ac1c6813e8a0867,mexican,1,3,1455.0,1,325,325,8.0,9.0,9.0,39.016666666666666,3,5,1,0.7071067811865475,0.7071067811865476,0,485.0,3.0,1.0,0.0,1.0
2,2015-01-27 20:29:41,2015-01-27 20:55:04,7f100b7b36092fb9b06dfb4fac360931,burger,5,2,1290.0,2,295,995,47.0,37.0,38.0,25.383333333333333,20,1,0,-0.8660254037844386,0.5000000000000001,700,645.0,1.0,0.7708333333333334,10.0,0.7916666666666666
4,2015-01-23 05:49:40,2015-01-23 06:07:47,64e6098144c759b0eaba7129a71067e9,fast,4,3,857.0,2,189,479,23.0,15.0,11.0,18.116666666666667,5,4,0,0.9659258262890683,0.25881904510252074,290,285.6666666666667,1.5,0.625,8.0,0.4583333333333333
5,2015-01-26 00:03:22,2015-01-26 00:33:46,0c0cfd9478c6551fbfe74a7acb6fc037,american,4,1,999.0,1,999,999,8.0,19.0,11.0,30.4,0,0,0,0.0,1.0,0,999.0,1.0,2.111111111111111,0.0,1.2222222222222223
3,2015-02-13 03:57:35,2015-02-13 04:34:36,e6acf4b0f69f6f6e60e9a815938aa1ff,pizza,3,2,3106.0,2,299,1379,47.0,34.0,31.0,37.016666666666666,3,4,0,0.7071067811865475,0.7071067811865476,1080,1553.0,1.0,0.7083333333333334,13.0,0.6458333333333334
2,2015-01-31 04:11:35,2015-01-31 05:11:46,f74909ace68e51891440e4da0b65a70c,chinese,5,3,3640.0,3,950,1395,65.0,82.0,125.0,60.18333333333333,4,5,1,0.8660254037844386,0.5000000000000001,445,1213.3333333333333,1.0,1.2424242424242424,0.0,1.893939393939394
5,2015-02-07 04:10:52,2015-02-07 04:52:44,14c4f36143b4b09cbc320d7c95a50ee7,american,1,3,3770.0,3,750,1425,50.0,51.0,93.0,41.86666666666667,4,5,1,0.8660254037844386,0.5000000000000001,675,1256.6666666666667,1.0,1.0,0.0,1.8235294117647058
2,2015-01-27 19:31:24,2015-01-27 20:05:27,da94cbeff56cfda50785df477941308b,pizza,2,4,2134.0,3,499,735,40.0,40.0,49.0,34.05,19,1,0,-0.9659258262890684,0.2588190451025203,236,533.5,1.3333333333333333,0.975609756097561,0.0,1.1951219512195121
1,2015-02-07 03:09:11,2015-02-07 04:13:52,d2350a54d774001d6078e326b4488878,other,5,15,9100.0,6,220,950,24.0,26.0,29.0,64.68333333333334,3,5,1,0.7071067811865475,0.7071067811865476,730,606.6666666666666,2.5,1.04,0.0,1.16
4,2015-02-04 00:05:22,2015-02-04 00:48:35,46f76a4bda9a9579eab38a8f6eabcda1,american,3,3,4645.0,3,1125,2025,7.0,9.0,20.0,43.21666666666667,0,2,0,0.0,1.0,900,1548.3333333333333,1.0,1.125,0.0,2.5
2,2015-01-26 00:15:10,2015-01-26 01:11:30,5862f23182fd612174fbdeabb70628ff,fast,4,3,10819.0,3,3000,3750,26.0,53.0,45.0,56.333333333333336,0,0,0,0.0,1.0,750,3606.3333333333335,1.0,1.962962962962963,0.0,1.6666666666666667
4,2015-02-02 03:00:19,2015-02-02 03:58:00,37db66c660124c61c9516cf488344005,italian,3,1,1895.0,1,1895,1895,49.0,48.0,95.0,57.68333333333333,3,0,0,0.7071067811865475,0.7071067811865476,0,1895.0,1.0,0.96,1.0,1.9
3,2015-02-09 01:50:32,2015-02-09 02:31:34,ccb421d5f36c5a412816d494b15ca9f6,other,1,2,1250.0,2,350,850,36.0,21.0,19.0,41.03333333333333,1,0,0,0.25881904510252074,0.9659258262890683,500,625.0,1.0,0.5675675675675675,15.0,0.5135135135135135
5,2015-02-02 19:48:02,2015-02-02 20:11:44,be26abe76fb5c8a4921cf9d3e865b454,dessert,5,2,1490.0,2,295,1195,18.0,17.0,16.0,23.7,19,0,0,-0.9659258262890684,0.2588190451025203,900,745.0,1.0,0.8947368421052632,1.0,0.8421052631578947
2,2015-01-26 19:47:26,2015-01-26 20:50:43,d947bf06a885db0d477d707121934ff8,other,5,2,2150.0,2,550,1600,35.0,63.0,47.0,63.28333333333333,19,0,0,-0.9659258262890684,0.2588190451025203,1050,1075.0,1.0,1.75,0.0,1.3055555555555556
4,2015-02-09 18:50:01,2015-02-09 19:19:56,cf2226ddd41b1a2d0ae51dab54d32c36,fast,3,1,775.0,1,775,775,37.0,29.0,59.0,29.916666666666668,18,0,0,-1.0,-1.8369701987210297e-16,0,775.0,1.0,0.7631578947368421,8.0,1.5526315789473684
1,2015-02-09 02:20:07,2015-02-09 03:10:16,ca75910166da03ff9d4655a0338e6b09,mexican,3,2,2300.0,2,1000,1300,16.0,17.0,24.0,50.15,2,0,0,0.49999999999999994,0.8660254037844387,300,1150.0,1.0,1.0,0.0,1.411764705882353
5,2015-02-03 01:01:45,2015-02-03 01:44:43,0f0e13216262f4a201bec128044dd30f,mexican,1,6,4816.0,3,582,775,27.0,29.0,30.0,42.96666666666667,1,1,0,0.25881904510252074,0.9659258262890683,193,802.6666666666666,2.0,1.0357142857142858,0.0,1.0714285714285714
1,2015-02-14 03:14:47,2015-02-14 03:57:36,c75b6f114c23a4d7ea11331e7c00e73c,american,1,1,1200.0,1,1200,1200,63.0,63.0,92.0,42.81666666666667,3,5,1,0.7071067811865475,0.7071067811865476,0,1200.0,1.0,0.984375,0.0,1.4375
2,2015-02-02 02:36:18,2015-02-02 03:31:38,ebdc056de8b5669b744b8589add41f8c,unknown,2,3,4535.0,2,1095,1595,77.0,83.0,192.0,55.333333333333336,2,0,0,0.49999999999999994,0.8660254037844387,500,1511.6666666666667,1.5,1.064102564102564,0.0,2.4615384615384617
2,2015-02-10 22:17:08,2015-02-10 22:51:10,d296c101daa88a51f6ca8cfc1ac79b50,other,5,2,1844.0,2,922,922,16.0,9.0,9.0,34.03333333333333,22,1,0,-0.5000000000000004,0.8660254037844384,0,922.0,1.0,0.5294117647058824,7.0,0.5294117647058824
2,2015-01-31 20:35:16,2015-01-31 21:22:56,485843481a7edacbfce101ecb1e4d2a8,other,1,4,1740.0,3,225,895,63.0,66.0,77.0,47.666666666666664,20,5,1,-0.8660254037844386,0.5000000000000001,670,435.0,1.3333333333333333,1.03125,0.0,1.203125
4,2015-01-29 20:10:47,2015-01-29 20:45:18,03afdbd66e7929b125f8597834fa83a4,other,3,1,1700.0,1,1700,1700,77.0,71.0,144.0,34.516666666666666,20,3,0,-0.8660254037844386,0.5000000000000001,0,1700.0,1.0,0.9102564102564102,6.0,1.8461538461538463
1,2015-01-28 03:06:16,2015-01-28 03:46:41,aba3b6fd5d186d28e06ff97135cade7f,mexican,5,4,4660.0,4,695,1875,55.0,55.0,78.0,40.416666666666664,3,2,0,0.7071067811865475,0.7071067811865476,1180,1165.0,1.0,0.9821428571428571,0.0,1.3928571428571428
6,2015-02-15 23:33:10,2015-02-15 23:58:57,af4d3ce5d7a2e6955130f2b2720d0873,mexican,2,1,895.0,1,895,895,37.0,34.0,41.0,25.783333333333335,23,6,1,-0.25881904510252157,0.9659258262890681,0,895.0,1.0,0.8947368421052632,3.0,1.0789473684210527
3,2015-02-04 01:14:06,2015-02-04 02:05:28,d2d2c6e2445eef2bcff6bf0fdf69846c,other,1,5,4075.0,4,545,1095,37.0,34.0,41.0,51.36666666666667,1,2,0,0.25881904510252074,0.9659258262890683,550,815.0,1.25,0.8947368421052632,3.0,1.0789473684210527
1,2015-02-01 01:47:33,2015-02-01 02:32:17,609a199881ca4ba9c95688235cd6ac5c,italian,3,4,3660.0,4,350,1195,10.0,10.0,11.0,44.733333333333334,1,6,1,0.25881904510252074,0.9659258262890683,845,915.0,1.0,0.9090909090909091,0.0,1.0
3,2015-01-25 02:38:56,2015-01-25 03:25:44,7366b7a89fc9d6c90e308d633d63884f,chinese,3,4,4480.0,4,895,1295,8.0,8.0,10.0,46.8,2,6,1,0.49999999999999994,0.8660254037844387,400,1120.0,1.0,0.8888888888888888,0.0,1.1111111111111112
6,2015-02-04 01:57:05,2015-02-04 02:42:21,24cceab7ffc1118f5daaace13c670885,other,1,1,4100.0,1,3000,3000,37.0,34.0,41.0,45.266666666666666,1,2,0,0.25881904510252074,0.9659258262890683,0,4100.0,1.0,0.8947368421052632,3.0,1.0789473684210527
1,2015-01-24 23:53:16,2015-01-25 00:34:21,9bb6dee73b8b0ca97466ccb24fff3139,seafood,5,3,3700.0,3,650,1550,18.0,14.0,15.0,41.083333333333336,23,5,1,-0.25881904510252157,0.9659258262890681,900,1233.3333333333333,1.0,0.7368421052631579,4.0,0.7894736842105263
6,2015-02-03 21:20:16,2015-02-03 21:51:41,30293457191c29e0d0d7a715d26041bd,sandwich,3,2,2450.0,2,475,975,37.0,34.0,41.0,31.416666666666668,21,1,0,-0.7071067811865477,0.7071067811865474,500,1225.0,1.0,0.8947368421052632,3.0,1.0789473684210527
4,2015-02-01 02:09:40,2015-02-01 02:57:51,d37eb50d868361ea729bb4147eb3c1d8,mexican,1,3,3900.0,3,1000,1500,83.0,76.0,123.0,48.18333333333333,2,6,1,0.49999999999999994,0.8660254037844387,500,1300.0,1.0,0.9047619047619048,7.0,1.4642857142857142
5,2015-02-15 06:36:59,2015-02-15 07:14:26,a2f94d8e28139ce8120147d24fe3b8f6,american,1,4,1676.0,4,79,1219,4.0,4.0,6.0,37.45,6,6,1,1.0,6.123233995736766e-17,1140,419.0,1.0,0.8,0.0,1.2
2,2015-01-28 00:05:08,2015-01-28 00:29:56,be3e9d3f7d70537357c67bb3f4086846,sandwich,5,1,999.0,1,999,999,12.0,12.0,14.0,24.8,0,2,0,0.0,1.0,0,999.0,1.0,0.9230769230769231,0.0,1.0769230769230769
1,2015-01-31 20:38:42,2015-01-31 21:35:52,009c434cab57de48a31f6b669e7ba266,salad,5,1,1345.0,1,650,650,17.0,21.0,25.0,57.166666666666664,20,5,1,-0.8660254037844386,0.5000000000000001,0,1345.0,1.0,1.1666666666666667,0.0,1.3888888888888888
1,2015-02-01 20:55:30,2015-02-01 21:52:51,61b80b3c2e4d6c208f2c634ae5816887,dessert,5,6,2753.0,5,349,499,9.0,9.0,17.0,57.35,20,6,1,-0.8660254037844386,0.5000000000000001,150,458.8333333333333,1.2,0.9,0.0,1.7
2,2015-01-31 04:10:38,2015-01-31 04:51:43,0de705dc7d8026cc9b2128b775e4c35e,chinese,3,2,1175.0,2,125,1050,112.0,116.0,174.0,41.083333333333336,4,5,1,0.8660254037844386,0.5000000000000001,925,587.5,1.0,1.0265486725663717,0.0,1.5398230088495575
2,2015-02-01 04:00:28,2015-02-01 05:07:57,c8ed21db4f678f3b13b9d5ee16489088,japanese,3,3,1875.0,3,225,1325,97.0,98.0,177.0,67.48333333333333,4,6,1,0.8660254037844386,0.5000000000000001,1100,625.0,1.0,1.0,0.0,1.8061224489795917
4,2015-02-06 03:33:43,2015-02-06 04:03:38,26657d5ff9020d2abefe558796b99584,pizza,5,1,1899.0,1,1399,1399,125.0,89.0,130.0,29.916666666666668,3,4,0,0.7071067811865475,0.7071067811865476,0,1899.0,1.0,0.7063492063492064,36.0,1.0317460317460319
4,2015-02-13 03:50:13,2015-02-13 04:34:41,dd45045f8c68db9f54e70c67048d32e8,chinese,1,3,2785.0,3,695,1295,71.0,64.0,91.0,44.46666666666667,3,4,0,0.7071067811865475,0.7071067811865476,600,928.3333333333334,1.0,0.8888888888888888,7.0,1.2638888888888888
3,2015-02-12 02:57:55,2015-02-12 03:14:51,47ce0875420b2dbacfc5535f94e68433,fast,4,8,697.0,4,0,329,7.0,7.0,12.0,16.933333333333334,2,3,0,0.49999999999999994,0.8660254037844387,329,87.125,2.0,0.875,0.0,1.5
4,2015-01-28 23:23:20,2015-01-29 00:48:05,a97da629b098b75c294dffdc3e463904,dessert,1,1,1650.0,1,1650,1650,19.0,15.0,21.0,84.75,23,2,0,-0.25881904510252157,0.9659258262890681,0,1650.0,1.0,0.75,4.0,1.05
5,2015-02-16 02:21:46,2015-02-16 03:12:08,2764d14f478b936165226b8c523332e6,other,2,1,390.0,1,350,350,22.0,22.0,32.0,50.36666666666667,2,0,0,0.49999999999999994,0.8660254037844387,0,390.0,1.0,0.9565217391304348,0.0,1.391304347826087
5,2015-02-06 19:28:21,2015-02-06 20:15:08,c18329a875ee3142771b03cad25cfc79,unknown,4,2,1595.0,2,600,995,15.0,13.0,15.0,46.78333333333333,19,4,0,-0.9659258262890684,0.2588190451025203,395,797.5,1.0,0.8125,2.0,0.9375
1,2015-02-01 20:55:17,2015-02-01 21:38:50,b6c0ad241e762099a0a6706761975ec6,mexican,5,1,1515.0,1,1370,1350,29.0,27.0,37.0,43.55,20,6,1,-0.8660254037844386,0.5000000000000001,-20,1515.0,1.0,0.9,2.0,1.2333333333333334
5,2015-01-23 23:08:22,2015-01-23 23:30:38,d3c95acb3f4a091abb1fdc056dc68c1c,vietnamese,1,3,2174.0,3,350,825,7.0,3.0,3.0,22.266666666666666,23,4,0,-0.25881904510252157,0.9659258262890681,475,724.6666666666666,1.0,0.375,4.0,0.375
2,2015-02-13 01:51:50,2015-02-13 02:25:00,d860edd1dd83b36f02ce52bde626c653,thai,1,2,1890.0,2,895,995,115.0,84.0,130.0,33.166666666666664,1,4,0,0.25881904510252074,0.9659258262890683,100,945.0,1.0,0.7241379310344828,31.0,1.1206896551724137
2,2015-01-25 02:13:31,2015-01-25 03:50:22,9854d7afce413aa13cd0a1d39d0bcec5,american,1,1,1589.0,1,1589,1589,110.0,116.0,148.0,96.85,2,6,1,0.49999999999999994,0.8660254037844387,0,1589.0,1.0,1.045045045045045,0.0,1.3333333333333333
2,2015-02-02 21:27:10,2015-02-02 22:18:25,cfecdb276f634854f3ef915e2e980c31,mexican,5,5,3047.0,3,225,999,41.0,43.0,66.0,51.25,21,0,0,-0.7071067811865477,0.7071067811865474,774,609.4,1.6666666666666667,1.0238095238095237,0.0,1.5714285714285714
6,2015-02-15 02:07:35,2015-02-15 03:01:56,777669af68dbccabc30c3b6bcaa81825,fast,1,2,1920.0,2,825,1095,37.0,34.0,41.0,54.35,2,6,1,0.49999999999999994,0.8660254037844387,270,960.0,1.0,0.8947368421052632,3.0,1.0789473684210527
5,2015-02-08 03:42:21,2015-02-08 04:20:11,f806c5d2707545d718717be03e69a8d4,other,1,15,2820.0,7,0,355,116.0,120.0,184.0,37.833333333333336,3,6,1,0.7071067811865475,0.7071067811865476,355,188.0,2.142857142857143,1.0256410256410255,0.0,1.5726495726495726
2,2015-01-22 20:41:57,2015-01-22 21:19:44,1c9ac0159c94d8d0cbedc973445af2da,other,5,4,3060.0,4,275,1295,47.0,49.0,77.0,37.78333333333333,20,3,0,-0.8660254037844386,0.5000000000000001,1020,765.0,1.0,1.0208333333333333,0.0,1.6041666666666667
3,2015-02-01 17:12:01,2015-02-01 17:50:21,7c54073424e22cf30cb7f2af59c4da75,breakfast,4,3,1497.0,3,399,599,3.0,0.0,0.0,38.333333333333336,17,6,1,-0.9659258262890683,-0.25881904510252063,200,499.0,1.0,0.0,3.0,0.0
4,2015-02-12 21:06:40,2015-02-12 21:44:54,27e8e17134dd7083b050476733207ea1,breakfast,5,1,829.0,1,579,579,4.0,4.0,5.0,38.233333333333334,21,3,0,-0.7071067811865477,0.7071067811865474,0,829.0,1.0,0.8,0.0,1.0
2,2015-01-30 19:59:22,2015-01-30 20:34:40,c31e46a74fb556fd7b53f8f6b186d5e9,mexican,5,7,1878.0,4,163,399,45.0,44.0,64.0,35.3,19,4,0,-0.9659258262890684,0.2588190451025203,236,268.2857142857143,1.75,0.9565217391304348,1.0,1.391304347826087
4,2015-01-29 18:42:46,2015-01-29 19:10:14,1145a30ff80745b56fb0cecf65305017,breakfast,1,3,3010.0,3,350,1390,40.0,17.0,25.0,27.466666666666665,18,3,0,-1.0,-1.8369701987210297e-16,1040,1003.3333333333334,1.0,0.4146341463414634,23.0,0.6097560975609756
4,2015-02-13 01:46:31,2015-02-13 02:32:00,979d472a84804b9f647bc185a877a8b5,mediterranean,2,4,3888.0,4,399,1495,97.0,91.0,153.0,45.483333333333334,1,4,0,0.25881904510252074,0.9659258262890683,1096,972.0,1.0,0.9285714285714286,6.0,1.5612244897959184
1,2015-02-12 22:35:28,2015-02-13 00:13:49,8b0dc65f996f98fd178a9defd0efa077,italian,3,2,2800.0,2,1400,1400,13.0,12.0,13.0,98.35,22,3,0,-0.5000000000000004,0.8660254037844384,0,1400.0,1.0,0.8571428571428571,1.0,0.9285714285714286
2,2015-02-05 02:28:14,2015-02-05 03:19:41,eaa32c96f620053cf442ad32258076b9,italian,3,2,2390.0,2,995,1395,114.0,87.0,144.0,51.45,2,3,0,0.49999999999999994,0.8660254037844387,400,1195.0,1.0,0.7565217391304347,27.0,1.2521739130434784
2,2015-02-01 17:23:26,2015-02-01 18:04:00,991de292e76f74f3c285b3f6d57958d5,breakfast,2,4,4450.0,3,1000,1300,25.0,26.0,30.0,40.56666666666667,17,6,1,-0.9659258262890683,-0.25881904510252063,300,1112.5,1.3333333333333333,1.0,0.0,1.1538461538461537
4,2015-01-28 00:06:04,2015-01-28 00:32:43,93db85ed909c13838ff95ccfa94cebd9,mexican,3,1,1025.0,1,825,825,34.0,24.0,26.0,26.65,0,2,0,0.0,1.0,0,1025.0,1.0,0.6857142857142857,10.0,0.7428571428571429
2,2015-01-26 19:32:23,2015-01-26 20:15:57,48db71587df6c7c442e5b76cc723169a,other,3,2,1470.0,2,695,775,35.0,52.0,37.0,43.56666666666667,19,0,0,-0.9659258262890684,0.2588190451025203,80,735.0,1.0,1.4444444444444444,0.0,1.0277777777777777
1,2015-01-28 00:55:08,2015-01-28 02:10:52,b5dc4e5d9b495d0196f61d45b26ef33e,burger,2,8,7395.0,8,275,1195,0.0,0.0,0.0,75.73333333333333,0,2,0,0.0,1.0,920,924.375,1.0,0.0,0.0,0.0
2,2015-01-23 01:56:53,2015-01-23 02:53:09,a597e50502f5ff68e3e25b9114205d4a,italian,5,5,4250.0,4,500,1450,94.0,93.0,129.0,56.266666666666666,1,4,0,0.25881904510252074,0.9659258262890683,950,850.0,1.25,0.9789473684210527,1.0,1.3578947368421053
3,2015-02-14 02:43:21,2015-02-14 03:37:53,47ce0875420b2dbacfc5535f94e68433,fast,4,8,1392.0,4,129,249,7.0,7.0,9.0,54.53333333333333,2,5,1,0.49999999999999994,0.8660254037844387,120,174.0,2.0,0.875,0.0,1.125
2,2015-02-05 03:16:24,2015-02-05 03:49:17,93a819cbd635bd1505ef0f804c21cc2a,mexican,5,5,3950.0,4,190,1515,60.0,59.0,90.0,32.88333333333333,3,3,0,0.7071067811865475,0.7071067811865476,1325,790.0,1.25,0.9672131147540983,1.0,1.4754098360655739
1,2015-02-12 03:30:35,2015-02-12 04:13:29,53c04118df112c13a8c34b38343b9c10,indian,3,4,3180.0,4,195,1395,0.0,0.0,0.0,42.9,3,3,0,0.7071067811865475,0.7071067811865476,1200,795.0,1.0,0.0,0.0,0.0
4,2015-01-23 01:48:09,2015-01-23 02:33:49,8baca01b732cf56f7ce83df216514363,breakfast,1,3,1725.0,3,450,750,11.0,11.0,15.0,45.666666666666664,1,4,0,0.25881904510252074,0.9659258262890683,300,575.0,1.0,0.9166666666666666,0.0,1.25
5,2015-02-12 20:34:29,2015-02-12 21:31:41,e1054bf2d703bca1e8fe101d3ac5efcd,mexican,1,5,4614.0,4,269,1299,26.0,20.0,19.0,57.2,20,3,0,-0.8660254037844386,0.5000000000000001,1030,922.8,1.25,0.7407407407407407,6.0,0.7037037037037037
3,2015-02-10 02:33:58,2015-02-10 03:08:13,09a5e2a11bea20817477e0b1dfe2cc21,pizza,5,3,3150.0,3,950,1050,41.0,42.0,46.0,34.25,2,1,0,0.49999999999999994,0.8660254037844387,100,1050.0,1.0,1.0,0.0,1.0952380952380953
1,2015-02-04 22:26:59,2015-02-04 23:17:25,571d3a9420bfd9219f65b643d0003bf4,burger,1,9,5160.0,6,239,869,13.0,5.0,5.0,50.43333333333333,22,2,0,-0.5000000000000004,0.8660254037844384,630,573.3333333333334,1.5,0.35714285714285715,8.0,0.35714285714285715
2,2015-02-01 00:55:12,2015-02-01 01:22:41,f197002b9a0853eca5e046d9ca4663d5,other,3,3,2650.0,3,650,1050,71.0,68.0,77.0,27.483333333333334,0,6,1,0.0,1.0,400,883.3333333333334,1.0,0.9444444444444444,3.0,1.0694444444444444
4,2015-02-01 16:20:27,2015-02-01 17:04:19,fc49306d97602c8ed1be1dfbf0835ead,american,4,2,1598.0,1,799,799,4.0,4.0,4.0,43.86666666666667,16,6,1,-0.8660254037844384,-0.5000000000000004,0,799.0,2.0,0.8,0.0,0.8
3,2015-01-31 00:28:39,2015-01-31 01:10:08,260c2432a0eecc28ce03c10dadc078a4,burger,4,2,730.0,1,310,310,11.0,6.0,7.0,41.483333333333334,0,5,1,0.0,1.0,0,365.0,2.0,0.5,5.0,0.5833333333333334
4,2015-02-01 02:15:49,2015-02-01 03:06:36,98d6f58ab0dafbb86b083a001561bb34,seafood,5,3,4300.0,2,500,1650,66.0,59.0,92.0,50.78333333333333,2,6,1,0.49999999999999994,0.8660254037844387,1150,1433.3333333333333,1.5,0.8805970149253731,7.0,1.373134328358209
2,2015-01-25 23:11:59,2015-01-25 23:56:32,446ac7480f6cd015d176f8b3d28a03b5,pizza,3,2,2400.0,2,800,1600,56.0,72.0,63.0,44.55,23,6,1,-0.25881904510252157,0.9659258262890681,800,1200.0,1.0,1.263157894736842,0.0,1.105263157894737
4,2015-02-01 01:06:27,2015-02-01 01:43:30,44f683a84163b3523afe57c2e008bc8c,other,2,5,7645.0,5,1399,1949,65.0,59.0,80.0,37.05,1,6,1,0.25881904510252074,0.9659258262890683,550,1529.0,1.0,0.8939393939393939,6.0,1.2121212121212122
4,2015-01-24 23:27:22,2015-01-25 00:16:37,cb12d7f933e7d102c52231bf62b8a678,burger,4,3,1247.0,3,249,729,17.0,31.0,12.0,49.25,23,5,1,-0.25881904510252157,0.9659258262890681,480,415.6666666666667,1.0,1.7222222222222223,0.0,0.6666666666666666
1,2015-02-10 04:50:14,2015-02-10 05:24:00,fe50ae64d08d4f8245aaabc55d1baf79,other,1,4,4600.0,4,700,1500,29.0,32.0,35.0,33.766666666666666,4,1,0,0.8660254037844386,0.5000000000000001,800,1150.0,1.0,1.0666666666666667,0.0,1.1666666666666667
2,2015-01-31 01:20:43,2015-01-31 02:36:40,73b98aaf0b3dc56931f522711bcb457b,unknown,4,4,4480.0,4,795,1395,89.0,86.0,120.0,75.95,1,5,1,0.25881904510252074,0.9659258262890683,600,1120.0,1.0,0.9555555555555556,3.0,1.3333333333333333
2,2015-01-25 06:17:51,2015-01-25 06:52:22,0d73a25092e5c1c9769a9f3255caa65a,dessert,1,3,4885.0,2,1595,1695,25.0,34.0,15.0,34.516666666666666,6,6,1,1.0,6.123233995736766e-17,100,1628.3333333333333,1.5,1.3076923076923077,0.0,0.5769230769230769
2,2015-02-07 23:42:52,2015-02-08 00:29:20,3fe94a002317b5f9259f82690aeea4cd,other,5,1,2099.0,1,1799,1799,27.0,28.0,34.0,46.46666666666667,23,5,1,-0.25881904510252157,0.9659258262890681,0,2099.0,1.0,1.0,0.0,1.2142857142857142
4,2015-01-25 03:11:34,2015-01-25 03:53:50,f023559c6d59c04e3804209f573dbff9,chinese,4,2,1670.0,1,710,710,103.0,130.0,120.0,42.266666666666666,3,6,1,0.7071067811865475,0.7071067811865476,0,835.0,2.0,1.25,0.0,1.1538461538461537
1,2015-02-06 06:14:44,2015-02-06 07:14:34,64dc9a6c0360fbe40c49a20e4c0aaa6f,other,5,5,1395.0,4,160,350,3.0,0.0,0.0,59.833333333333336,6,4,0,1.0,6.123233995736766e-17,190,279.0,1.25,0.0,3.0,0.0
4,2015-02-15 20:43:04,2015-02-15 21:20:41,0d0fd7c6e093f7b804fa0150b875b868,american,1,3,2985.0,1,995,995,49.0,43.0,62.0,37.61666666666667,20,6,1,-0.8660254037844386,0.5000000000000001,0,995.0,3.0,0.86,6.0,1.24
6,2015-02-05 00:09:26,2015-02-05 00:30:01,df5511886da327a5e2877c3cd733d9d7,japanese,2,4,1907.0,4,279,649,37.0,34.0,41.0,20.583333333333332,0,3,0,0.0,1.0,370,476.75,1.0,0.8947368421052632,3.0,1.0789473684210527
3,2015-01-22 02:02:03,2015-01-22 02:49:02,ba2f0015122a5955f8b3a50240fb91b2,pizza,5,1,1675.0,1,750,750,4.0,5.0,8.0,46.983333333333334,2,3,0,0.49999999999999994,0.8660254037844387,0,1675.0,1.0,1.0,0.0,1.6
2,2015-02-17 22:27:46,2015-02-17 23:08:59,1a5ee1ff6e413deb105e03f4bc5be351,sandwich,2,2,2290.0,2,895,995,37.0,30.0,31.0,41.21666666666667,22,1,0,-0.5000000000000004,0.8660254037844384,100,1145.0,1.0,0.7894736842105263,7.0,0.8157894736842105
2,2015-02-09 04:56:21,2015-02-09 05:36:35,0d73a25092e5c1c9769a9f3255caa65a,dessert,1,1,1945.0,1,1595,1595,58.0,47.0,47.0,40.233333333333334,4,0,0,0.8660254037844386,0.5000000000000001,0,1945.0,1.0,0.7966101694915254,11.0,0.7966101694915254
2,2015-02-11 04:16:57,2015-02-11 05:01:24,c1fea270c48e8079d8ddf7d06d26ab52,other,3,3,4085.0,3,595,1895,36.0,42.0,58.0,44.45,4,2,0,0.8660254037844386,0.5000000000000001,1300,1361.6666666666667,1.0,1.135135135135135,0.0,1.5675675675675675
2,2015-02-09 01:32:47,2015-02-09 02:11:30,7f100b7b36092fb9b06dfb4fac360931,burger,5,3,3735.0,3,612,1509,112.0,78.0,130.0,38.71666666666667,1,0,0,0.25881904510252074,0.9659258262890683,897,1245.0,1.0,0.6902654867256637,34.0,1.1504424778761062
2,2015-02-09 05:43:26,2015-02-09 06:04:26,d43ab110ab2489d6b9b2caa394bf920f,mexican,5,4,1942.0,4,275,799,24.0,27.0,26.0,21.0,5,0,0,0.9659258262890683,0.25881904510252074,524,485.5,1.0,1.08,0.0,1.04
6,2015-02-01 03:22:14,2015-02-01 04:03:14,af4d3ce5d7a2e6955130f2b2720d0873,mexican,2,2,900.0,2,200,700,37.0,34.0,41.0,41.0,3,6,1,0.7071067811865475,0.7071067811865476,500,450.0,1.0,0.8947368421052632,3.0,1.0789473684210527
2,2015-01-31 21:03:49,2015-01-31 21:52:26,13f9896df61279c928f19721878fac41,other,2,3,3050.0,2,550,1250,64.0,60.0,72.0,48.61666666666667,21,5,1,-0.7071067811865477,0.7071067811865474,700,1016.6666666666666,1.5,0.9230769230769231,4.0,1.1076923076923078
6,2015-02-10 20:03:37,2015-02-10 20:29:40,9ed017d7372360c256add7a8fe35a0a6,dessert,5,1,1195.0,1,1195,1195,37.0,34.0,41.0,26.05,20,1,0,-0.8660254037844386,0.5000000000000001,0,1195.0,1.0,0.8947368421052632,3.0,1.0789473684210527
3,2015-02-13 18:49:32,2015-02-13 19:48:54,36452e720502e4da486d2f9f6b48a7bb,breakfast,5,1,975.0,1,850,850,11.0,5.0,4.0,59.36666666666667,18,4,0,-1.0,-1.8369701987210297e-16,0,975.0,1.0,0.4166666666666667,6.0,0.3333333333333333
5,2015-02-04 02:50:38,2015-02-04 03:28:06,0e64a7b00c83e3d22ce6b3acf2c582b6,indian,1,3,1866.0,3,298,799,21.0,12.0,17.0,37.46666666666667,2,2,0,0.49999999999999994,0.8660254037844387,501,622.0,1.0,0.5454545454545454,9.0,0.7727272727272727
2,2015-02-08 22:10:39,2015-02-08 22:57:50,a57e8915461b83adefb011530b711704,american,1,1,1550.0,1,1550,1550,66.0,62.0,66.0,47.18333333333333,22,6,1,-0.5000000000000004,0.8660254037844384,0,1550.0,1.0,0.9253731343283582,4.0,0.9850746268656716
3,2015-02-16 00:03:18,2015-02-16 00:36:15,93935dd523dab5829eb26461055fbeeb,pizza,5,2,2018.0,2,604,789,16.0,16.0,17.0,32.95,0,0,0,0.0,1.0,185,1009.0,1.0,0.9411764705882353,0.0,1.0
2,2015-02-14 03:37:27,2015-02-14 04:43:47,d947bf06a885db0d477d707121934ff8,other,5,2,1450.0,2,700,750,119.0,108.0,214.0,66.33333333333333,3,5,1,0.7071067811865475,0.7071067811865476,50,725.0,1.0,0.9,11.0,1.7833333333333334
5,2015-02-09 02:06:42,2015-02-09 02:45:55,c400db3363b99ee026bc9ed0741b79df,chinese,3,2,1590.0,2,795,795,48.0,19.0,47.0,39.21666666666667,2,0,0,0.49999999999999994,0.8660254037844387,0,795.0,1.0,0.3877551020408163,29.0,0.9591836734693877
3,2015-01-24 21:14:56,2015-01-24 21:52:18,621c090c3a61c6809130675a63897a0f,other,1,3,2395.0,3,200,1295,20.0,18.0,15.0,37.36666666666667,21,5,1,-0.7071067811865477,0.7071067811865474,1095,798.3333333333334,1.0,0.8571428571428571,2.0,0.7142857142857143
4,2015-02-11 02:21:41,2015-02-11 03:07:26,3bcf6eecb2611212e088d0d91f2ade9c,italian,1,5,4705.0,4,495,1195,93.0,88.0,159.0,45.75,2,2,0,0.49999999999999994,0.8660254037844387,700,941.0,1.25,0.9361702127659575,5.0,1.6914893617021276
2,2015-01-29 23:56:06,2015-01-30 00:35:24,2836be05e71a8f34902a6e6b37350134,burger,4,3,1637.0,3,419,679,31.0,27.0,30.0,39.3,23,3,0,-0.25881904510252157,0.9659258262890681,260,545.6666666666666,1.0,0.84375,4.0,0.9375
2,2015-02-14 21:18:13,2015-02-14 21:38:06,bcbe3365e6ac95ea2c0343a2395834dd,sandwich,3,3,1506.0,3,239,1018,69.0,59.0,64.0,19.883333333333333,21,5,1,-0.7071067811865477,0.7071067811865474,779,502.0,1.0,0.8428571428571429,10.0,0.9142857142857143
5,2015-02-18 04:05:39,2015-02-18 05:02:46,a6ce91443f690d0979d788694448382d,mexican,1,1,1150.0,1,1150,1150,20.0,17.0,23.0,57.11666666666667,4,2,0,0.8660254037844386,0.5000000000000001,0,1150.0,1.0,0.8095238095238095,3.0,1.0952380952380953
5,2015-02-14 03:31:53,2015-02-14 04:56:41,40c0d2afbc02bb410485f888102743f7,italian,1,2,3447.0,2,1549,1898,30.0,26.0,49.0,84.8,3,5,1,0.7071067811865475,0.7071067811865476,349,1723.5,1.0,0.8387096774193549,4.0,1.5806451612903225
1,2015-02-08 21:28:31,2015-02-08 22:18:15,2d579dc29360d8bbfbb4aa541de5afa9,dessert,2,5,4725.0,1,945,945,17.0,17.0,16.0,49.733333333333334,21,6,1,-0.7071067811865477,0.7071067811865474,0,945.0,5.0,0.9444444444444444,0.0,0.8888888888888888
4,2015-02-16 22:35:27,2015-02-16 23:14:48,d0cbf1a1aa1726784df15a81ead214f7,greek,5,1,1199.0,1,1199,1199,18.0,16.0,15.0,39.35,22,0,0,-0.5000000000000004,0.8660254037844384,0,1199.0,1.0,0.8421052631578947,2.0,0.7894736842105263
2,2015-01-25 04:41:15,2015-01-25 05:13:02,40230e64fd4a497af221ee70e5e3f49b,pizza,3,1,2599.0,1,2599,2599,39.0,68.0,63.0,31.783333333333335,4,6,1,0.8660254037844386,0.5000000000000001,0,2599.0,1.0,1.7,0.0,1.575
1,2015-02-09 02:07:41,2015-02-09 03:28:18,03e0704b5690a2dee1861dc3ad3316c9,american,1,4,3900.0,3,700,1600,17.0,18.0,21.0,80.61666666666666,2,0,0,0.49999999999999994,0.8660254037844387,900,975.0,1.3333333333333333,1.0,0.0,1.1666666666666667
1,2015-01-31 20:00:36,2015-01-31 21:01:07,687fd5c7e0142dfb2da70e5083b3c6a7,fast,1,1,775.0,1,775,775,17.0,16.0,21.0,60.516666666666666,20,5,1,-0.8660254037844386,0.5000000000000001,0,775.0,1.0,0.8888888888888888,1.0,1.1666666666666667
4,2015-01-31 03:53:29,2015-01-31 04:41:05,298f95e1bf9136124592c8d4825a06fc,pizza,3,2,2308.0,2,1029,1279,66.0,62.0,119.0,47.6,3,5,1,0.7071067811865475,0.7071067811865476,250,1154.0,1.0,0.9253731343283582,4.0,1.7761194029850746
4,2015-01-22 02:41:46,2015-01-22 03:38:50,758a06618c69880a6cee5314ee42d52f,unknown,3,3,4600.0,3,800,1900,103.0,91.0,160.0,57.06666666666667,2,3,0,0.49999999999999994,0.8660254037844387,1100,1533.3333333333333,1.0,0.875,12.0,1.5384615384615385
4,2015-02-09 00:40:30,2015-02-09 01:24:08,51ef186e18dc00c2d31982567235c559,mexican,3,1,1145.0,1,865,865,31.0,31.0,29.0,43.63333333333333,0,0,0,0.0,1.0,0,1145.0,1.0,0.96875,0.0,0.90625
1,2015-02-14 03:03:02,2015-02-14 03:55:12,82afe738e1cd207f17505cc80d19b0b8,thai,3,2,2040.0,2,995,1045,25.0,25.0,41.0,52.166666666666664,3,5,1,0.7071067811865475,0.7071067811865476,50,1020.0,1.0,0.9615384615384616,0.0,1.5769230769230769
2,2015-02-11 02:18:10,2015-02-11 03:07:58,db8e1af0cb3aca1ae2d0018624204529,american,1,2,2450.0,2,1125,1125,77.0,60.0,107.0,49.8,2,2,0,0.49999999999999994,0.8660254037844387,0,1225.0,1.0,0.7692307692307693,17.0,1.3717948717948718
2,2015-01-31 18:03:10,2015-01-31 18:31:20,8d5e957f297893487bd98fa830fa6413,american,5,4,3280.0,4,295,1095,31.0,30.0,34.0,28.166666666666668,18,5,1,-1.0,-1.8369701987210297e-16,800,820.0,1.0,0.9375,1.0,1.0625
2,2015-02-12 02:57:00,2015-02-12 03:47:40,31fefc0e570cb3860f2a6d4b38c6490d,seafood,5,2,2790.0,2,1195,1595,127.0,99.0,157.0,50.666666666666664,2,3,0,0.49999999999999994,0.8660254037844387,400,1395.0,1.0,0.7734375,28.0,1.2265625
2,2015-02-08 01:49:00,2015-02-08 02:35:15,d18f655c3fce66ca401d5f38b48c89af,thai,3,2,2890.0,2,1195,1695,47.0,41.0,60.0,46.25,1,6,1,0.25881904510252074,0.9659258262890683,500,1445.0,1.0,0.8541666666666666,6.0,1.25
3,2015-02-05 03:27:57,2015-02-05 04:22:07,5bf25b785406666d02272cf9cf0b9445,mexican,2,3,4210.0,2,285,3380,10.0,11.0,12.0,54.166666666666664,3,3,0,0.7071067811865475,0.7071067811865476,3095,1403.3333333333333,1.5,1.0,0.0,1.0909090909090908
6,2015-01-24 18:26:56,2015-01-24 19:00:59,5ffaa9f5182c2a36843f438bb1fdbdea,burger,3,3,4355.0,2,1145,1605,37.0,34.0,41.0,34.05,18,5,1,-1.0,-1.8369701987210297e-16,460,1451.6666666666667,1.5,0.8947368421052632,3.0,1.0789473684210527
6,2015-02-13 02:33:41,2015-02-13 03:13:47,78efce208a5242729d222e7e6e3e565e,other,3,2,1698.0,2,599,1099,37.0,34.0,41.0,40.1,2,4,0,0.49999999999999994,0.8660254037844387,500,849.0,1.0,0.8947368421052632,3.0,1.0789473684210527
2,2015-01-31 22:17:26,2015-01-31 22:57:42,98b297950041a42470269d56260243a1,indian,3,8,3819.0,7,250,699,28.0,20.0,22.0,40.266666666666666,22,5,1,-0.5000000000000004,0.8660254037844384,449,477.375,1.1428571428571428,0.6896551724137931,8.0,0.7586206896551724
4,2015-01-31 04:30:51,2015-01-31 05:09:47,ed3d2c21991e3bef5e069713af9fa6ca,other,3,1,1575.0,1,975,975,82.0,82.0,147.0,38.93333333333333,4,5,1,0.8660254037844386,0.5000000000000001,0,1575.0,1.0,0.9879518072289156,0.0,1.7710843373493976
5,2015-01-25 00:35:16,2015-01-25 01:08:50,e6be5b6def555465fea6d6458bd7eba5,indian,1,5,2480.0,5,195,995,25.0,38.0,19.0,33.56666666666667,0,6,1,0.0,1.0,800,496.0,1.0,1.4615384615384615,0.0,0.7307692307692307
2,2015-02-17 19:50:44,2015-02-17 20:18:36,9854d7afce413aa13cd0a1d39d0bcec5,american,1,1,1099.0,1,1099,1099,46.0,44.0,67.0,27.866666666666667,19,1,0,-0.9659258262890684,0.2588190451025203,0,1099.0,1.0,0.9361702127659575,2.0,1.425531914893617
2,2015-02-08 21:08:36,2015-02-08 21:52:18,be3e9d3f7d70537357c67bb3f4086846,sandwich,5,2,1897.0,2,898,999,30.0,30.0,56.0,43.7,21,6,1,-0.7071067811865477,0.7071067811865474,101,948.5,1.0,0.967741935483871,0.0,1.8064516129032258
4,2015-02-06 02:02:09,2015-02-06 02:54:38,d6baf65e0b240ce177cf70da146c8dc8,vietnamese,2,4,5765.0,3,1013,1137,128.0,99.0,119.0,52.483333333333334,2,4,0,0.49999999999999994,0.8660254037844387,124,1441.25,1.3333333333333333,0.7674418604651163,29.0,0.9224806201550387
2,2015-01-26 01:15:47,2015-01-26 01:46:48,1d49780520898fe37f0cd6b41c5311bf,sandwich,5,1,1331.0,1,1331,1331,58.0,82.0,61.0,31.016666666666666,1,0,0,0.25881904510252074,0.9659258262890683,0,1331.0,1.0,1.3898305084745763,0.0,1.0338983050847457
4,2015-02-10 02:25:46,2015-02-10 03:28:22,f1b6f2857fb6d44dd73c7041e0aa0f19,other,5,4,8500.0,4,1000,3600,76.0,75.0,113.0,62.6,2,1,0,0.49999999999999994,0.8660254037844387,2600,2125.0,1.0,0.974025974025974,1.0,1.4675324675324675
1,2015-02-01 20:25:28,2015-02-01 23:02:09,2393d7a6a3258894acc34581978453fa,chinese,2,2,1257.0,2,190,942,9.0,10.0,14.0,156.68333333333334,20,6,1,-0.8660254037844386,0.5000000000000001,752,628.5,1.0,1.0,0.0,1.4
4,2015-02-03 01:53:35,2015-02-03 03:10:03,b78f81d5bdfed3168c472b237f37b43a,pizza,3,2,4000.0,2,1500,2000,31.0,31.0,56.0,76.46666666666667,1,1,0,0.25881904510252074,0.9659258262890683,500,2000.0,1.0,0.96875,0.0,1.75
1,2015-02-13 23:35:59,2015-02-14 00:25:38,995e1fda4a2b5f55ef0df50868bf2a8f,sandwich,5,1,1343.0,1,1018,1018,15.0,11.0,10.0,49.65,23,4,0,-0.25881904510252157,0.9659258262890681,0,1343.0,1.0,0.6875,4.0,0.625
2,2015-02-15 20:10:28,2015-02-15 20:48:38,be3e9d3f7d70537357c67bb3f4086846,sandwich,5,1,999.0,1,999,999,27.0,27.0,36.0,38.166666666666664,20,6,1,-0.8660254037844386,0.5000000000000001,0,999.0,1.0,0.9642857142857143,0.0,1.2857142857142858
2,2015-01-27 02:41:19,2015-01-27 03:29:40,d3d9446802a44259755d38e6d163e820,dessert,4,2,1945.0,2,250,1595,91.0,121.0,168.0,48.35,2,1,0,0.49999999999999994,0.8660254037844387,1345,972.5,1.0,1.315217391304348,0.0,1.826086956521739
1,2015-02-12 20:51:26,2015-02-12 21:36:38,75b769beb7e88dc7c59c1adb2006533c,indian,2,6,5200.0,6,200,1450,7.0,6.0,9.0,45.2,20,3,0,-0.8660254037844386,0.5000000000000001,1250,866.6666666666666,1.0,0.75,1.0,1.125
2,2015-02-15 03:00:15,2015-02-15 04:08:02,6aadca7bd86c4743e6724f9607256126,american,4,2,2098.0,2,999,1099,119.0,112.0,209.0,67.78333333333333,3,6,1,0.7071067811865475,0.7071067811865476,100,1049.0,1.0,0.9333333333333333,7.0,1.7416666666666667
3,2015-02-05 03:24:49,2015-02-05 04:04:18,2119b8d43eafcf353e07d7cb5554170b,mediterranean,4,2,1798.0,2,849,949,11.0,12.0,10.0,39.483333333333334,3,3,0,0.7071067811865475,0.7071067811865476,100,899.0,1.0,1.0,0.0,0.8333333333333334
2,2015-01-22 21:09:02,2015-01-22 21:35:56,c51a02c186f00636e81c8af4845b8b64,mediterranean,2,2,845.0,2,195,650,25.0,34.0,37.0,26.9,21,3,0,-0.7071067811865477,0.7071067811865474,455,422.5,1.0,1.3076923076923077,0.0,1.4230769230769231
2,2015-02-03 04:35:46,2015-02-03 05:11:32,c3fdcb6bbc2bd6e8263cceb41c22b64b,fast,4,3,1017.0,3,119,479,29.0,29.0,43.0,35.766666666666666,4,1,0,0.8660254037844386,0.5000000000000001,360,339.0,1.0,0.9666666666666667,0.0,1.4333333333333333
4,2015-01-25 04:55:17,2015-01-25 05:59:15,a97da629b098b75c294dffdc3e463904,dessert,1,3,2550.0,3,390,1295,58.0,83.0,78.0,63.96666666666667,4,6,1,0.8660254037844386,0.5000000000000001,905,850.0,1.0,1.4067796610169492,0.0,1.3220338983050848
3,2015-02-17 20:02:19,2015-02-17 20:54:24,8fbf752a03d27d94c949ca816b453196,sandwich,5,3,1778.0,3,193,1150,26.0,26.0,32.0,52.083333333333336,20,1,0,-0.8660254037844386,0.5000000000000001,957,592.6666666666666,1.0,0.9629629629629629,0.0,1.1851851851851851
2,2015-02-02 02:38:43,2015-02-02 03:50:49,6789a028871524be3a84e0c3490b4177,other,1,6,4893.0,6,600,1102,37.0,34.0,41.0,72.1,2,0,0,0.49999999999999994,0.8660254037844387,502,815.5,1.0,0.8947368421052632,3.0,1.0789473684210527
2,2015-02-07 02:18:20,2015-02-07 03:06:31,8eb9becbba23d2ccdccddd9ac3f4a02d,indian,3,3,3985.0,3,695,1695,139.0,89.0,159.0,48.18333333333333,2,5,1,0.49999999999999994,0.8660254037844387,1000,1328.3333333333333,1.0,0.6357142857142857,50.0,1.1357142857142857
5,2015-01-29 04:06:14,2015-01-29 04:42:54,8860e834a67da41edd6ffe8a1c58fa55,indian,3,4,2035.0,3,395,650,9.0,9.0,14.0,36.666666666666664,4,3,0,0.8660254037844386,0.5000000000000001,255,508.75,1.3333333333333333,0.9,0.0,1.4
3,2015-02-03 02:49:19,2015-02-03 04:22:24,e1ff36b97044a1c7c73c73e4d27aeba4,mexican,3,4,2340.0,4,265,775,18.0,18.0,32.0,93.08333333333333,2,1,0,0.49999999999999994,0.8660254037844387,510,585.0,1.0,0.9473684210526315,0.0,1.6842105263157894
4,2015-02-02 18:21:55,2015-02-02 18:48:03,335d3d1cd7ef05ec77714a215134914c,mexican,3,1,725.0,1,725,725,22.0,15.0,12.0,26.133333333333333,18,0,0,-1.0,-1.8369701987210297e-16,0,725.0,1.0,0.6521739130434783,7.0,0.5217391304347826
3,2015-02-16 02:04:47,2015-02-16 03:02:58,e97c864e8ac67f7aed5ce53ec28638f5,other,5,3,1836.0,3,279,1059,51.0,50.0,56.0,58.18333333333333,2,0,0,0.49999999999999994,0.8660254037844387,780,612.0,1.0,0.9615384615384616,1.0,1.0769230769230769
4,2015-02-17 04:16:33,2015-02-17 04:47:53,7cbbc409ec990f19c78c75bd1e06f215,other,1,4,7100.0,3,600,2600,65.0,58.0,78.0,31.333333333333332,4,1,0,0.8660254037844386,0.5000000000000001,2000,1775.0,1.3333333333333333,0.8787878787878788,7.0,1.1818181818181819
4,2015-02-05 03:55:17,2015-02-05 05:11:11,151d71ff5173c3e5ade51b51b1429c7c,other,5,3,1950.0,3,350,725,73.0,74.0,137.0,75.9,3,3,0,0.7071067811865475,0.7071067811865476,375,650.0,1.0,1.0,0.0,1.8513513513513513
4,2015-02-06 20:36:50,2015-02-06 21:10:36,23d23cfad64cc753b8c3d43b2042a0d6,seafood,3,1,1900.0,1,1900,1900,54.0,65.0,75.0,33.766666666666666,20,4,0,-0.8660254037844386,0.5000000000000001,0,1900.0,1.0,1.1818181818181819,0.0,1.3636363636363635
1,2015-02-06 01:43:15,2015-02-06 02:18:59,d69116f8b0140cdeb1f99a4d5096ffe4,burger,4,2,1228.0,2,239,769,49.0,40.0,42.0,35.733333333333334,1,4,0,0.25881904510252074,0.9659258262890683,530,614.0,1.0,0.8,9.0,0.84
4,2015-01-22 04:39:56,2015-01-22 05:19:08,07e1cd7dca89a1678042477183b7ac3f,burger,5,1,1700.0,1,1300,1300,56.0,36.0,41.0,39.2,4,3,0,0.8660254037844386,0.5000000000000001,0,1700.0,1.0,0.631578947368421,20.0,0.7192982456140351
2,2015-02-03 01:22:40,2015-02-03 02:02:47,577bcc914f9e55d5e4e4f82f9f00e7d4,chinese,3,4,3920.0,4,895,1050,49.0,31.0,55.0,40.11666666666667,1,1,0,0.25881904510252074,0.9659258262890683,155,980.0,1.0,0.62,18.0,1.1
1,2015-01-29 02:26:27,2015-01-29 03:04:47,9da187a7a191431db943a9a5a6fec6f4,american,3,2,1348.0,2,659,689,15.0,16.0,23.0,38.333333333333336,2,3,0,0.49999999999999994,0.8660254037844387,30,674.0,1.0,1.0,0.0,1.4375
2,2015-02-12 00:46:37,2015-02-12 01:28:01,f9d8a11e28de83af2f210a46dd624a64,unknown,3,2,1848.0,2,849,999,44.0,40.0,42.0,41.4,0,3,0,0.0,1.0,150,924.0,1.0,0.8888888888888888,4.0,0.9333333333333333
4,2015-01-25 06:35:53,2015-01-25 07:16:37,54a367d629152b720749e187b3eaa11b,japanese,1,6,1900.0,5,200,500,3.0,20.0,3.0,40.733333333333334,6,6,1,1.0,6.123233995736766e-17,300,316.6666666666667,1.2,5.0,0.0,0.75
3,2015-02-11 02:23:42,2015-02-11 02:57:15,0bff2aa05a6d99cad062133e6c589de1,mexican,2,1,2899.0,1,2599,2599,22.0,17.0,14.0,33.55,2,2,0,0.49999999999999994,0.8660254037844387,0,2899.0,1.0,0.7391304347826086,5.0,0.6086956521739131
3,2015-01-30 01:27:17,2015-01-30 02:05:20,41f6e8b589d6d47cc56937ff17c493f5,burger,1,4,2376.0,2,419,769,18.0,10.0,10.0,38.05,1,4,0,0.25881904510252074,0.9659258262890683,350,594.0,2.0,0.5263157894736842,8.0,0.5263157894736842
5,2015-01-28 02:39:18,2015-01-28 03:12:50,a7ce4026f43a4491f1284bb38d96f440,burger,5,1,1950.0,1,1400,1400,42.0,28.0,40.0,33.53333333333333,2,2,0,0.49999999999999994,0.8660254037844387,0,1950.0,1.0,0.6511627906976745,14.0,0.9302325581395349
1,2015-02-01 00:07:56,2015-02-01 01:02:46,b7c0c7d6ce233d0fe18625ea3cd5bdb1,pizza,3,2,3223.0,2,1149,1399,6.0,5.0,4.0,54.833333333333336,0,6,1,0.0,1.0,250,1611.5,1.0,0.7142857142857143,1.0,0.5714285714285714
3,2015-01-24 02:31:29,2015-01-24 03:07:58,b7fede84c2be02ccb9c77107956560eb,chinese,4,1,1105.0,1,910,910,61.0,60.0,66.0,36.483333333333334,2,5,1,0.49999999999999994,0.8660254037844387,0,1105.0,1.0,0.967741935483871,1.0,1.064516129032258
3,2015-02-18 03:41:31,2015-02-18 04:11:50,197cec18dff201ab4d1966879423f50b,greek,1,4,4300.0,4,200,2300,37.0,34.0,41.0,30.316666666666666,3,2,0,0.7071067811865475,0.7071067811865476,2100,1075.0,1.0,0.8947368421052632,3.0,1.0789473684210527
2,2015-02-16 03:38:57,2015-02-16 04:32:03,0bb0846327772451045bd30dd347821b,other,3,1,1875.0,1,1875,1875,48.0,47.0,87.0,53.1,3,0,0,0.7071067811865475,0.7071067811865476,0,1875.0,1.0,0.9591836734693877,1.0,1.7755102040816326
6,2015-02-15 21:06:02,2015-02-15 22:10:07,d04863f100d59b3eb688a11f95b0ae60,pizza,2,1,2300.0,1,1200,1200,37.0,34.0,41.0,64.08333333333333,21,6,1,-0.7071067811865477,0.7071067811865474,0,2300.0,1.0,0.8947368421052632,3.0,1.0789473684210527
2,2015-02-14 02:23:07,2015-02-14 04:17:47,11b9842e0a271ff252c1903e7132cd68,pizza,4,2,2390.0,2,495,1895,123.0,93.0,173.0,114.66666666666667,2,5,1,0.49999999999999994,0.8660254037844387,1400,1195.0,1.0,0.75,30.0,1.3951612903225807
5,2015-01-31 02:22:06,2015-01-31 03:09:21,4e5c557bee41e0e7451c68b1223eafe4,chinese,1,4,4980.0,4,995,1295,49.0,26.0,50.0,47.25,2,5,1,0.49999999999999994,0.8660254037844387,300,1245.0,1.0,0.52,23.0,1.0
2,2015-02-06 20:30:20,2015-02-06 21:12:11,ebd9629fc3ae5e9f6611e2ee05a31cef,thai,2,2,1990.0,2,995,995,52.0,46.0,50.0,41.85,20,4,0,-0.8660254037844386,0.5000000000000001,0,995.0,1.0,0.8679245283018868,6.0,0.9433962264150944
3,2015-02-17 03:03:35,2015-02-17 03:51:33,234c7ac2c77173bbfe2e1495dc47c363,chinese,3,2,2795.0,2,1100,1695,42.0,41.0,51.0,47.96666666666667,3,1,0,0.7071067811865475,0.7071067811865476,595,1397.5,1.0,0.9534883720930233,1.0,1.186046511627907
1,2015-02-13 02:44:44,2015-02-13 03:26:18,2d5c1f9d0ff0d0bc3f0465f0ff1ff653,japanese,1,1,3300.0,1,3000,3300,16.0,16.0,18.0,41.56666666666667,2,4,0,0.49999999999999994,0.8660254037844387,300,3300.0,1.0,0.9411764705882353,0.0,1.0588235294117647
1,2015-02-03 01:29:24,2015-02-03 02:14:24,0cddb7c06f1cd518e1efdc0e20b70c31,sandwich,1,10,2290.0,4,129,485,32.0,30.0,35.0,45.0,1,1,0,0.25881904510252074,0.9659258262890683,356,229.0,2.5,0.9090909090909091,2.0,1.0606060606060606
6,2015-01-26 00:15:28,2015-01-26 01:22:17,f0b76267fbe12b936bd65e203dc675c1,burger,1,3,1420.0,3,100,825,37.0,34.0,41.0,66.81666666666666,0,0,0,0.0,1.0,725,473.3333333333333,1.0,0.8947368421052632,3.0,1.0789473684210527
2,2015-02-04 03:32:49,2015-02-04 04:24:22,52dbb0686f8bd0c0c757acf716e28ec0,indian,3,4,3100.0,4,600,1000,47.0,46.0,67.0,51.55,3,2,0,0.7071067811865475,0.7071067811865476,400,775.0,1.0,0.9583333333333334,1.0,1.3958333333333333
1,2015-01-29 03:43:28,2015-01-29 04:47:13,50acb95527b5b98d6a41b41cab45fe6c,pizza,3,12,5317.0,9,50,1299,85.0,69.0,101.0,63.75,3,3,0,0.7071067811865475,0.7071067811865476,1249,443.0833333333333,1.3333333333333333,0.8023255813953488,16.0,1.1744186046511629
4,2015-02-14 02:02:03,2015-02-14 03:25:55,26657d5ff9020d2abefe558796b99584,pizza,5,1,2049.0,1,1899,1899,116.0,109.0,203.0,83.86666666666666,2,5,1,0.49999999999999994,0.8660254037844387,0,2049.0,1.0,0.9316239316239316,7.0,1.735042735042735
5,2015-02-07 00:50:02,2015-02-07 01:21:55,72007983849f4fcb0ad565439834756b,mediterranean,3,5,3565.0,4,100,1095,13.0,13.0,13.0,31.883333333333333,0,5,1,0.0,1.0,995,713.0,1.25,0.9285714285714286,0.0,0.9285714285714286
4,2015-02-13 01:05:28,2015-02-13 01:44:27,93db85ed909c13838ff95ccfa94cebd9,mexican,3,4,2291.0,3,295,846,88.0,66.0,97.0,38.983333333333334,1,4,0,0.25881904510252074,0.9659258262890683,551,572.75,1.3333333333333333,0.7415730337078652,22.0,1.0898876404494382
2,2015-02-15 19:39:39,2015-02-15 20:30:51,be3e9d3f7d70537357c67bb3f4086846,sandwich,5,3,1343.0,3,150,898,21.0,18.0,29.0,51.2,19,6,1,-0.9659258262890684,0.2588190451025203,748,447.6666666666667,1.0,0.8181818181818182,3.0,1.3181818181818181
1,2015-02-08 02:37:31,2015-02-08 03:52:28,a22d33b4a00c165507a61f3bed4b5149,japanese,6,1,1600.0,1,1200,1200,22.0,23.0,30.0,74.95,2,6,1,0.49999999999999994,0.8660254037844387,0,1600.0,1.0,1.0,0.0,1.3043478260869565
1,2015-02-10 00:53:07,2015-02-10 02:18:15,30da227c6b5b9e2482b6b221c711edfd,burger,4,2,4200.0,1,1725,1725,7.0,8.0,12.0,85.13333333333334,0,1,0,0.0,1.0,0,2100.0,2.0,1.0,0.0,1.5
6,2015-02-14 01:36:44,2015-02-14 01:53:23,5739fb4e82ed5366680b13441c6adeb4,thai,3,1,1200.0,1,1200,1200,37.0,34.0,41.0,16.65,1,5,1,0.25881904510252074,0.9659258262890683,0,1200.0,1.0,0.8947368421052632,3.0,1.0789473684210527
2,2015-02-01 01:40:16,2015-02-01 02:14:22,d43ab110ab2489d6b9b2caa394bf920f,mexican,5,3,2647.0,2,649,999,95.0,97.0,123.0,34.1,1,6,1,0.25881904510252074,0.9659258262890683,350,882.3333333333334,1.5,1.0104166666666667,0.0,1.28125
4,2015-01-24 19:02:14,2015-01-24 19:39:48,02b1be0d48924c327124732726097157,sandwich,1,3,2685.0,1,895,895,17.0,40.0,15.0,37.56666666666667,19,5,1,-0.9659258262890684,0.2588190451025203,0,895.0,3.0,2.2222222222222223,0.0,0.8333333333333334
6,2015-02-16 02:38:43,2015-02-16 03:15:18,bc29e1f123ed6f213520caad629ee432,thai,3,2,2000.0,2,800,1200,37.0,34.0,41.0,36.583333333333336,2,0,0,0.49999999999999994,0.8660254037844387,400,1000.0,1.0,0.8947368421052632,3.0,1.0789473684210527
5,2015-01-31 04:46:20,2015-01-31 05:27:45,01f6211e00cc8f00a7b68e8e24b1b4d6,unknown,1,2,1600.0,2,500,900,48.0,24.0,32.0,41.416666666666664,4,5,1,0.8660254037844386,0.5000000000000001,400,800.0,1.0,0.4897959183673469,24.0,0.6530612244897959
1,2015-01-24 00:54:26,2015-01-24 01:37:45,184260348236f9554fe9375772ff966e,pizza,5,6,5300.0,4,350,1050,26.0,19.0,18.0,43.31666666666667,0,5,1,0.0,1.0,700,883.3333333333334,1.5,0.7037037037037037,7.0,0.6666666666666666
2,2015-02-06 05:13:54,2015-02-06 06:02:29,1385974ed5904a438616ff7bdb3f7439,mexican,5,4,1596.0,3,149,649,31.0,36.0,45.0,48.583333333333336,5,4,0,0.9659258262890683,0.25881904510252074,500,399.0,1.3333333333333333,1.125,0.0,1.40625
3,2015-02-15 03:55:38,2015-02-15 04:34:35,8a66cd1b3045b820efd42dbf18eb28e1,american,5,2,1595.0,2,725,795,8.0,8.0,15.0,38.95,3,6,1,0.7071067811865475,0.7071067811865476,70,797.5,1.0,0.8888888888888888,0.0,1.6666666666666667
2,2015-02-07 04:10:21,2015-02-07 04:59:07,70fc5f043205720a49d973d280eb83e7,pizza,3,3,2650.0,3,150,1700,47.0,49.0,94.0,48.766666666666666,4,5,1,0.8660254037844386,0.5000000000000001,1550,883.3333333333334,1.0,1.0208333333333333,0.0,1.9583333333333333
3,2015-02-02 02:52:15,2015-02-02 04:34:30,b2e466c9d91e7a0be71ab741fc76c4a1,thai,3,3,3285.0,3,995,1095,13.0,14.0,28.0,102.25,2,0,0,0.49999999999999994,0.8660254037844387,100,1095.0,1.0,1.0,0.0,2.0
1,2015-02-17 00:40:33,2015-02-17 01:17:09,b06cbb874ce37177f6dcdf690b5ac490,other,5,7,4450.0,7,500,1100,22.0,22.0,28.0,36.6,0,1,0,0.0,1.0,600,635.7142857142857,1.0,0.9565217391304348,0.0,1.2173913043478262
6,2015-02-09 20:09:54,2015-02-09 20:49:28,6e3197aae95c2ff8fcab35cb730f6a86,indian,3,2,1790.0,2,595,1195,37.0,34.0,41.0,39.56666666666667,20,0,0,-0.8660254037844386,0.5000000000000001,600,895.0,1.0,0.8947368421052632,3.0,1.0789473684210527
1,2015-02-12 20:18:59,2015-02-12 21:07:22,300bedd5a8a0b2f1c4bf26d3cd69cc9b,breakfast,3,2,1490.0,2,250,1195,31.0,31.0,35.0,48.38333333333333,20,3,0,-0.8660254037844386,0.5000000000000001,945,745.0,1.0,0.96875,0.0,1.09375
2,2015-02-15 02:31:30,2015-02-15 03:14:33,320722549d1751cf3f247855f937b982,other,2,2,2940.0,2,1395,1395,93.0,84.0,151.0,43.05,2,6,1,0.49999999999999994,0.8660254037844387,0,1470.0,1.0,0.8936170212765957,9.0,1.6063829787234043
6,2015-01-28 01:44:31,2015-01-28 02:25:58,1c66f4627f1b9679f8db47d1287d7e98,pizza,3,2,1237.0,2,539,599,37.0,34.0,41.0,41.45,1,2,0,0.25881904510252074,0.9659258262890683,60,618.5,1.0,0.8947368421052632,3.0,1.0789473684210527
2,2015-02-07 06:52:19,2015-02-07 07:35:41,20affd577bdf871ee8acfc834622791f,japanese,5,3,2193.0,3,499,899,14.0,16.0,24.0,43.36666666666667,6,5,1,1.0,6.123233995736766e-17,400,731.0,1.0,1.0666666666666667,0.0,1.6
4,2015-02-03 21:29:03,2015-02-03 22:03:44,ea5d2f1c4608232e07d3aa3d998e5135,japanese,2,4,3300.0,3,700,1000,54.0,21.0,20.0,34.68333333333333,21,1,0,-0.7071067811865477,0.7071067811865474,300,825.0,1.3333333333333333,0.38181818181818183,33.0,0.36363636363636365
2,2015-02-18 00:03:31,2015-02-18 00:39:36,4734ba6f3de83d861c3176a6273cac6d,greek,5,1,1198.0,1,1099,1099,15.0,11.0,16.0,36.083333333333336,0,2,0,0.0,1.0,0,1198.0,1.0,0.6875,4.0,1.0
3,2015-02-15 02:38:39,2015-02-15 03:33:19,12fb63ba1566cb03484e1e5e290a73f4,other,4,3,1415.0,3,375,395,29.0,29.0,33.0,54.666666666666664,2,6,1,0.49999999999999994,0.8660254037844387,20,471.6666666666667,1.0,0.9666666666666667,0.0,1.1
2,2015-01-30 19:05:14,2015-01-30 20:18:54,635440afdfc39fe37995fed127d7df4f,other,3,15,10851.275000000023,9,399,799,35.0,19.0,32.0,73.66666666666667,19,4,0,-0.9659258262890684,0.2588190451025203,400,723.4183333333349,1.6666666666666667,0.5277777777777778,16.0,0.8888888888888888
6,2015-02-12 19:27:13,2015-02-12 19:54:25,7259202cea475e0e98aa076037cc3f15,american,3,2,2689.0,2,1195,1395,37.0,34.0,41.0,27.2,19,3,0,-0.9659258262890684,0.2588190451025203,200,1344.5,1.0,0.8947368421052632,3.0,1.0789473684210527
4,2015-02-16 05:08:46,2015-02-16 05:44:09,40210a8b585beb1df047a786b7516bb9,other,4,6,1839.0,3,159,329,18.0,18.0,28.0,35.38333333333333,5,0,0,0.9659258262890683,0.25881904510252074,170,306.5,2.0,0.9473684210526315,0.0,1.4736842105263157
2,2015-02-04 01:28:33,2015-02-04 02:13:19,cfc5d9422f0c8f8ad796711102dbe32b,american,1,2,2112.0,2,500,1612,37.0,37.0,42.0,44.766666666666666,1,2,0,0.25881904510252074,0.9659258262890683,1112,1056.0,1.0,0.9736842105263158,0.0,1.105263157894737
4,2015-02-03 01:26:36,2015-02-03 02:38:23,e57c6b956a6521b28495f2886ca0977a,other,5,3,2185.0,3,195,995,55.0,51.0,73.0,71.78333333333333,1,1,0,0.25881904510252074,0.9659258262890683,800,728.3333333333334,1.0,0.9107142857142857,4.0,1.3035714285714286
4,2015-01-26 20:02:34,2015-01-26 21:00:16,73e0f7487b8e5297182c5a711d20bf26,indian,3,5,3475.0,3,295,1395,33.0,53.0,46.0,57.7,20,0,0,-0.8660254037844386,0.5000000000000001,1100,695.0,1.6666666666666667,1.5588235294117647,0.0,1.3529411764705883
2,2015-02-16 19:27:48,2015-02-16 20:22:24,26e359e83860db1d11b6acca57d8ea88,sandwich,3,12,6278.0,6,175,949,28.0,27.0,34.0,54.6,19,0,0,-0.9659258262890684,0.2588190451025203,774,523.1666666666666,2.0,0.9310344827586207,1.0,1.1724137931034482
2,2015-01-22 03:37:06,2015-01-22 04:18:26,cfecdb276f634854f3ef915e2e980c31,mexican,5,9,4691.0,4,349,999,85.0,80.0,107.0,41.333333333333336,3,3,0,0.7071067811865475,0.7071067811865476,650,521.2222222222222,2.25,0.9302325581395349,5.0,1.244186046511628
3,2015-02-11 04:14:14,2015-02-11 04:44:43,e98741479a7b998f88b8f8c9f0b6b6f1,mexican,1,3,850.0,2,250,350,17.0,22.0,21.0,30.483333333333334,4,2,0,0.8660254037844386,0.5000000000000001,100,283.3333333333333,1.5,1.2222222222222223,0.0,1.1666666666666667
6,2015-02-02 20:38:38,2015-02-02 21:13:16,e74c628e8a9447441934d999bfc2474d,indian,3,3,1595.0,3,150,1195,37.0,34.0,41.0,34.63333333333333,20,0,0,-0.8660254037844386,0.5000000000000001,1045,531.6666666666666,1.0,0.8947368421052632,3.0,1.0789473684210527
2,2015-02-13 20:30:30,2015-02-13 21:17:49,fb2fcd534b0ff3bbed73cc51df620323,other,2,2,2290.0,2,895,1095,51.0,47.0,66.0,47.31666666666667,20,4,0,-0.8660254037844386,0.5000000000000001,200,1145.0,1.0,0.9038461538461539,4.0,1.2692307692307692
4,2015-01-28 19:55:29,2015-01-28 20:41:39,d045c59a90d7587d8d671b5f5aec4e7c,sandwich,5,4,1147.0,3,100,797,32.0,33.0,47.0,46.166666666666664,19,2,0,-0.9659258262890684,0.2588190451025203,697,286.75,1.3333333333333333,1.0,0.0,1.4242424242424243
4,2015-01-26 19:06:20,2015-01-26 19:29:22,4537a9e98e90f416dadaedd65c416843,fast,4,4,1629.0,4,265,599,44.0,98.0,49.0,23.033333333333335,19,0,0,-0.9659258262890684,0.2588190451025203,334,407.25,1.0,2.1777777777777776,0.0,1.0888888888888888
2,2015-02-08 21:05:19,2015-02-08 22:05:40,3cfec6ddc9e6325247431a9ee7ee45ef,other,3,3,2927.0,2,949,989,30.0,30.0,56.0,60.35,21,6,1,-0.7071067811865477,0.7071067811865474,40,975.6666666666666,1.5,0.967741935483871,0.0,1.8064516129032258
4,2015-02-05 19:35:09,2015-02-05 20:22:40,5fd0b37cd7dbbb00f97ba6ce92bf5add,vietnamese,5,1,975.0,1,975,975,68.0,66.0,92.0,47.516666666666666,19,3,0,-0.9659258262890684,0.2588190451025203,0,975.0,1.0,0.9565217391304348,2.0,1.3333333333333333
2,2015-01-22 19:04:25,2015-01-22 19:30:01,726bd18c52afc248015dcdbc463c6f85,other,3,11,9620.0,3,850,895,18.0,18.0,24.0,25.6,19,3,0,-0.9659258262890684,0.2588190451025203,45,874.5454545454545,3.6666666666666665,0.9473684210526315,0.0,1.263157894736842
3,2015-02-01 23:11:39,2015-02-01 23:45:51,ab22e28b58c1e3de6bcef48d3f5d8b4a,other,5,2,2190.0,2,1095,1095,11.0,12.0,10.0,34.2,23,6,1,-0.25881904510252157,0.9659258262890681,0,1095.0,1.0,1.0,0.0,0.8333333333333334
3,2015-01-25 03:22:50,2015-01-25 04:13:30,a226e450e214f350856e2980b6e55ac9,other,1,4,4190.0,2,1000,1095,44.0,47.0,78.0,50.666666666666664,3,6,1,0.7071067811865475,0.7071067811865476,95,1047.5,2.0,1.0444444444444445,0.0,1.7333333333333334
2,2015-02-18 03:41:39,2015-02-18 04:39:39,b3e3e393c77e35a4a3f3cbd1e429b5dc,other,5,9,9320.0,8,850,1695,90.0,79.0,94.0,58.0,3,2,0,0.7071067811865475,0.7071067811865476,845,1035.5555555555557,1.125,0.8681318681318682,11.0,1.032967032967033
1,2015-02-11 22:15:15,2015-02-11 23:07:43,708f3cf8100d5e71834b1db77dfa15d6,japanese,1,2,3825.0,2,525,3300,0.0,0.0,0.0,52.46666666666667,22,2,0,-0.5000000000000004,0.8660254037844384,2775,1912.5,1.0,0.0,0.0,0.0
1,2015-02-12 00:27:03,2015-02-12 01:21:13,c5fe17b7a8d023ade2bbb05e574eef78,mediterranean,5,1,3195.0,1,3000,3195,13.0,12.0,23.0,54.166666666666664,0,3,0,0.0,1.0,195,3195.0,1.0,0.8571428571428571,1.0,1.6428571428571428
4,2015-02-12 21:18:49,2015-02-12 21:47:46,c8ffe9a587b126f152ed3d89a146b445,other,3,2,1304.0,2,148,1063,57.0,55.0,81.0,28.95,21,3,0,-0.7071067811865477,0.7071067811865474,915,652.0,1.0,0.9482758620689655,2.0,1.396551724137931
5,2015-02-07 02:14:29,2015-02-07 03:01:47,07fc15c9d169ee48573edd749d25945d,american,1,3,1347.0,3,229,759,30.0,24.0,34.0,47.3,2,5,1,0.49999999999999994,0.8660254037844387,530,449.0,1.0,0.7741935483870968,6.0,1.096774193548387
3,2015-01-29 03:23:49,2015-01-29 04:31:50,4be5a36cbaca8ab9d2066debfe4e65c1,american,5,3,4200.0,3,450,2400,39.0,39.0,44.0,68.01666666666667,3,3,0,0.7071067811865475,0.7071067811865476,1950,1400.0,1.0,0.975,0.0,1.1
1,2015-02-13 21:48:23,2015-02-13 22:25:20,d582ac40970f9885836a61d7b2c662e4,other,1,2,1090.0,2,195,895,3.0,3.0,3.0,36.95,21,4,0,-0.7071067811865477,0.7071067811865474,700,545.0,1.0,0.75,0.0,0.75
3,2015-02-05 02:56:18,2015-02-05 03:25:39,eb61c2b1b1bf5d25c86da9fceef54538,american,4,2,3400.0,2,1100,1600,7.0,4.0,4.0,29.35,2,3,0,0.49999999999999994,0.8660254037844387,500,1700.0,1.0,0.5,3.0,0.5
1,2015-01-24 03:18:16,2015-01-24 05:00:12,479b4864e55e12e0fb411eadb115c095,japanese,4,3,2260.0,2,480,890,65.0,68.0,100.0,101.93333333333334,3,5,1,0.7071067811865475,0.7071067811865476,410,753.3333333333334,1.5,1.0303030303030303,0.0,1.5151515151515151
4,2015-02-10 00:38:06,2015-02-10 01:38:29,329e6581efbc90bd92a1f22c4ba2103d,vietnamese,1,15,10851.275000000023,9,150,995,37.0,34.0,42.0,60.38333333333333,0,1,0,0.0,1.0,845,723.4183333333349,1.6666666666666667,0.8947368421052632,3.0,1.105263157894737
2,2015-02-08 20:58:03,2015-02-08 21:42:11,b783acd4479bf1b8a981bb023b363043,american,1,2,2198.0,1,1099,1099,69.0,70.0,76.0,44.13333333333333,20,6,1,-0.8660254037844386,0.5000000000000001,0,1099.0,2.0,1.0,0.0,1.0857142857142856
3,2015-02-12 18:43:24,2015-02-12 19:20:48,bea99816975d4154590d05ce68da8b63,american,1,5,3375.0,4,295,1195,5.0,4.0,2.0,37.4,18,3,0,-1.0,-1.8369701987210297e-16,900,675.0,1.25,0.6666666666666666,1.0,0.3333333333333333
3,2015-01-24 03:01:22,2015-01-24 03:56:28,698ec16e76917ade649bd5c968cfc2b8,italian,1,5,6629.0,5,995,1295,7.0,7.0,12.0,55.1,3,5,1,0.7071067811865475,0.7071067811865476,300,1325.8,1.0,0.875,0.0,1.5
3,2015-01-29 03:17:41,2015-01-29 03:53:59,05128e44e27c36bdba71221bfccf735d,japanese,1,2,4696.0,1,849,849,30.0,32.0,32.0,36.3,3,3,0,0.7071067811865475,0.7071067811865476,0,2348.0,2.0,1.032258064516129,0.0,1.032258064516129
2,2015-02-17 02:45:25,2015-02-17 03:31:20,577bcc914f9e55d5e4e4f82f9f00e7d4,chinese,3,4,3850.0,4,775,1225,89.0,48.0,85.0,45.916666666666664,2,1,0,0.49999999999999994,0.8660254037844387,450,962.5,1.0,0.5333333333333333,41.0,0.9444444444444444
2,2015-01-24 02:32:50,2015-01-24 03:23:23,95e62984b87e90645a5cf77037395959,american,1,4,4550.0,3,650,1600,113.0,107.0,188.0,50.55,2,5,1,0.49999999999999994,0.8660254037844387,950,1137.5,1.3333333333333333,0.9385964912280702,6.0,1.6491228070175439
2,2015-02-13 17:45:57,2015-02-13 18:23:04,f15d337c70078947cfe1b5d6f0ed3f13,dessert,5,1,895.0,1,895,895,8.0,7.0,13.0,37.11666666666667,17,4,0,-0.9659258262890683,-0.25881904510252063,0,895.0,1.0,0.7777777777777778,1.0,1.4444444444444444
4,2015-02-13 01:21:59,2015-02-13 02:04:36,1f3a4f7715b9fd855595b4836101ec30,other,2,5,4435.0,4,395,1095,46.0,46.0,65.0,42.61666666666667,1,4,0,0.25881904510252074,0.9659258262890683,700,887.0,1.25,0.9787234042553191,0.0,1.3829787234042554
2,2015-02-15 17:38:07,2015-02-15 18:20:34,4c144c47ecba6f8318128703ca9e2601,breakfast,2,8,2600.0,2,125,625,28.0,28.0,36.0,42.45,17,6,1,-0.9659258262890683,-0.25881904510252063,500,325.0,4.0,0.9655172413793104,0.0,1.2413793103448276
3,2015-02-06 18:14:06,2015-02-06 18:56:30,146017373d58c750fab8341254cf6c16,other,4,4,1386.0,4,209,459,4.0,5.0,5.0,42.4,18,4,0,-1.0,-1.8369701987210297e-16,250,346.5,1.0,1.0,0.0,1.0
4,2015-02-03 01:41:53,2015-02-03 02:25:54,12ced2db6f0193dda91ba86224ea1cd8,american,3,2,2345.0,2,1050,1220,64.0,63.0,86.0,44.016666666666666,1,1,0,0.25881904510252074,0.9659258262890683,170,1172.5,1.0,0.9692307692307692,1.0,1.323076923076923
5,2015-01-27 01:24:02,2015-01-27 02:02:45,a377a022498719f6566b287f2bff012e,burger,4,5,2085.0,4,149,489,27.0,33.0,18.0,38.71666666666667,1,1,0,0.25881904510252074,0.9659258262890683,340,417.0,1.25,1.1785714285714286,0.0,0.6428571428571429
3,2015-02-17 02:23:29,2015-02-17 02:58:11,ec0bfd000f253eff3acb1043e1c06979,american,1,2,3900.0,2,650,1950,38.0,38.0,45.0,34.7,2,1,0,0.49999999999999994,0.8660254037844387,1300,1950.0,1.0,0.9743589743589743,0.0,1.1538461538461537
5,2015-02-11 02:38:43,2015-02-11 03:26:04,8f6f3cfccd9710dbf1eb8335a2d0a7ea,mediterranean,5,2,1195.0,2,195,1000,25.0,14.0,22.0,47.35,2,2,0,0.49999999999999994,0.8660254037844387,805,597.5,1.0,0.5384615384615384,11.0,0.8461538461538461
4,2015-02-13 04:27:49,2015-02-13 04:53:53,ccc0aa1b81bf81e16c676ddb977c5881,seafood,5,3,4250.0,3,1050,1550,78.0,63.0,92.0,26.066666666666666,4,4,0,0.8660254037844386,0.5000000000000001,500,1416.6666666666667,1.0,0.7974683544303798,15.0,1.1645569620253164
2,2015-02-03 03:14:02,2015-02-03 04:08:09,d2849eee3432ef804bfccac1a9cb24f0,mexican,3,2,2300.0,1,695,695,40.0,39.0,74.0,54.11666666666667,3,1,0,0.7071067811865475,0.7071067811865476,0,1150.0,2.0,0.9512195121951219,1.0,1.8048780487804879
6,2015-01-31 02:07:54,2015-01-31 03:22:20,68d309812548887400e375eaa036d2f1,dessert,3,2,2550.0,2,875,1325,37.0,34.0,41.0,74.43333333333334,2,5,1,0.49999999999999994,0.8660254037844387,450,1275.0,1.0,0.8947368421052632,3.0,1.0789473684210527
2,2015-02-06 01:22:09,2015-02-06 01:54:12,4734ba6f3de83d861c3176a6273cac6d,greek,5,1,1799.0,1,1799,1799,92.0,46.0,55.0,32.05,1,4,0,0.25881904510252074,0.9659258262890683,0,1799.0,1.0,0.4946236559139785,46.0,0.5913978494623656
1,2015-01-31 01:06:16,2015-01-31 02:43:14,2ca65f58e35d9ad45bf7f3ae5cfd08f1,italian,2,3,4900.0,3,1100,2000,0.0,0.0,0.0,96.96666666666667,1,5,1,0.25881904510252074,0.9659258262890683,900,1633.3333333333333,1.0,0.0,0.0,0.0
2,2015-01-27 20:16:17,2015-01-27 20:48:01,93a819cbd635bd1505ef0f804c21cc2a,mexican,5,4,3635.0,4,425,1380,43.0,38.0,40.0,31.733333333333334,20,1,0,-0.8660254037844386,0.5000000000000001,955,908.75,1.0,0.8636363636363636,5.0,0.9090909090909091
1,2015-01-27 02:39:10,2015-01-27 03:30:47,6933b5648c59d618bbb30986c84080fe,mediterranean,5,2,1145.0,2,350,795,48.0,49.0,69.0,51.61666666666667,2,1,0,0.49999999999999994,0.8660254037844387,445,572.5,1.0,1.0,0.0,1.4081632653061225
3,2015-02-01 20:06:16,2015-02-01 20:55:47,ef03f9befce99cb2f42f3569760b8e78,american,1,4,2364.0,4,350,994,7.0,4.0,4.0,49.516666666666666,20,6,1,-0.8660254037844386,0.5000000000000001,644,591.0,1.0,0.5,3.0,0.5
2,2015-02-13 22:01:55,2015-02-13 22:35:25,d43ab110ab2489d6b9b2caa394bf920f,mexican,5,2,1224.0,2,225,799,43.0,36.0,40.0,33.5,22,4,0,-0.5000000000000004,0.8660254037844384,574,612.0,1.0,0.8181818181818182,7.0,0.9090909090909091
2,2015-01-23 03:49:57,2015-01-23 04:27:29,07cdfd23373b17c6b337251c22b7ea57,other,3,2,1449.0,2,350,1099,65.0,55.0,85.0,37.53333333333333,3,4,0,0.7071067811865475,0.7071067811865476,749,724.5,1.0,0.8333333333333334,10.0,1.2878787878787878
2,2015-02-12 02:57:12,2015-02-12 03:49:06,fe73f687e5bc5280214e0486b273a5f9,vietnamese,5,3,2250.0,2,350,950,127.0,99.0,157.0,51.9,2,3,0,0.49999999999999994,0.8660254037844387,600,750.0,1.5,0.7734375,28.0,1.2265625
3,2015-01-22 02:13:42,2015-01-22 02:55:23,ab22e28b58c1e3de6bcef48d3f5d8b4a,other,5,4,5385.0,4,600,1995,19.0,19.0,25.0,41.68333333333333,2,3,0,0.49999999999999994,0.8660254037844387,1395,1346.25,1.0,0.95,0.0,1.25
1,2015-01-29 04:22:36,2015-01-29 05:33:55,04ecb1fa28506ccb6f72b12c0245ddbc,italian,1,2,3400.0,2,1500,1900,45.0,38.0,31.0,71.31666666666666,4,3,0,0.8660254037844386,0.5000000000000001,400,1700.0,1.0,0.8260869565217391,7.0,0.6739130434782609
4,2015-01-23 21:36:57,2015-01-23 22:22:55,49ad23d1ec9fa4bd8d77d02681df5cfa,sandwich,2,2,1123.0,2,420,703,11.0,16.0,23.0,45.96666666666667,21,4,0,-0.7071067811865477,0.7071067811865474,283,561.5,1.0,1.3333333333333333,0.0,1.9166666666666667
4,2015-01-24 03:12:41,2015-01-24 04:02:53,44f683a84163b3523afe57c2e008bc8c,other,2,2,2998.0,2,1399,1599,121.0,120.0,198.0,50.2,3,5,1,0.7071067811865475,0.7071067811865476,200,1499.0,1.0,0.9836065573770492,1.0,1.6229508196721312
1,2015-01-31 21:30:18,2015-01-31 22:03:54,9d1827dc5f75b9d65d80e25eb862e676,japanese,2,2,1890.0,2,695,995,37.0,23.0,25.0,33.6,21,5,1,-0.7071067811865477,0.7071067811865474,300,945.0,1.0,0.6052631578947368,14.0,0.6578947368421053
3,2015-02-17 00:10:41,2015-02-17 01:04:32,38181d991caac98be8fb2ecb8bd0f166,american,5,1,2949.0,1,2949,2949,12.0,8.0,9.0,53.85,0,1,0,0.0,1.0,0,2949.0,1.0,0.6153846153846154,4.0,0.6923076923076923
5,2015-01-25 23:35:44,2015-01-26 00:11:46,1071f2d716fafebd789062219cec9c83,italian,1,2,2495.0,2,595,1425,13.0,17.0,12.0,36.03333333333333,23,6,1,-0.25881904510252157,0.9659258262890681,830,1247.5,1.0,1.2142857142857142,0.0,0.8571428571428571
2,2015-02-14 03:22:41,2015-02-14 04:30:22,d81f9c1be2e08964bf9f24b15f0e4900,thai,3,4,4580.0,2,995,995,142.0,130.0,228.0,67.68333333333334,3,5,1,0.7071067811865475,0.7071067811865476,0,1145.0,2.0,0.9090909090909091,12.0,1.5944055944055944
2,2015-01-27 04:05:40,2015-01-27 04:24:09,248e844336797ec98478f85e7626de4a,other,5,1,1600.0,1,1600,1600,45.0,83.0,52.0,18.483333333333334,4,1,0,0.8660254037844386,0.5000000000000001,0,1600.0,1.0,1.8043478260869565,0.0,1.1304347826086956
5,2015-01-29 02:18:10,2015-01-29 03:01:59,9958517b2a48851d2ada1c76c88cfc56,american,1,3,2694.0,3,350,1050,42.0,22.0,29.0,43.81666666666667,2,3,0,0.49999999999999994,0.8660254037844387,700,898.0,1.0,0.5116279069767442,20.0,0.6744186046511628
4,2015-02-05 00:10:48,2015-02-05 00:38:14,c9f0f895fb98ab9159f51fd0297e236d,salad,2,2,1910.0,2,495,765,24.0,22.0,30.0,27.433333333333334,0,3,0,0.0,1.0,270,955.0,1.0,0.88,2.0,1.2
4,2015-01-29 02:39:49,2015-01-29 03:14:27,8d6dc35e506fc23349dd10ee68dabb64,pizza,3,2,1898.0,1,949,949,90.0,89.0,117.0,34.63333333333333,2,3,0,0.49999999999999994,0.8660254037844387,0,949.0,2.0,0.978021978021978,1.0,1.2857142857142858
2,2015-02-16 02:23:20,2015-02-16 03:05:47,ab88b15733f543179858600245108dd8,pizza,3,1,2275.0,1,1735,1735,128.0,124.0,205.0,42.45,2,0,0,0.49999999999999994,0.8660254037844387,0,2275.0,1.0,0.9612403100775194,4.0,1.5891472868217054
1,2015-02-05 19:59:00,2015-02-05 20:27:41,490640b43519c77281cb2f8471e61a71,american,5,3,3600.0,3,1000,1350,33.0,31.0,32.0,28.683333333333334,19,3,0,-0.9659258262890684,0.2588190451025203,350,1200.0,1.0,0.9117647058823529,2.0,0.9411764705882353
1,2015-02-04 05:02:29,2015-02-04 06:16:03,d04d42cdf14579cd294e5079e0745411,indian,3,4,2035.0,4,295,895,7.0,2.0,2.0,73.56666666666666,5,2,0,0.9659258262890683,0.25881904510252074,600,508.75,1.0,0.25,5.0,0.25
5,2015-01-30 03:09:08,2015-01-30 04:03:23,47b4f1bfdf6d298682e610ad74b37dca,american,1,2,1895.0,2,600,1295,42.0,38.0,60.0,54.25,3,4,0,0.7071067811865475,0.7071067811865476,695,947.5,1.0,0.8837209302325582,4.0,1.3953488372093024
1,2015-01-22 02:37:06,2015-01-22 03:15:33,28b60a16b55fd531047c0c958ce14b95,pizza,5,1,1000.0,1,1000,1000,16.0,16.0,25.0,38.45,2,3,0,0.49999999999999994,0.8660254037844387,0,1000.0,1.0,0.9411764705882353,0.0,1.4705882352941178
2,2015-02-09 22:06:24,2015-02-09 22:53:33,757b505cfd34c64c85ca5b5690ee5293,american,3,2,2238.0,2,129,1889,26.0,28.0,29.0,47.15,22,0,0,-0.5000000000000004,0.8660254037844384,1760,1119.0,1.0,1.037037037037037,0.0,1.0740740740740742
6,2015-02-12 01:47:39,2015-02-12 03:13:42,a3acb1a52dcaf379f44c93dc844acd62,thai,1,8,9685.0,8,795,1500,37.0,34.0,41.0,86.05,1,3,0,0.25881904510252074,0.9659258262890683,705,1210.625,1.0,0.8947368421052632,3.0,1.0789473684210527
3,2015-01-24 20:32:49,2015-01-24 21:39:04,2b8f621e9244cea5007bac8f5d50e476,japanese,1,2,1750.0,2,675,1075,18.0,18.0,20.0,66.25,20,5,1,-0.8660254037844386,0.5000000000000001,400,875.0,1.0,0.9473684210526315,0.0,1.0526315789473684
4,2015-01-21 21:19:19,2015-01-21 21:41:14,151d71ff5173c3e5ade51b51b1429c7c,other,5,2,1400.0,2,675,725,59.0,32.0,36.0,21.916666666666668,21,2,0,-0.7071067811865477,0.7071067811865474,50,700.0,1.0,0.5333333333333333,27.0,0.6
3,2015-02-12 04:10:13,2015-02-12 04:44:50,b071cfa81605a94ad80cfa2bbc747448,chinese,4,2,1875.0,1,580,580,20.0,19.0,14.0,34.61666666666667,4,3,0,0.8660254037844386,0.5000000000000001,0,937.5,2.0,0.9047619047619048,1.0,0.6666666666666666
4,2015-01-22 02:42:38,2015-01-22 03:35:07,45c48cce2e2d7fbdea1afc51c7c6ad26,salad,5,3,2200.0,3,440,990,103.0,91.0,160.0,52.483333333333334,2,3,0,0.49999999999999994,0.8660254037844387,550,733.3333333333334,1.0,0.875,12.0,1.5384615384615385
4,2015-01-25 02:48:31,2015-01-25 03:43:05,17e62166fc8586dfa4d1bc0e1742c08b,vietnamese,5,5,1950.0,2,350,750,107.0,130.0,131.0,54.56666666666667,2,6,1,0.49999999999999994,0.8660254037844387,400,390.0,2.5,1.2037037037037037,0.0,1.212962962962963
4,2015-01-31 02:34:28,2015-01-31 03:40:15,d523773c6b194f37b938d340d5d02232,mediterranean,3,3,2900.0,3,400,1350,64.0,59.0,112.0,65.78333333333333,2,5,1,0.49999999999999994,0.8660254037844387,950,966.6666666666666,1.0,0.9076923076923077,5.0,1.7230769230769232
2,2015-02-05 03:25:37,2015-02-05 04:09:47,0d73a25092e5c1c9769a9f3255caa65a,dessert,1,2,3490.0,2,1695,1795,98.0,97.0,169.0,44.166666666666664,3,3,0,0.7071067811865475,0.7071067811865476,100,1745.0,1.0,0.9797979797979798,1.0,1.707070707070707
1,2015-01-25 04:01:03,2015-01-25 04:34:09,cc0991344c3d760ae42259064406bae1,pizza,3,3,3597.0,3,699,1499,54.0,57.0,70.0,33.1,4,6,1,0.8660254037844386,0.5000000000000001,800,1199.0,1.0,1.0363636363636364,0.0,1.2727272727272727
2,2015-01-22 02:54:40,2015-01-22 03:37:17,7f100b7b36092fb9b06dfb4fac360931,burger,5,4,3320.0,4,295,1095,87.0,77.0,116.0,42.61666666666667,2,3,0,0.49999999999999994,0.8660254037844387,800,830.0,1.0,0.875,10.0,1.3181818181818181
4,2015-02-12 03:38:27,2015-02-12 04:14:33,b7ee6f5f9aa5cd17ca1aea43ce848496,chinese,2,1,1195.0,1,995,995,93.0,85.0,124.0,36.1,3,3,0,0.7071067811865475,0.7071067811865476,0,1195.0,1.0,0.9042553191489362,8.0,1.3191489361702127
4,2015-01-26 04:59:06,2015-01-26 05:41:27,6ea9ab1baa0efb9e19094440c317e21b,italian,3,2,2790.0,2,1395,1395,34.0,86.0,32.0,42.35,4,0,0,0.8660254037844386,0.5000000000000001,0,1395.0,1.0,2.4571428571428573,0.0,0.9142857142857143
2,2015-02-03 01:45:23,2015-02-03 02:50:38,ebd9629fc3ae5e9f6611e2ee05a31cef,thai,5,7,5080.0,5,200,1295,33.0,34.0,58.0,65.25,1,1,0,0.25881904510252074,0.9659258262890683,1095,725.7142857142857,1.4,1.0,0.0,1.7058823529411764
4,2015-02-17 18:54:09,2015-02-17 20:29:06,98f13708210194c475687be6106a3b84,mediterranean,2,5,5801.0,4,413,1604,47.0,36.0,83.0,94.95,18,1,0,-1.0,-1.8369701987210297e-16,1191,1160.2,1.25,0.75,11.0,1.7291666666666667
2,2015-02-07 01:58:53,2015-02-07 02:49:54,d947bf06a885db0d477d707121934ff8,other,5,4,4950.0,4,700,1750,137.0,72.0,131.0,51.016666666666666,1,5,1,0.25881904510252074,0.9659258262890683,1050,1237.5,1.0,0.5217391304347826,65.0,0.9492753623188406
2,2015-01-30 19:56:29,2015-01-30 20:43:24,84d9ee44e457ddef7f2c4f25dc8fa865,sandwich,3,3,1457.0,3,163,999,73.0,63.0,88.0,46.916666666666664,19,4,0,-0.9659258262890684,0.2588190451025203,836,485.6666666666667,1.0,0.8513513513513513,10.0,1.1891891891891893
5,2015-01-24 03:40:29,2015-01-24 04:48:58,acd9bdac8824615154e7f1868f29acf6,other,5,2,2420.0,2,425,1995,19.0,19.0,32.0,68.48333333333333,3,5,1,0.7071067811865475,0.7071067811865476,1570,1210.0,1.0,0.95,0.0,1.6
3,2015-02-07 02:02:11,2015-02-07 02:50:41,e28819b5d88ce9a97d9491932c3a5800,chinese,1,3,2350.0,3,100,1250,6.0,6.0,9.0,48.5,2,5,1,0.49999999999999994,0.8660254037844387,1150,783.3333333333334,1.0,0.8571428571428571,0.0,1.2857142857142858
1,2015-02-08 04:40:41,2015-02-08 05:27:11,735143e9ff8c47def504f1ba0442df98,unknown,5,1,1895.0,1,1895,1895,18.0,19.0,32.0,46.5,4,6,1,0.8660254037844386,0.5000000000000001,0,1895.0,1.0,1.0,0.0,1.6842105263157894
4,2015-01-29 23:30:53,2015-01-30 00:07:11,24917db15c4e37e421866448c9ab23d8,sandwich,3,1,849.0,1,749,749,29.0,24.0,26.0,36.3,23,3,0,-0.25881904510252157,0.9659258262890681,0,849.0,1.0,0.8,5.0,0.8666666666666667
5,2015-02-09 03:27:34,2015-02-09 04:50:10,959776b99b006e5785c3a3364949ce47,italian,5,1,649.0,1,649,649,48.0,49.0,73.0,82.6,3,0,0,0.7071067811865475,0.7071067811865476,0,649.0,1.0,1.0,0.0,1.489795918367347
1,2015-02-14 03:33:32,2015-02-14 04:55:24,00430c0c1fae276c9713ab5f21167882,american,1,2,2545.0,2,995,1550,71.0,71.0,111.0,81.86666666666666,3,5,1,0.7071067811865475,0.7071067811865476,555,1272.5,1.0,0.9861111111111112,0.0,1.5416666666666667
3,2015-01-31 02:08:32,2015-01-31 02:45:52,f559078e976df9bade3f5025d1fe8937,american,1,2,2500.0,2,1200,1300,60.0,58.0,55.0,37.333333333333336,2,5,1,0.49999999999999994,0.8660254037844387,100,1250.0,1.0,0.9508196721311475,2.0,0.9016393442622951
2,2015-01-22 21:40:33,2015-01-22 22:08:59,b88e569b3666ccbc8e6dfcb5671c9cca,unknown,5,2,2338.0,2,759,1579,2.0,1.0,1.0,28.433333333333334,21,3,0,-0.7071067811865477,0.7071067811865474,820,1169.0,1.0,0.3333333333333333,1.0,0.3333333333333333
1,2015-02-18 02:10:14,2015-02-18 03:24:16,912d2b1c7b2826caf99687388d2e8f7c,pizza,5,2,2635.0,2,799,1299,44.0,44.0,43.0,74.03333333333333,2,2,0,0.49999999999999994,0.8660254037844387,500,1317.5,1.0,0.9777777777777777,0.0,0.9555555555555556
6,2015-01-31 02:58:25,2015-01-31 03:45:20,d80b7040b773199015de6d3b4293c8ff,chinese,3,4,3192.0,4,198,1398,37.0,34.0,41.0,46.916666666666664,2,5,1,0.49999999999999994,0.8660254037844387,1200,798.0,1.0,0.8947368421052632,3.0,1.0789473684210527
1,2015-02-02 01:03:23,2015-02-02 01:55:24,e3a54649aeec04cf1c13907bc6c5c8aa,dessert,1,2,3645.0,2,1795,1850,8.0,3.0,4.0,52.016666666666666,1,0,0,0.25881904510252074,0.9659258262890683,55,1822.5,1.0,0.3333333333333333,5.0,0.4444444444444444
4,2015-02-13 00:37:24,2015-02-13 00:58:22,155fa09596c7e18e50b58eb7e0c6ccb4,mediterranean,3,4,2915.0,4,250,995,32.0,17.0,18.0,20.966666666666665,0,4,0,0.0,1.0,745,728.75,1.0,0.5151515151515151,15.0,0.5454545454545454
6,2015-02-10 02:14:22,2015-02-10 03:18:01,16b66038426714386bac6f8bf4774a62,pizza,3,2,1400.0,2,200,1200,37.0,34.0,41.0,63.65,2,1,0,0.49999999999999994,0.8660254037844387,1000,700.0,1.0,0.8947368421052632,3.0,1.0789473684210527
5,2015-01-22 02:34:56,2015-01-22 03:09:31,3d7a8f67f51564c349478f7d52abee3b,vietnamese,1,1,895.0,1,895,895,47.0,28.0,41.0,34.583333333333336,2,3,0,0.49999999999999994,0.8660254037844387,0,895.0,1.0,0.5833333333333334,19.0,0.8541666666666666
4,2015-01-31 20:21:20,2015-01-31 20:47:45,e165421110ba03099a1c0393373c5b43,burger,5,4,1936.0,3,299,569,52.0,46.0,62.0,26.416666666666668,20,5,1,-0.8660254037844386,0.5000000000000001,270,484.0,1.3333333333333333,0.8679245283018868,6.0,1.169811320754717
2,2015-02-15 06:33:52,2015-02-15 07:51:17,1385974ed5904a438616ff7bdb3f7439,mexican,5,2,2748.0,2,249,2499,31.0,31.0,39.0,77.41666666666667,6,6,1,1.0,6.123233995736766e-17,2250,1374.0,1.0,0.96875,0.0,1.21875
1,2015-02-14 17:48:36,2015-02-14 18:54:41,6a639c52538fd7bb3e1186724afbe9b2,dessert,4,5,675.0,4,99,189,6.0,5.0,5.0,66.08333333333333,17,5,1,-0.9659258262890683,-0.25881904510252063,90,135.0,1.25,0.7142857142857143,1.0,0.7142857142857143
2,2015-01-25 00:32:35,2015-01-25 01:33:01,c1502ae5a4d514baec129f72948c266e,burger,4,4,2594.0,4,495,895,39.0,49.0,54.0,60.43333333333333,0,6,1,0.0,1.0,400,648.5,1.0,1.225,0.0,1.35
3,2015-01-24 01:30:35,2015-01-24 02:28:56,ca6ab34959489659f8c3776aaf1f8efd,japanese,1,7,6450.0,5,550,1200,4.0,4.0,4.0,58.35,1,5,1,0.25881904510252074,0.9659258262890683,650,921.4285714285714,1.4,0.8,0.0,0.8
5,2015-02-18 03:18:27,2015-02-18 04:13:03,3ebd728de6fa78aa8bc932e9abece9c0,other,3,3,3185.0,3,595,1595,43.0,32.0,51.0,54.6,3,2,0,0.7071067811865475,0.7071067811865476,1000,1061.6666666666667,1.0,0.7272727272727273,11.0,1.1590909090909092
4,2015-02-05 02:57:52,2015-02-05 04:06:17,43ec517d68b6edd3015b3edc9a11367b,japanese,5,10,5450.0,9,300,850,99.0,99.0,181.0,68.41666666666667,2,3,0,0.49999999999999994,0.8660254037844387,550,545.0,1.1111111111111112,0.99,0.0,1.81
2,2015-02-08 01:41:13,2015-02-08 02:23:34,caf1a3dfb505ffed0d024130f58c5cfa,mexican,5,5,2970.0,4,395,850,133.0,62.0,90.0,42.35,1,6,1,0.25881904510252074,0.9659258262890683,455,594.0,1.25,0.4626865671641791,71.0,0.6716417910447762
3,2015-01-31 00:59:34,2015-01-31 01:31:10,1458e7509aa5f47ecfb92536e7dd1dc7,other,1,2,1990.0,2,695,1295,9.0,5.0,5.0,31.6,0,5,1,0.0,1.0,600,995.0,1.0,0.5,4.0,0.5
2,2015-01-28 01:49:48,2015-01-28 02:20:42,cfecdb276f634854f3ef915e2e980c31,mexican,5,3,3206.0,3,699,999,87.0,85.0,97.0,30.9,1,2,0,0.25881904510252074,0.9659258262890683,300,1068.6666666666667,1.0,0.9659090909090909,2.0,1.1022727272727273
4,2015-02-01 01:08:21,2015-02-01 01:37:07,d045c59a90d7587d8d671b5f5aec4e7c,chinese,5,2,1077.0,2,100,595,37.0,37.0,49.0,28.766666666666666,1,6,1,0.25881904510252074,0.9659258262890683,495,538.5,1.0,0.9736842105263158,0.0,1.2894736842105263
2,2015-01-25 02:40:53,2015-01-25 03:38:06,6a9aeddfc689c1d0e3b9ccc3ab651bc5,greek,3,2,2100.0,1,1050,1050,107.0,130.0,153.0,57.21666666666667,2,6,1,0.49999999999999994,0.8660254037844387,0,1050.0,2.0,1.2037037037037037,0.0,1.4166666666666667
1,2015-02-11 20:14:40,2015-02-11 21:49:56,f3bd5ad57c8389a8a1a541a76be463bf,thai,3,4,3885.0,4,500,1295,12.0,12.0,16.0,95.26666666666667,20,2,0,-0.8660254037844386,0.5000000000000001,795,971.25,1.0,0.9230769230769231,0.0,1.2307692307692308
3,2015-02-09 01:45:30,2015-02-09 02:30:46,c45147dee729311ef5b5c3003946c48f,italian,1,6,6624.0,4,499,2025,73.0,56.0,103.0,45.266666666666666,1,0,0,0.25881904510252074,0.9659258262890683,1526,1104.0,1.5,0.7567567567567568,17.0,1.3918918918918919
6,2015-02-12 04:09:22,2015-02-12 04:33:20,ff42b03a06a1bed4e936f0e04958e168,other,5,1,850.0,1,850,850,37.0,34.0,41.0,23.966666666666665,4,3,0,0.8660254037844386,0.5000000000000001,0,850.0,1.0,0.8947368421052632,3.0,1.0789473684210527
5,2015-02-06 03:51:49,2015-02-06 04:21:15,ee0f002f5b3dd22bd87c23569a6c72a4,chinese,2,1,950.0,1,950,950,55.0,38.0,51.0,29.433333333333334,3,4,0,0.7071067811865475,0.7071067811865476,0,950.0,1.0,0.6785714285714286,17.0,0.9107142857142857
5,2015-02-14 02:35:22,2015-02-14 03:38:34,1df146af0948a68b1342ce39907668fe,indian,2,9,6540.0,4,250,1795,25.0,24.0,37.0,63.2,2,5,1,0.49999999999999994,0.8660254037844387,1545,726.6666666666666,2.25,0.9230769230769231,1.0,1.4230769230769231
4,2015-02-04 20:52:22,2015-02-04 21:29:35,dd45045f8c68db9f54e70c67048d32e8,chinese,1,11,6465.0,8,150,1095,31.0,31.0,35.0,37.21666666666667,20,2,0,-0.8660254037844386,0.5000000000000001,945,587.7272727272727,1.375,0.96875,0.0,1.09375
1,2015-01-25 02:15:46,2015-01-25 03:27:25,cc0991344c3d760ae42259064406bae1,pizza,3,2,2638.0,2,1079,1259,42.0,43.0,71.0,71.65,2,6,1,0.49999999999999994,0.8660254037844387,180,1319.0,1.0,1.0,0.0,1.6511627906976745
2,2015-02-16 00:18:52,2015-02-16 01:01:27,db5f9f42a7157abe65bb145000b5871a,vietnamese,5,4,3390.0,3,265,880,63.0,59.0,63.0,42.583333333333336,0,0,0,0.0,1.0,615,847.5,1.3333333333333333,0.921875,4.0,0.984375
4,2015-02-13 03:52:45,2015-02-13 04:35:12,46f76a4bda9a9579eab38a8f6eabcda1,american,3,3,2440.0,2,95,1850,71.0,64.0,91.0,42.45,3,4,0,0.7071067811865475,0.7071067811865476,1755,813.3333333333334,1.5,0.8888888888888888,7.0,1.2638888888888888
3,2015-02-01 19:25:24,2015-02-01 20:01:48,aa8cb12cf9bdaf4c309614e7a427b480,breakfast,1,1,900.0,1,900,900,6.0,5.0,4.0,36.4,19,6,1,-0.9659258262890684,0.2588190451025203,0,900.0,1.0,0.7142857142857143,1.0,0.5714285714285714
1,2015-02-12 22:32:41,2015-02-12 23:34:48,28f248e9279ac845995c4e9f8af35c2b,chinese,4,4,2310.0,2,160,710,16.0,13.0,15.0,62.11666666666667,22,3,0,-0.5000000000000004,0.8660254037844384,550,577.5,2.0,0.7647058823529411,3.0,0.8823529411764706
4,2015-02-11 20:03:22,2015-02-11 20:41:29,f1b6f2857fb6d44dd73c7041e0aa0f19,other,5,2,2500.0,2,700,1800,56.0,57.0,78.0,38.11666666666667,20,2,0,-0.8660254037844386,0.5000000000000001,1100,1250.0,1.0,1.0,0.0,1.368421052631579
1,2015-02-01 16:48:12,2015-02-01 17:36:43,0cddb7c06f1cd518e1efdc0e20b70c31,sandwich,1,4,1082.0,3,129,695,5.0,7.0,12.0,48.516666666666666,16,6,1,-0.8660254037844384,-0.5000000000000004,566,270.5,1.3333333333333333,1.1666666666666667,0.0,2.0
4,2015-02-07 02:37:32,2015-02-07 03:26:07,24b43fb034a10d78bec71274033b4096,burger,4,3,1467.0,2,309,579,83.0,83.0,148.0,48.583333333333336,2,5,1,0.49999999999999994,0.8660254037844387,270,489.0,1.5,0.9880952380952381,0.0,1.7619047619047619
3,2015-02-06 21:12:39,2015-02-06 21:53:00,b90ba83119860d7f6a6dfaab9f2aa150,other,1,2,1524.0,2,325,1199,16.0,22.0,23.0,40.35,21,4,0,-0.7071067811865477,0.7071067811865474,874,762.0,1.0,1.2941176470588236,0.0,1.3529411764705883
2,2015-01-29 00:56:21,2015-01-29 01:50:01,6a9c2c5b1ab7052170218c0924b51953,thai,5,2,829.0,2,165,600,37.0,34.0,41.0,53.666666666666664,0,3,0,0.0,1.0,435,414.5,1.0,0.8947368421052632,3.0,1.0789473684210527
2,2015-01-26 04:54:26,2015-01-26 05:26:12,d43ab110ab2489d6b9b2caa394bf920f,mexican,5,2,2318.0,1,799,799,31.0,52.0,48.0,31.766666666666666,4,0,0,0.8660254037844386,0.5000000000000001,0,1159.0,2.0,1.625,0.0,1.5
2,2015-01-23 02:08:51,2015-01-23 03:08:26,98b297950041a42470269d56260243a1,indian,3,2,698.0,2,299,399,53.0,52.0,67.0,59.583333333333336,2,4,0,0.49999999999999994,0.8660254037844387,100,349.0,1.0,0.9629629629629629,1.0,1.2407407407407407
1,2015-02-14 02:26:38,2015-02-14 03:44:30,c08876cb72b043bfbd2009cb2f0ecbf5,chinese,2,3,1928.0,3,150,979,0.0,0.0,0.0,77.86666666666666,2,5,1,0.49999999999999994,0.8660254037844387,829,642.6666666666666,1.0,0.0,0.0,0.0
6,2015-02-16 20:01:15,2015-02-16 20:42:52,1c66f4627f1b9679f8db47d1287d7e98,pizza,3,2,2568.0,2,1079,1489,37.0,34.0,41.0,41.61666666666667,20,0,0,-0.8660254037844386,0.5000000000000001,410,1284.0,1.0,0.8947368421052632,3.0,1.0789473684210527
4,2015-01-29 04:10:16,2015-01-29 05:05:35,ff82db7535530637af7f8a96284b3459,japanese,1,4,2220.0,4,200,1095,71.0,62.0,88.0,55.31666666666667,4,3,0,0.8660254037844386,0.5000000000000001,895,555.0,1.0,0.8611111111111112,9.0,1.2222222222222223
4,2015-01-26 22:48:51,2015-01-26 23:17:33,46f76a4bda9a9579eab38a8f6eabcda1,american,3,2,2450.0,2,1125,1325,11.0,28.0,6.0,28.7,22,0,0,-0.5000000000000004,0.8660254037844384,200,1225.0,1.0,2.3333333333333335,0.0,0.5
4,2015-02-08 03:10:50,2015-02-08 04:17:58,b78f81d5bdfed3168c472b237f37b43a,pizza,3,1,1600.0,1,1600,1600,73.0,61.0,107.0,67.13333333333334,3,6,1,0.7071067811865475,0.7071067811865476,0,1600.0,1.0,0.8243243243243243,12.0,1.445945945945946
2,2015-01-21 23:06:58,2015-01-21 23:26:35,84d9ee44e457ddef7f2c4f25dc8fa865,sandwich,5,1,1111.0,1,1111,1111,18.0,17.0,30.0,19.616666666666667,23,2,0,-0.25881904510252157,0.9659258262890681,0,1111.0,1.0,0.8947368421052632,1.0,1.5789473684210527
1,2015-02-15 21:17:44,2015-02-15 21:50:11,9f9d7d036be82e3c8c373b3646d3ff8e,other,5,1,700.0,1,700,700,0.0,0.0,0.0,32.45,21,6,1,-0.7071067811865477,0.7071067811865474,0,700.0,1.0,0.0,0.0,0.0
4,2015-02-08 22:37:05,2015-02-08 23:00:09,9af76329c78e28c977ab1bcd1c3fe9b8,sandwich,3,2,1798.0,1,799,799,36.0,33.0,35.0,23.066666666666666,22,6,1,-0.5000000000000004,0.8660254037844384,0,899.0,2.0,0.8918918918918919,3.0,0.9459459459459459
2,2015-02-08 00:17:32,2015-02-08 00:53:47,df1f1d20ee86704251795841e6a9405a,seafood,2,3,2647.0,2,249,1199,38.0,25.0,30.0,36.25,0,6,1,0.0,1.0,950,882.3333333333334,1.5,0.6410256410256411,13.0,0.7692307692307693
2,2015-02-15 02:02:53,2015-02-15 02:54:05,46ba9f2a6976570b0353203ec4474217,italian,3,6,7825.0,6,795,1595,91.0,65.0,116.0,51.2,2,6,1,0.49999999999999994,0.8660254037844387,800,1304.1666666666667,1.0,0.7065217391304348,26.0,1.2608695652173914
2,2015-02-03 04:27:12,2015-02-03 04:55:50,97d0e0329055e6ddaaaf2335a2509231,thai,1,3,3185.0,3,795,1095,46.0,48.0,66.0,28.633333333333333,4,1,0,0.8660254037844386,0.5000000000000001,300,1061.6666666666667,1.0,1.0212765957446808,0.0,1.4042553191489362
3,2015-02-18 03:06:30,2015-02-18 04:00:17,f1b0775946bc0329b35b823b86eeb5f5,american,5,4,2055.0,4,345,965,36.0,36.0,37.0,53.78333333333333,3,2,0,0.7071067811865475,0.7071067811865476,620,513.75,1.0,0.972972972972973,0.0,1.0
1,2015-02-12 02:28:12,2015-02-12 03:17:15,b142673328a0419db9725adb9db18123,fast,4,3,3387.0,3,169,2699,14.0,15.0,22.0,49.05,2,3,0,0.49999999999999994,0.8660254037844387,2530,1129.0,1.0,1.0,0.0,1.4666666666666666
2,2015-01-26 21:22:48,2015-01-26 22:17:53,4921f95baf824205e1b13f22d60357a1,chinese,3,2,2100.0,2,1050,1050,38.0,67.0,32.0,55.083333333333336,21,0,0,-0.7071067811865477,0.7071067811865474,0,1050.0,1.0,1.7179487179487178,0.0,0.8205128205128205
4,2015-02-06 22:12:20,2015-02-06 23:06:20,6e2eec9ca19c076736d19ac5426473af,pizza,3,3,4057.0,3,1029,1499,29.0,27.0,30.0,54.0,22,4,0,-0.5000000000000004,0.8660254037844384,470,1352.3333333333333,1.0,0.9,2.0,1.0
5,2015-02-14 19:41:19,2015-02-14 20:16:29,a7c20df233e5af0c709cb37d7f5ba3fd,sandwich,5,1,1190.0,1,898,898,15.0,8.0,8.0,35.166666666666664,19,5,1,-0.9659258262890684,0.2588190451025203,0,1190.0,1.0,0.5,7.0,0.5
3,2015-02-12 03:30:46,2015-02-12 04:07:52,416849da96fb73bee793e2bf65ae43ac,american,5,3,2940.0,3,425,1595,12.0,12.0,13.0,37.1,3,3,0,0.7071067811865475,0.7071067811865476,1170,980.0,1.0,0.9230769230769231,0.0,1.0
6,2015-02-04 20:15:58,2015-02-04 21:25:14,e4a93f0332b2519177ed55741ea4e5e7,vietnamese,2,1,795.0,1,750,750,37.0,34.0,41.0,69.26666666666667,20,2,0,-0.8660254037844386,0.5000000000000001,0,795.0,1.0,0.8947368421052632,3.0,1.0789473684210527
1,2015-02-15 17:51:43,2015-02-15 18:43:19,d840cc5d906c3e9c84374c8919d2074e,other,1,3,1713.0,2,374,686,5.0,7.0,15.0,51.6,17,6,1,-0.9659258262890683,-0.25881904510252063,312,571.0,1.5,1.1666666666666667,0.0,2.5
4,2015-02-10 01:55:29,2015-02-10 02:40:12,aa78c3db4fc4a1a343183d6113ec46ba,japanese,1,8,3160.0,8,150,795,50.0,47.0,76.0,44.71666666666667,1,1,0,0.25881904510252074,0.9659258262890683,645,395.0,1.0,0.9215686274509803,3.0,1.4901960784313726
2,2015-02-07 21:22:21,2015-02-07 22:00:07,e0c641195b27425bb056ac56f8953d24,sandwich,3,2,1557.0,2,389,479,34.0,33.0,37.0,37.766666666666666,21,5,1,-0.7071067811865477,0.7071067811865474,90,778.5,1.0,0.9428571428571428,1.0,1.0571428571428572
2,2015-01-24 17:08:47,2015-01-24 18:07:45,b8b9c74ac526fffbeb2d39ab038d1cd7,other,4,4,1160.0,4,225,325,11.0,19.0,21.0,58.96666666666667,17,5,1,-0.9659258262890683,-0.25881904510252063,100,290.0,1.0,1.5833333333333333,0.0,1.75
4,2015-02-11 03:17:44,2015-02-11 03:58:59,2050e03ca119580f74cca14cc6e97462,indian,1,2,1798.0,1,899,899,90.0,89.0,118.0,41.25,3,2,0,0.7071067811865475,0.7071067811865476,0,899.0,2.0,0.978021978021978,1.0,1.2967032967032968
2,2015-02-09 05:01:49,2015-02-09 05:41:01,723dadb8c699bf14f74503dbcb6e09c1,pizza,1,1,2509.0,1,1862,1934,56.0,49.0,58.0,39.2,5,0,0,0.9659258262890683,0.25881904510252074,72,2509.0,1.0,0.8596491228070176,7.0,1.0175438596491229
2,2015-01-28 03:18:45,2015-01-28 04:02:58,0deb1c54814305ca9ad266f53bc82511,italian,1,2,2277.0,2,375,1902,97.0,85.0,119.0,44.21666666666667,3,2,0,0.7071067811865475,0.7071067811865476,1527,1138.5,1.0,0.8673469387755102,12.0,1.2142857142857142
4,2015-01-26 00:34:05,2015-01-26 00:56:36,f47d0ad31c4c49061b9e505593e3db98,burger,5,2,1040.0,2,395,595,42.0,56.0,38.0,22.516666666666666,0,0,0,0.0,1.0,200,520.0,1.0,1.302325581395349,0.0,0.8837209302325582
5,2015-02-14 01:27:02,2015-02-14 02:40:05,a70a3a174938bdf20e7b87062c015792,chinese,4,1,710.0,1,710,710,42.0,25.0,34.0,73.05,1,5,1,0.25881904510252074,0.9659258262890683,0,710.0,1.0,0.5813953488372093,17.0,0.7906976744186046
1,2015-02-14 04:20:20,2015-02-14 05:20:24,1a21d8c9bbb99bca627434dbf4b98d01,japanese,3,11,10851.275000000023,9,450,2600,21.0,20.0,38.0,60.06666666666667,4,5,1,0.8660254037844386,0.5000000000000001,2150,986.4795454545475,1.2222222222222223,0.9090909090909091,1.0,1.7272727272727273
4,2015-02-08 02:51:51,2015-02-08 03:35:49,479f499df3bbc0deda265b92316d362f,other,1,2,1645.0,2,150,1495,14.0,14.0,21.0,43.96666666666667,2,6,1,0.49999999999999994,0.8660254037844387,1345,822.5,1.0,0.9333333333333333,0.0,1.4
3,2015-01-29 16:36:20,2015-01-29 17:04:36,5f96320c454aed712e4545adacdba754,fast,4,5,1454.0,3,152,383,1.0,1.0,2.0,28.266666666666666,16,3,0,-0.8660254037844384,-0.5000000000000004,231,290.8,1.6666666666666667,0.5,0.0,1.0
2,2015-02-06 04:27:08,2015-02-06 05:05:51,67d96d458abdef21792e6d8e590244e7,indian,3,5,4549.0,5,675,1099,43.0,44.0,53.0,38.71666666666667,4,4,0,0.8660254037844386,0.5000000000000001,424,909.8,1.0,1.0,0.0,1.2045454545454546
6,2015-02-09 02:53:54,2015-02-09 03:53:56,576de785f42edab467b8b23a3fb0c168,vietnamese,1,2,2200.0,2,850,1250,37.0,34.0,41.0,60.03333333333333,2,0,0,0.49999999999999994,0.8660254037844387,400,1100.0,1.0,0.8947368421052632,3.0,1.0789473684210527
4,2015-01-22 02:36:07,2015-01-22 03:39:29,9aeade7beada35c83d3b344fbafe43b0,dessert,1,2,2398.0,2,1199,1199,101.0,98.0,165.0,63.36666666666667,2,3,0,0.49999999999999994,0.8660254037844387,0,1199.0,1.0,0.9607843137254902,3.0,1.6176470588235294
2,2015-01-27 02:13:45,2015-01-27 03:16:56,caf1a3dfb505ffed0d024130f58c5cfa,mexican,5,4,1975.0,4,335,795,76.0,103.0,97.0,63.18333333333333,2,1,0,0.49999999999999994,0.8660254037844387,460,493.75,1.0,1.3376623376623376,0.0,1.2597402597402598
1,2015-01-29 01:51:32,2015-01-29 02:36:19,9e3cfc48eccf81a0d57663e129aef3cb,dessert,4,2,1890.0,2,795,1095,40.0,38.0,37.0,44.78333333333333,1,3,0,0.25881904510252074,0.9659258262890683,300,945.0,1.0,0.926829268292683,2.0,0.9024390243902439
4,2015-01-29 01:28:26,2015-01-29 02:05:58,cc298d5bc587e1b650f80e10449ee9d5,other,5,14,10851.275000000023,4,150,1225,74.0,63.0,79.0,37.53333333333333,1,3,0,0.25881904510252074,0.9659258262890683,1075,775.0910714285731,3.5,0.84,11.0,1.0533333333333332
6,2015-02-03 03:13:15,2015-02-03 04:16:31,a7f3d45a6782bc654321c0a9bc92ca66,unknown,5,4,2230.0,4,495,645,37.0,34.0,41.0,63.266666666666666,3,1,0,0.7071067811865475,0.7071067811865476,150,557.5,1.0,0.8947368421052632,3.0,1.0789473684210527
2,2015-02-05 01:30:49,2015-02-05 02:20:57,31fefc0e570cb3860f2a6d4b38c6490d,seafood,5,3,2065.0,3,275,1195,80.0,69.0,91.0,50.13333333333333,1,3,0,0.25881904510252074,0.9659258262890683,920,688.3333333333334,1.0,0.8518518518518519,11.0,1.123456790123457
3,2015-01-31 18:10:08,2015-01-31 18:37:26,dd5c25815ea64c1c15cf6eef3ee527ea,unknown,4,1,1229.0,1,1229,1229,5.0,3.0,2.0,27.3,18,5,1,-1.0,-1.8369701987210297e-16,0,1229.0,1.0,0.5,2.0,0.3333333333333333
2,2015-02-17 00:58:53,2015-02-17 01:59:10,84f0f20482cde7e5eacaf7364a643d33,other,3,4,3784.0,3,499,1095,22.0,11.0,12.0,60.28333333333333,0,1,0,0.0,1.0,596,946.0,1.3333333333333333,0.4782608695652174,11.0,0.5217391304347826
4,2015-02-02 01:20:23,2015-02-02 04:49:22,6e2eec9ca19c076736d19ac5426473af,pizza,3,1,856.0,1,632,749,63.0,59.0,101.0,208.98333333333332,1,0,0,0.25881904510252074,0.9659258262890683,117,856.0,1.0,0.921875,4.0,1.578125
3,2015-02-05 01:23:52,2015-02-05 02:33:36,297b631a88835f8931aa5aabdd06ece9,pizza,4,5,4850.0,2,400,1300,16.0,10.0,13.0,69.73333333333333,1,3,0,0.25881904510252074,0.9659258262890683,900,970.0,2.5,0.5882352941176471,6.0,0.7647058823529411
2,2015-01-27 04:19:40,2015-01-27 04:49:34,8cb22bdd0b7ba1ab13d742e22eed8da2,mexican,3,2,1890.0,2,795,1095,41.0,79.0,50.0,29.9,4,1,0,0.8660254037844386,0.5000000000000001,300,945.0,1.0,1.880952380952381,0.0,1.1904761904761905
5,2015-02-09 02:45:12,2015-02-09 03:21:12,77932c2c6056e219e26efd74accb7985,salad,4,1,978.0,1,748,748,26.0,10.0,21.0,36.0,2,0,0,0.49999999999999994,0.8660254037844387,0,978.0,1.0,0.37037037037037035,16.0,0.7777777777777778
6,2015-02-01 00:20:56,2015-02-01 00:54:03,af4d3ce5d7a2e6955130f2b2720d0873,mexican,2,4,1120.0,1,280,280,37.0,34.0,41.0,33.11666666666667,0,6,1,0.0,1.0,0,280.0,4.0,0.8947368421052632,3.0,1.0789473684210527
3,2015-01-27 02:14:19,2015-01-27 02:53:15,f6e8de88807006538cd9be5fd3ba51c1,chinese,1,5,3633.0,5,199,899,4.0,4.0,5.0,38.93333333333333,2,1,0,0.49999999999999994,0.8660254037844387,700,726.6,1.0,0.8,0.0,1.0
4,2015-01-27 02:28:38,2015-01-27 03:00:38,cc298d5bc587e1b650f80e10449ee9d5,other,5,1,850.0,1,850,850,70.0,125.0,89.0,32.0,2,1,0,0.49999999999999994,0.8660254037844387,0,850.0,1.0,1.7605633802816902,0.0,1.2535211267605635
2,2015-01-31 06:09:20,2015-01-31 07:19:49,a57e8915461b83adefb011530b711704,american,1,1,2525.0,1,2525,2525,31.0,41.0,39.0,70.48333333333333,6,5,1,1.0,6.123233995736766e-17,0,2525.0,1.0,1.28125,0.0,1.21875
2,2015-02-10 01:58:29,2015-02-10 03:00:29,9872ed9fc22fc182d371c3e9ed316094,other,3,1,1425.0,1,1000,1000,43.0,42.0,69.0,62.0,1,1,0,0.25881904510252074,0.9659258262890683,0,1425.0,1.0,0.9545454545454546,1.0,1.5681818181818181
5,2015-02-15 01:19:10,2015-02-15 02:15:55,0d6d4bd865309c75246109d2d83a5fb6,burger,1,2,2103.0,2,679,1299,18.0,10.0,13.0,56.75,1,6,1,0.25881904510252074,0.9659258262890683,620,1051.5,1.0,0.5263157894736842,8.0,0.6842105263157895
1,2015-01-30 03:44:10,2015-01-30 04:32:31,c75b6f114c23a4d7ea11331e7c00e73c,american,1,1,1200.0,1,1200,1200,54.0,54.0,74.0,48.35,3,4,0,0.7071067811865475,0.7071067811865476,0,1200.0,1.0,0.9818181818181818,0.0,1.3454545454545455
2,2015-01-24 02:13:05,2015-01-24 03:18:41,d96fd4caf8e622ab6c5ef52f5e4feff6,mexican,5,2,2088.0,2,758,1052,129.0,119.0,183.0,65.6,2,5,1,0.49999999999999994,0.8660254037844387,294,1044.0,1.0,0.9153846153846154,10.0,1.4076923076923078
4,2015-02-17 03:20:23,2015-02-17 03:49:15,a5bfc9e07964f8dddeb95fc584cd965d,mexican,2,1,1395.0,1,1395,1395,71.0,38.0,62.0,28.866666666666667,3,1,0,0.7071067811865475,0.7071067811865476,0,1395.0,1.0,0.5277777777777778,33.0,0.8611111111111112
5,2015-02-15 06:16:57,2015-02-15 06:53:54,6efd23ca96571c0b369cf7286650e9b8,chinese,1,4,2790.0,4,350,895,6.0,3.0,3.0,36.95,6,6,1,1.0,6.123233995736766e-17,545,697.5,1.0,0.42857142857142855,3.0,0.42857142857142855
4,2015-02-08 04:59:19,2015-02-08 05:56:46,f023559c6d59c04e3804209f573dbff9,chinese,4,3,2029.0,3,352,1429,53.0,56.0,65.0,57.45,4,6,1,0.8660254037844386,0.5000000000000001,1077,676.3333333333334,1.0,1.037037037037037,0.0,1.2037037037037037
2,2015-02-07 23:08:23,2015-02-07 23:51:57,1438ecb8cb1f6fadfee2190700789d7b,unknown,1,4,2032.0,4,149,615,24.0,27.0,31.0,43.56666666666667,23,5,1,-0.25881904510252157,0.9659258262890681,466,508.0,1.0,1.08,0.0,1.24
2,2015-02-07 19:35:00,2015-02-07 20:03:07,faacbcd5bf1d018912c116bf2783e9a1,mexican,5,2,1993.0,2,699,1199,48.0,51.0,61.0,28.116666666666667,19,5,1,-0.9659258262890684,0.2588190451025203,500,996.5,1.0,1.0408163265306123,0.0,1.2448979591836735
1,2015-02-12 20:27:42,2015-02-12 21:18:29,50905d7b2216bfeccb5b41016357176b,unknown,2,1,975.0,1,975,975,24.0,25.0,30.0,50.78333333333333,20,3,0,-0.8660254037844386,0.5000000000000001,0,975.0,1.0,1.0,0.0,1.2
4,2015-02-02 00:57:09,2015-02-02 01:51:42,298f95e1bf9136124592c8d4825a06fc,pizza,3,3,2677.0,2,559,1259,33.0,18.0,23.0,54.55,0,0,0,0.0,1.0,700,892.3333333333334,1.5,0.5294117647058824,15.0,0.6764705882352942
2,2015-02-16 01:42:29,2015-02-16 02:43:38,115f89503138416a242f40fb7d7f338e,other,3,10,3970.0,2,250,495,117.0,99.0,171.0,61.15,1,0,0,0.25881904510252074,0.9659258262890683,245,397.0,5.0,0.8389830508474576,18.0,1.4491525423728813
3,2015-02-07 00:01:16,2015-02-07 00:39:32,7d24c36ac85da6029d610602b6994085,mexican,1,4,2098.0,3,200,999,37.0,34.0,41.0,38.266666666666666,0,5,1,0.0,1.0,799,524.5,1.3333333333333333,0.8947368421052632,3.0,1.0789473684210527
2,2015-02-08 01:28:15,2015-02-08 01:59:51,1c9ac0159c94d8d0cbedc973445af2da,other,5,2,1890.0,2,695,1195,108.0,83.0,102.0,31.6,1,6,1,0.25881904510252074,0.9659258262890683,500,945.0,1.0,0.7614678899082569,25.0,0.9357798165137615
3,2015-01-28 02:11:43,2015-01-28 02:43:24,7240b65810859cbf2a8d9f76a638c0a3,fast,4,1,848.0,1,639,639,18.0,14.0,9.0,31.683333333333334,2,2,0,0.49999999999999994,0.8660254037844387,0,848.0,1.0,0.7368421052631579,4.0,0.47368421052631576
2,2015-02-17 20:22:43,2015-02-17 21:10:44,7f1de29e6da19d22b51c68001e7e0e54,mexican,3,6,4420.0,5,195,1255,59.0,47.0,55.0,48.016666666666666,20,1,0,-0.8660254037844386,0.5000000000000001,1060,736.6666666666666,1.2,0.7833333333333333,12.0,0.9166666666666666
1,2015-02-05 03:54:38,2015-02-05 05:30:34,dfeb9598fbfb97cc6bbcc0aff2c785d6,american,3,4,3500.0,4,300,1300,24.0,26.0,45.0,95.93333333333334,3,3,0,0.7071067811865475,0.7071067811865476,1000,875.0,1.0,1.04,0.0,1.8
6,2015-02-05 03:51:17,2015-02-05 05:03:23,252a3dbaeb32e7690242ad3b556e626b,american,5,2,3400.0,2,1430,1890,37.0,34.0,41.0,72.1,3,3,0,0.7071067811865475,0.7071067811865476,460,1700.0,1.0,0.8947368421052632,3.0,1.0789473684210527
2,2015-02-07 02:24:36,2015-02-07 03:30:22,a3f390d88e4c41f2747bfa2f1b5f87db,unknown,3,2,1650.0,2,400,950,128.0,127.0,228.0,65.76666666666667,2,5,1,0.49999999999999994,0.8660254037844387,550,825.0,1.0,0.9844961240310077,1.0,1.7674418604651163
2,2015-02-07 02:44:27,2015-02-07 03:17:45,84f0f20482cde7e5eacaf7364a643d33,other,3,6,1897.0,4,97,1092,64.0,59.0,112.0,33.3,2,5,1,0.49999999999999994,0.8660254037844387,995,316.1666666666667,1.5,0.9076923076923077,5.0,1.7230769230769232
4,2015-01-29 04:31:09,2015-01-29 05:26:08,934815ad542a4a7c5e8a2dfa04fea9f5,italian,3,4,6680.0,4,995,2495,34.0,31.0,34.0,54.983333333333334,4,3,0,0.8660254037844386,0.5000000000000001,1500,1670.0,1.0,0.8857142857142857,3.0,0.9714285714285714
3,2015-02-08 22:59:52,2015-02-08 23:39:23,b139aeda1c2914e3b579aafd3ceeb1bd,other,3,1,1699.0,1,1499,1499,20.0,18.0,19.0,39.516666666666666,22,6,1,-0.5000000000000004,0.8660254037844384,0,1699.0,1.0,0.8571428571428571,2.0,0.9047619047619048
2,2015-01-22 23:17:40,2015-01-22 23:57:05,dafd2bc3a016e34da1c696cb44993a56,mexican,1,2,2495.0,2,935,1299,23.0,25.0,32.0,39.416666666666664,23,3,0,-0.25881904510252157,0.9659258262890681,364,1247.5,1.0,1.0416666666666667,0.0,1.3333333333333333
5,2015-02-14 05:27:23,2015-02-14 06:02:00,da396723b0381ecdb354cfccc2bf1799,indian,1,8,2895.0,8,0,750,35.0,25.0,30.0,34.61666666666667,5,5,1,0.9659258262890683,0.25881904510252074,750,361.875,1.0,0.6944444444444444,10.0,0.8333333333333334
4,2015-02-02 01:23:04,2015-02-02 02:45:11,3806734b256c27e41ec2c6bffa26d9e7,japanese,2,6,2580.0,5,195,1095,40.0,30.0,46.0,82.11666666666666,1,0,0,0.25881904510252074,0.9659258262890683,900,430.0,1.2,0.7317073170731707,10.0,1.1219512195121952
1,2015-01-22 23:30:43,2015-01-23 00:22:58,ec79d4bed810ed64267d169b0d37373e,american,3,2,1670.0,2,275,1395,4.0,5.0,5.0,52.25,23,3,0,-0.25881904510252157,0.9659258262890681,1120,835.0,1.0,1.0,0.0,1.0
6,2015-02-14 01:32:34,2015-02-14 02:21:40,27f850ce7e93ab7a6d5a60ce96090094,japanese,2,15,10851.275000000023,9,200,1695,37.0,34.0,41.0,49.1,1,5,1,0.25881904510252074,0.9659258262890683,1495,723.4183333333349,1.6666666666666667,0.8947368421052632,3.0,1.0789473684210527
5,2015-02-07 05:24:44,2015-02-07 06:06:03,af94ed0d6f5acc95f97170e3685f16c0,other,3,5,3455.0,5,275,995,23.0,22.0,25.0,41.31666666666667,5,5,1,0.9659258262890683,0.25881904510252074,720,691.0,1.0,0.9166666666666666,1.0,1.0416666666666667
2,2015-02-07 03:33:53,2015-02-07 04:07:55,7f1de29e6da19d22b51c68001e7e0e54,mexican,3,3,2744.0,3,395,1255,142.0,130.0,226.0,34.03333333333333,3,5,1,0.7071067811865475,0.7071067811865476,860,914.6666666666666,1.0,0.9090909090909091,12.0,1.5804195804195804
3,2015-02-11 01:49:24,2015-02-11 02:22:52,96f2b50b5d3613adf9c27049b2a888c7,mexican,3,3,3350.0,3,765,1195,29.0,28.0,32.0,33.46666666666667,1,2,0,0.25881904510252074,0.9659258262890683,430,1116.6666666666667,1.0,0.9333333333333333,1.0,1.0666666666666667
6,2015-02-09 01:12:40,2015-02-09 02:24:16,9248afa3ae57517509334eae846760a2,unknown,4,3,2138.0,2,350,894,37.0,34.0,41.0,71.6,1,0,0,0.25881904510252074,0.9659258262890683,544,712.6666666666666,1.5,0.8947368421052632,3.0,1.0789473684210527
4,2015-02-05 00:52:14,2015-02-05 01:32:23,eccbc87e4b5ce2fe28308fd9f2a7baf3,indian,5,7,5700.0,5,500,975,58.0,42.0,54.0,40.15,0,3,0,0.0,1.0,475,814.2857142857143,1.4,0.711864406779661,16.0,0.9152542372881356
4,2015-02-16 02:00:09,2015-02-16 03:00:24,03afdbd66e7929b125f8597834fa83a4,other,3,6,3390.0,6,400,1100,109.0,106.0,197.0,60.25,2,0,0,0.49999999999999994,0.8660254037844387,700,565.0,1.0,0.9636363636363636,3.0,1.790909090909091
2,2015-02-14 22:51:35,2015-02-14 23:22:11,500d2e6424f6fe03447c9d3545e6b376,other,2,3,2175.0,2,725,725,28.0,26.0,29.0,30.6,22,5,1,-0.5000000000000004,0.8660254037844384,0,725.0,1.5,0.896551724137931,2.0,1.0
2,2015-01-22 02:20:03,2015-01-22 03:15:34,78cb7fa4cd7b891a867134cf4885e1f5,unknown,3,7,4396.0,6,196,1130,86.0,79.0,117.0,55.516666666666666,2,3,0,0.49999999999999994,0.8660254037844387,934,628.0,1.1666666666666667,0.9080459770114943,7.0,1.3448275862068966
2,2015-02-11 02:20:32,2015-02-11 02:53:52,2a34abd6ebbd7fcf5a4421229c946c0a,other,3,1,1745.0,1,1295,1295,102.0,55.0,106.0,33.333333333333336,2,2,0,0.49999999999999994,0.8660254037844387,0,1745.0,1.0,0.5339805825242718,47.0,1.029126213592233
2,2015-01-25 06:33:06,2015-01-25 07:48:02,f1c1592588411002af340cbaedd6fc33,american,3,2,1078.0,2,79,999,10.0,33.0,11.0,74.93333333333334,6,6,1,1.0,6.123233995736766e-17,920,539.0,1.0,3.0,0.0,1.0
4,2015-02-16 19:33:28,2015-02-16 20:38:35,1534b76d325a8f591b52d302e7181331,mexican,3,5,3044.0,4,299,799,56.0,55.0,69.0,65.11666666666666,19,0,0,-0.9659258262890684,0.2588190451025203,500,608.8,1.25,0.9649122807017544,1.0,1.2105263157894737
4,2015-02-09 03:52:51,2015-02-09 04:33:45,44f683a84163b3523afe57c2e008bc8c,other,2,2,1898.0,2,499,1399,89.0,88.0,131.0,40.9,3,0,0,0.7071067811865475,0.7071067811865476,900,949.0,1.0,0.9777777777777777,1.0,1.4555555555555555
6,2015-02-08 04:12:07,2015-02-08 05:00:28,f7e0b956540676a129760a3eae309294,breakfast,3,2,3620.0,2,1210,2410,37.0,34.0,41.0,48.35,4,6,1,0.8660254037844386,0.5000000000000001,1200,1810.0,1.0,0.8947368421052632,3.0,1.0789473684210527
1,2015-02-01 02:35:39,2015-02-01 03:23:56,f12a6a7477077af66212ef0813bcf332,thai,1,3,3685.0,3,1195,1195,13.0,12.0,16.0,48.28333333333333,2,6,1,0.49999999999999994,0.8660254037844387,0,1228.3333333333333,1.0,0.8571428571428571,1.0,1.1428571428571428
4,2015-02-09 02:04:58,2015-02-09 02:48:53,26657d5ff9020d2abefe558796b99584,pizza,5,1,2599.0,1,1399,1399,92.0,72.0,146.0,43.916666666666664,2,0,0,0.49999999999999994,0.8660254037844387,0,2599.0,1.0,0.7741935483870968,20.0,1.5698924731182795
1,2015-01-22 04:05:23,2015-01-22 04:46:01,0a51f21be1788c647ab965b12af2820c,salad,5,1,1540.0,1,1540,1540,55.0,53.0,55.0,40.63333333333333,4,3,0,0.8660254037844386,0.5000000000000001,0,1540.0,1.0,0.9464285714285714,2.0,0.9821428571428571
2,2015-01-30 18:34:36,2015-01-30 19:05:13,4c144c47ecba6f8318128703ca9e2601,breakfast,2,3,1898.0,2,425,549,33.0,20.0,21.0,30.616666666666667,18,4,0,-1.0,-1.8369701987210297e-16,124,632.6666666666666,1.5,0.5882352941176471,13.0,0.6176470588235294
3,2015-01-25 02:11:15,2015-01-25 02:44:20,0501b4e3f17a759d1ac23462859567a7,fast,4,4,1595.0,4,128,600,0.0,0.0,0.0,33.083333333333336,2,6,1,0.49999999999999994,0.8660254037844387,472,398.75,1.0,0.0,0.0,0.0
3,2015-02-13 03:19:52,2015-02-13 04:16:35,34b99cc2f738d8a132faea2e0cc4c13b,american,1,2,899.0,1,412,344,37.0,34.0,41.0,56.71666666666667,3,4,0,0.7071067811865475,0.7071067811865476,-68,449.5,2.0,0.8947368421052632,3.0,1.0789473684210527
1,2015-01-26 23:54:42,2015-01-27 01:00:54,c88d8d0a6097754525e02c2246d8d27f,american,1,1,1200.0,1,1075,1075,7.0,4.0,4.0,66.2,23,0,0,-0.25881904510252157,0.9659258262890681,0,1200.0,1.0,0.5,3.0,0.5
1,2015-02-14 18:18:08,2015-02-14 19:22:04,3983e1512aa570c564fab522bdb3efa5,dessert,1,2,2795.0,2,1000,1200,5.0,5.0,5.0,63.93333333333333,18,5,1,-1.0,-1.8369701987210297e-16,200,1397.5,1.0,0.8333333333333334,0.0,0.8333333333333334
2,2015-02-09 23:08:56,2015-02-09 23:42:28,c0560792e4a3c79e62f76cbf9fb277dd,sandwich,1,1,649.0,1,599,599,10.0,9.0,9.0,33.53333333333333,23,0,0,-0.25881904510252157,0.9659258262890681,0,649.0,1.0,0.8181818181818182,1.0,0.8181818181818182
2,2015-02-13 01:19:46,2015-02-13 02:02:26,84c2d4860a0fc27bcf854c444fb8b400,other,3,3,1925.0,3,145,1440,44.0,34.0,40.0,42.666666666666664,1,4,0,0.25881904510252074,0.9659258262890683,1295,641.6666666666666,1.0,0.7555555555555555,10.0,0.8888888888888888
4,2015-02-12 20:49:00,2015-02-12 21:35:42,45c48cce2e2d7fbdea1afc51c7c6ad26,salad,5,2,2200.0,2,770,1320,77.0,65.0,85.0,46.7,20,3,0,-0.8660254037844386,0.5000000000000001,550,1100.0,1.0,0.8333333333333334,12.0,1.0897435897435896
1,2015-01-27 02:30:54,2015-01-27 03:07:49,ee14c41e92ec5c97b54cf9b74e25bd99,other,5,3,4000.0,3,1200,1400,49.0,49.0,47.0,36.916666666666664,2,1,0,0.49999999999999994,0.8660254037844387,200,1333.3333333333333,1.0,0.98,0.0,0.94
1,2015-02-08 01:27:40,2015-02-08 02:02:43,ca9541826e97c4530b07dda2eba0e013,pizza,5,2,1550.0,2,550,1000,10.0,10.0,10.0,35.05,1,6,1,0.25881904510252074,0.9659258262890683,450,775.0,1.0,0.9090909090909091,0.0,0.9090909090909091
4,2015-01-23 19:35:21,2015-01-23 20:13:01,1872e3d47e965d2e64f63ca01dd937f9,vietnamese,1,3,2690.0,2,795,950,38.0,36.0,55.0,37.666666666666664,19,4,0,-0.9659258262890684,0.2588190451025203,155,896.6666666666666,1.5,0.9230769230769231,2.0,1.4102564102564104
1,2015-02-09 03:50:59,2015-02-09 04:47:01,30ef30b64204a3088a26bc2e6ecf7602,burger,1,3,3600.0,2,800,1400,54.0,56.0,91.0,56.03333333333333,3,0,0,0.7071067811865475,0.7071067811865476,600,1200.0,1.5,1.018181818181818,0.0,1.6545454545454545
1,2015-01-31 19:39:37,2015-01-31 20:43:16,3259448026472bf01c91b755d70608dc,burger,5,1,995.0,1,995,995,6.0,5.0,5.0,63.65,19,5,1,-0.9659258262890684,0.2588190451025203,0,995.0,1.0,0.7142857142857143,1.0,0.7142857142857143
2,2015-01-30 04:18:23,2015-01-30 04:42:30,b9cfe8b6042cf759dc4c0cccb27a6737,indian,1,2,1350.0,2,300,1050,87.0,88.0,109.0,24.116666666666667,4,4,0,0.8660254037844386,0.5000000000000001,750,675.0,1.0,1.0,0.0,1.2386363636363635
2,2015-02-16 19:24:34,2015-02-16 20:20:31,48db71587df6c7c442e5b76cc723169a,other,3,1,975.0,1,775,775,39.0,38.0,56.0,55.95,19,0,0,-0.9659258262890684,0.2588190451025203,0,975.0,1.0,0.95,1.0,1.4
1,2015-01-23 03:25:52,2015-01-23 03:56:33,17c276c8e723eb46aef576537e9d56d0,burger,3,2,2300.0,2,700,1600,60.0,59.0,64.0,30.683333333333334,3,4,0,0.7071067811865475,0.7071067811865476,900,1150.0,1.0,0.9672131147540983,1.0,1.0491803278688525
1,2015-01-30 01:26:24,2015-01-30 01:52:45,cca289d2a4acd14c1cd9a84ffb41dd29,other,4,1,569.0,1,359,359,28.0,27.0,27.0,26.35,1,4,0,0.25881904510252074,0.9659258262890683,0,569.0,1.0,0.9310344827586207,1.0,0.9310344827586207
3,2015-01-30 02:33:37,2015-01-30 03:31:05,f04cd7399b2b0128970efb6d20b5c551,unknown,1,12,7800.0,7,400,1100,54.0,46.0,46.0,57.46666666666667,2,4,0,0.49999999999999994,0.8660254037844387,700,650.0,1.7142857142857142,0.8363636363636363,8.0,0.8363636363636363
4,2015-01-22 01:35:08,2015-01-22 02:17:34,ca8155f4d27f205953f9d3d7974bdd70,japanese,1,5,1375.0,4,100,450,60.0,68.0,72.0,42.43333333333333,1,3,0,0.25881904510252074,0.9659258262890683,350,275.0,1.25,1.1147540983606556,0.0,1.180327868852459
1,2015-02-14 20:53:24,2015-02-14 21:37:52,8d8818c8e140c64c743113f563cf750f,fast,4,2,968.0,2,299,669,13.0,13.0,13.0,44.46666666666667,20,5,1,-0.8660254037844386,0.5000000000000001,370,484.0,1.0,0.9285714285714286,0.0,0.9285714285714286
4,2015-02-12 03:18:42,2015-02-12 04:00:06,74db120f0a8e5646ef5a30154e9f6deb,other,5,2,2120.0,2,425,1695,103.0,97.0,129.0,41.4,3,3,0,0.7071067811865475,0.7071067811865476,1270,1060.0,1.0,0.9326923076923077,6.0,1.2403846153846154
6,2015-02-17 04:27:43,2015-02-17 04:56:30,8e987cf1b2f1f6ffa6a43066798b4b7f,pizza,3,2,3175.0,2,775,2400,37.0,34.0,41.0,28.783333333333335,4,1,0,0.8660254037844386,0.5000000000000001,1625,1587.5,1.0,0.8947368421052632,3.0,1.0789473684210527
3,2015-01-22 01:39:58,2015-01-22 02:19:08,10976997a55826d2efd10358e23511de,pizza,3,4,2876.0,3,579,1099,37.0,34.0,41.0,39.166666666666664,1,3,0,0.25881904510252074,0.9659258262890683,520,719.0,1.3333333333333333,0.8947368421052632,3.0,1.0789473684210527
4,2015-02-11 19:25:15,2015-02-11 20:34:09,b645e524a1512ce68947d3b9c948aa46,other,2,1,4000.0,1,3000,3750,69.0,66.0,152.0,68.9,19,2,0,-0.9659258262890684,0.2588190451025203,750,4000.0,1.0,0.9428571428571428,3.0,2.1714285714285713
4,2015-02-01 21:10:50,2015-02-01 21:37:45,5352696a9ca3397beb79f116f3a33991,mexican,3,3,1557.0,3,329,899,32.0,29.0,40.0,26.916666666666668,21,6,1,-0.7071067811865477,0.7071067811865474,570,519.0,1.0,0.8787878787878788,3.0,1.2121212121212122
1,2015-01-27 01:52:33,2015-01-27 02:35:02,a29d1598024f9e87beab4b98411d48ce,other,1,1,1800.0,1,1800,1800,41.0,40.0,50.0,42.483333333333334,1,1,0,0.25881904510252074,0.9659258262890683,0,1800.0,1.0,0.9523809523809523,1.0,1.1904761904761905
1,2015-01-27 03:22:28,2015-01-27 03:58:50,31fb220526c09d18bf9cfaff20bcba4e,unknown,1,1,949.0,1,899,899,40.0,46.0,67.0,36.36666666666667,3,1,0,0.7071067811865475,0.7071067811865476,0,949.0,1.0,1.1219512195121952,0.0,1.6341463414634145
3,2015-02-11 04:11:30,2015-02-11 04:57:57,5e632913bf096e49880cf8b92d53c9ad,dessert,1,3,4565.0,3,795,2175,9.0,12.0,14.0,46.45,4,2,0,0.8660254037844386,0.5000000000000001,1380,1521.6666666666667,1.0,1.2,0.0,1.4
3,2015-01-30 20:00:48,2015-01-30 20:47:52,194e9674ab9c0440b37a421b42b6c5c7,italian,1,1,1550.0,1,1100,1100,6.0,2.0,2.0,47.06666666666667,20,4,0,-0.8660254037844386,0.5000000000000001,0,1550.0,1.0,0.2857142857142857,4.0,0.2857142857142857
2,2015-01-29 21:33:27,2015-01-29 21:58:28,c56a022b15250525f8b9bdfc41a13152,mexican,2,2,1620.0,1,735,735,61.0,49.0,52.0,25.016666666666666,21,3,0,-0.7071067811865477,0.7071067811865474,0,810.0,2.0,0.7903225806451613,12.0,0.8387096774193549
1,2015-02-16 20:15:43,2015-02-16 21:24:46,215a71a12769b056c3c32e7299f1c5ed,other,1,3,4185.0,1,1395,1395,7.0,7.0,11.0,69.05,20,0,0,-0.8660254037844386,0.5000000000000001,0,1395.0,3.0,0.875,0.0,1.375
2,2015-02-14 23:32:36,2015-02-15 00:11:21,a57e8915461b83adefb011530b711704,american,1,1,770.0,1,695,695,50.0,48.0,57.0,38.75,23,5,1,-0.25881904510252157,0.9659258262890681,0,770.0,1.0,0.9411764705882353,2.0,1.1176470588235294
1,2015-02-15 03:20:40,2015-02-15 04:30:04,a8f8f60264024dca151f164729b76c0b,mexican,5,4,4780.0,3,295,1795,68.0,68.0,134.0,69.4,3,6,1,0.7071067811865475,0.7071067811865476,1500,1195.0,1.3333333333333333,0.9855072463768116,0.0,1.9420289855072463
4,2015-01-27 02:09:11,2015-01-27 02:58:26,ed3d2c21991e3bef5e069713af9fa6ca,other,3,2,3525.0,1,975,975,72.0,122.0,77.0,49.25,2,1,0,0.49999999999999994,0.8660254037844387,0,1762.5,2.0,1.6712328767123288,0.0,1.0547945205479452
4,2015-02-06 19:43:19,2015-02-06 20:18:21,b6a1085a27ab7bff7550f8a3bd017df8,mediterranean,3,4,4020.0,4,600,1200,40.0,38.0,57.0,35.03333333333333,19,4,0,-0.9659258262890684,0.2588190451025203,600,1005.0,1.0,0.926829268292683,2.0,1.3902439024390243
1,2015-02-01 03:07:11,2015-02-01 04:23:09,b613e70fd9f59310cf0a8d33de3f2800,japanese,3,10,6090.0,6,195,1395,15.0,17.0,23.0,75.96666666666667,3,6,1,0.7071067811865475,0.7071067811865476,1200,609.0,1.6666666666666667,1.0625,0.0,1.4375
4,2015-01-31 01:11:30,2015-01-31 01:32:44,89885ff2c83a10305ee08bd507c1049c,unknown,3,2,1365.0,2,380,795,66.0,43.0,60.0,21.233333333333334,1,5,1,0.25881904510252074,0.9659258262890683,415,682.5,1.0,0.6417910447761194,23.0,0.8955223880597015
4,2015-02-08 01:26:29,2015-02-08 01:58:35,3f2dff7862a70f97a59a1fa02c3ec110,burger,4,4,2096.0,4,249,729,14.0,13.0,12.0,32.1,1,6,1,0.25881904510252074,0.9659258262890683,480,524.0,1.0,0.8666666666666667,1.0,0.8
4,2015-02-03 04:05:37,2015-02-03 04:48:33,e73fecc08ee9b0e1a876614ec3178bac,japanese,2,1,1300.0,1,1300,1300,67.0,72.0,103.0,42.93333333333333,4,1,0,0.8660254037844386,0.5000000000000001,0,1300.0,1.0,1.0588235294117647,0.0,1.5147058823529411
6,2015-01-26 04:33:45,2015-01-26 04:56:24,b5845b28131e33e1ece69f1a335c807e,fast,4,3,884.0,3,119,500,37.0,34.0,41.0,22.65,4,0,0,0.8660254037844386,0.5000000000000001,381,294.6666666666667,1.0,0.8947368421052632,3.0,1.0789473684210527
4,2015-02-12 22:12:26,2015-02-12 22:48:53,d282ef263719ab842e05382dc235f69e,dessert,2,1,410.0,1,410,410,24.0,10.0,13.0,36.45,22,3,0,-0.5000000000000004,0.8660254037844384,0,410.0,1.0,0.4,14.0,0.52
2,2015-02-12 01:22:34,2015-02-12 01:57:01,1a5ee1ff6e413deb105e03f4bc5be351,sandwich,2,1,995.0,1,995,995,81.0,79.0,96.0,34.45,1,3,0,0.25881904510252074,0.9659258262890683,0,995.0,1.0,0.9634146341463414,2.0,1.170731707317073
1,2015-02-08 02:57:43,2015-02-08 03:51:45,317e30985b2c3bf93a0fe849ddca9888,pizza,5,3,3576.0,3,699,1299,60.0,63.0,98.0,54.03333333333333,2,6,1,0.49999999999999994,0.8660254037844387,600,1192.0,1.0,1.0327868852459017,0.0,1.6065573770491803
5,2015-02-15 01:32:25,2015-02-15 02:06:16,29e11dc359bad383e1243f730bdbe032,american,1,2,1945.0,2,895,1050,39.0,32.0,40.0,33.85,1,6,1,0.25881904510252074,0.9659258262890683,155,972.5,1.0,0.8,7.0,1.0
1,2015-01-24 20:08:20,2015-01-24 20:37:09,9366fb6cdeff0a5d6c1093d1ffcfe458,unknown,5,3,1285.0,3,195,795,28.0,22.0,23.0,28.816666666666666,20,5,1,-0.8660254037844386,0.5000000000000001,600,428.3333333333333,1.0,0.7586206896551724,6.0,0.7931034482758621
2,2015-02-11 02:29:41,2015-02-11 03:08:33,48e95c45c8217961bf6cd7696d80d238,mexican,1,3,3200.0,3,600,1300,49.0,49.0,73.0,38.86666666666667,2,2,0,0.49999999999999994,0.8660254037844387,700,1066.6666666666667,1.0,0.98,0.0,1.46
1,2015-02-01 21:04:23,2015-02-01 21:43:44,2afe4567e1bf64d32a5527244d104cea,other,1,3,3665.0,3,1095,1295,16.0,17.0,21.0,39.35,21,6,1,-0.7071067811865477,0.7071067811865474,200,1221.6666666666667,1.0,1.0,0.0,1.2352941176470589
4,2015-02-12 19:53:40,2015-02-12 20:45:21,3ce6d3c8830d27ec2e6a1936ecbaa514,breakfast,2,2,3150.0,2,1425,1725,44.0,41.0,64.0,51.68333333333333,19,3,0,-0.9659258262890684,0.2588190451025203,300,1575.0,1.0,0.9111111111111111,3.0,1.4222222222222223
2,2015-01-28 22:05:46,2015-01-28 22:37:17,56a32ddf374ecd774959be244161cb72,fast,4,14,1286.0,5,0,329,19.0,14.0,14.0,31.516666666666666,22,2,0,-0.5000000000000004,0.8660254037844384,329,91.85714285714286,2.8,0.7,5.0,0.7
5,2015-02-07 01:51:12,2015-02-07 02:40:36,977f8b33d303564416bf9f4ab1c39720,other,3,6,5874.0,6,406,1593,52.0,37.0,60.0,49.4,1,5,1,0.25881904510252074,0.9659258262890683,1187,979.0,1.0,0.6981132075471698,15.0,1.1320754716981132
4,2015-01-30 22:15:17,2015-01-30 22:47:09,d364a623a35bc2f4768a568638aff687,dessert,1,1,529.0,1,489,489,12.0,16.0,14.0,31.866666666666667,22,4,0,-0.5000000000000004,0.8660254037844384,0,529.0,1.0,1.2307692307692308,0.0,1.0769230769230769
5,2015-01-25 18:42:32,2015-01-25 19:17:36,31f16d3ab7ac2c7e89fc56fe45eae7e1,american,1,3,2697.0,2,699,999,10.0,6.0,5.0,35.06666666666667,18,6,1,-1.0,-1.8369701987210297e-16,300,899.0,1.5,0.5454545454545454,4.0,0.45454545454545453
4,2015-02-01 19:30:05,2015-02-01 20:02:26,e836d813fd184325132fca8edcdfb40e,chinese,3,5,4100.0,5,550,1100,42.0,33.0,32.0,32.35,19,6,1,-0.9659258262890684,0.2588190451025203,550,820.0,1.0,0.7674418604651163,9.0,0.7441860465116279
2,2015-02-09 18:40:57,2015-02-09 19:29:58,8efb100a295c0c690931222ff4467bb8,dessert,1,3,1925.0,3,250,1000,8.0,7.0,10.0,49.016666666666666,18,0,0,-1.0,-1.8369701987210297e-16,750,641.6666666666666,1.0,0.7777777777777778,1.0,1.1111111111111112
4,2015-02-18 02:26:31,2015-02-18 03:14:37,7dd11ae2d5ed34925bdbdc9b01866349,chinese,3,6,4615.0,6,275,1450,9.0,8.0,20.0,48.1,2,2,0,0.49999999999999994,0.8660254037844387,1175,769.1666666666666,1.0,0.8,1.0,2.0
1,2015-02-05 20:29:56,2015-02-05 20:51:05,b1f6b3049abddd25b2c408905b34ff12,other,4,2,414.0,2,164,179,31.0,30.0,33.0,21.15,20,3,0,-0.8660254037844386,0.5000000000000001,15,207.0,1.0,0.9375,1.0,1.03125
2,2015-02-12 03:21:20,2015-02-12 04:01:54,78b9cab19959e4af8ff46156ee460c74,other,3,2,2300.0,2,1050,1250,61.0,63.0,109.0,40.56666666666667,3,3,0,0.7071067811865475,0.7071067811865476,200,1150.0,1.0,1.0161290322580645,0.0,1.7580645161290323
6,2015-02-15 20:23:12,2015-02-15 21:05:55,f2617d00a4f462b47ee02e168ae3273b,pizza,3,3,1848.0,3,150,999,37.0,34.0,41.0,42.71666666666667,20,6,1,-0.8660254037844386,0.5000000000000001,849,616.0,1.0,0.8947368421052632,3.0,1.0789473684210527
3,2015-02-14 01:43:21,2015-02-14 02:16:10,b7a8486459730bea9569414ef76cf03f,pizza,1,1,2219.0,1,1199,1199,37.0,34.0,41.0,32.81666666666667,1,5,1,0.25881904510252074,0.9659258262890683,0,2219.0,1.0,0.8947368421052632,3.0,1.0789473684210527
4,2015-02-03 01:40:51,2015-02-03 02:25:17,298f95e1bf9136124592c8d4825a06fc,pizza,3,3,3472.0,3,499,1399,30.0,30.0,59.0,44.43333333333333,1,1,0,0.25881904510252074,0.9659258262890683,900,1157.3333333333333,1.0,0.967741935483871,0.0,1.903225806451613
2,2015-02-08 01:56:22,2015-02-08 02:49:07,9854d7afce413aa13cd0a1d39d0bcec5,american,1,10,6381.0,6,0,1119,129.0,92.0,137.0,52.75,1,6,1,0.25881904510252074,0.9659258262890683,1119,638.1,1.6666666666666667,0.7076923076923077,37.0,1.0538461538461539
5,2015-02-07 01:48:02,2015-02-07 02:40:20,89d9c467c2926de8ef12d1f3e006d06b,other,1,2,1798.0,2,799,999,24.0,10.0,20.0,52.3,1,5,1,0.25881904510252074,0.9659258262890683,200,899.0,1.0,0.4,14.0,0.8
3,2015-02-03 02:06:55,2015-02-03 03:08:37,13fe9d84310e77f13a6d184dbf1232f3,chinese,1,2,3800.0,2,1900,1900,70.0,71.0,108.0,61.7,2,1,0,0.49999999999999994,0.8660254037844387,0,1900.0,1.0,1.0,0.0,1.5211267605633803
2,2015-02-05 22:39:16,2015-02-05 23:25:37,9854d7afce413aa13cd0a1d39d0bcec5,american,1,4,1246.0,3,129,759,27.0,30.0,32.0,46.35,22,3,0,-0.5000000000000004,0.8660254037844384,630,311.5,1.3333333333333333,1.0714285714285714,0.0,1.1428571428571428
2,2015-02-16 05:03:58,2015-02-16 05:51:20,50acb95527b5b98d6a41b41cab45fe6c,mexican,1,3,3077.0,3,819,1159,96.0,64.0,62.0,47.36666666666667,5,0,0,0.9659258262890683,0.25881904510252074,340,1025.6666666666667,1.0,0.6597938144329897,32.0,0.6391752577319587
1,2015-01-30 03:54:32,2015-01-30 04:42:59,56e3fb541605e047f551bffc5a3dc209,chinese,1,2,3228.0,2,1546,1812,33.0,32.0,41.0,48.45,3,4,0,0.7071067811865475,0.7071067811865476,266,1614.0,1.0,0.9411764705882353,1.0,1.2058823529411764
4,2015-02-09 22:07:00,2015-02-09 22:38:06,cf2226ddd41b1a2d0ae51dab54d32c36,fast,3,1,1193.0,1,875,875,27.0,20.0,19.0,31.1,22,0,0,-0.5000000000000004,0.8660254037844384,0,1193.0,1.0,0.7142857142857143,7.0,0.6785714285714286
5,2015-02-08 03:05:37,2015-02-08 04:11:31,6efd23ca96571c0b369cf7286650e9b8,chinese,1,4,3300.0,4,350,1450,15.0,16.0,34.0,65.9,3,6,1,0.7071067811865475,0.7071067811865476,1100,825.0,1.0,1.0,0.0,2.125
2,2015-01-23 21:43:42,2015-01-23 22:11:19,435d6ab1ba16ba7e05e09d9728bc36ca,sandwich,3,2,1267.0,2,269,748,31.0,38.0,57.0,27.616666666666667,21,4,0,-0.7071067811865477,0.7071067811865474,479,633.5,1.0,1.1875,0.0,1.78125
1,2015-01-29 20:52:27,2015-01-29 22:18:17,f187a23c3ee681ef6913f31fd6d6446b,pizza,1,12,10851.275000000023,8,500,1095,16.0,17.0,11.0,85.83333333333333,20,3,0,-0.8660254037844386,0.5000000000000001,595,904.2729166666686,1.5,1.0,0.0,0.6470588235294118
1,2015-02-07 02:35:55,2015-02-07 04:48:30,c131278e28b4703f6466a4bdf0fa863e,other,1,2,1857.0,2,731,977,29.0,25.0,32.0,132.58333333333334,2,5,1,0.49999999999999994,0.8660254037844387,246,928.5,1.0,0.8333333333333334,4.0,1.0666666666666667
6,2015-02-06 03:55:13,2015-02-06 04:49:28,25766f01628f3d34b93a36a2301dffc9,greek,2,7,4600.0,5,100,1300,37.0,34.0,41.0,54.25,3,4,0,0.7071067811865475,0.7071067811865476,1200,657.1428571428571,1.4,0.8947368421052632,3.0,1.0789473684210527
4,2015-02-01 20:13:29,2015-02-01 20:45:00,eeb74a8ddfbb606f20020fd92e80aa0f,fast,4,5,2709.0,3,265,1649,33.0,30.0,48.0,31.516666666666666,20,6,1,-0.8660254037844386,0.5000000000000001,1384,541.8,1.6666666666666667,0.8823529411764706,3.0,1.411764705882353
4,2015-01-30 02:17:41,2015-01-30 02:57:51,d3d9446802a44259755d38e6d163e820,indian,5,3,3285.0,3,295,1595,122.0,114.0,177.0,40.166666666666664,2,4,0,0.49999999999999994,0.8660254037844387,1300,1095.0,1.0,0.926829268292683,8.0,1.4390243902439024
2,2015-02-18 02:55:43,2015-02-18 03:54:51,1a4ab15f37a1d2341d947a9996ddfbf7,chinese,1,1,1099.0,1,1099,1099,102.0,80.0,115.0,59.13333333333333,2,2,0,0.49999999999999994,0.8660254037844387,0,1099.0,1.0,0.7766990291262136,22.0,1.116504854368932
2,2015-02-17 22:44:31,2015-02-17 23:29:53,8e6b42f1644ecb1327dc03ab345e618b,greek,5,1,1599.0,1,1199,1199,16.0,16.0,21.0,45.36666666666667,22,1,0,-0.5000000000000004,0.8660254037844384,0,1599.0,1.0,0.9411764705882353,0.0,1.2352941176470589
4,2015-01-22 01:31:56,2015-01-22 02:17:21,ed3d2c21991e3bef5e069713af9fa6ca,other,3,2,1850.0,2,600,950,79.0,74.0,99.0,45.416666666666664,1,3,0,0.25881904510252074,0.9659258262890683,350,925.0,1.0,0.925,5.0,1.2375
3,2015-02-13 20:23:59,2015-02-13 21:49:53,aab11087c24981eb0e03846792ff5718,mexican,2,2,2900.0,2,1100,1200,3.0,2.0,2.0,85.9,20,4,0,-0.8660254037844386,0.5000000000000001,100,1450.0,1.0,0.5,1.0,0.5
2,2015-02-05 17:41:59,2015-02-05 18:20:09,ad13a2a07ca4b7642959dc0c4c740ab6,american,1,2,1795.0,2,695,1100,9.0,7.0,7.0,38.166666666666664,17,3,0,-0.9659258262890683,-0.25881904510252063,405,897.5,1.0,0.7,2.0,0.7
2,2015-01-29 20:10:32,2015-01-29 20:47:23,8eb9becbba23d2ccdccddd9ac3f4a02d,indian,3,8,7660.0,5,250,1695,45.0,43.0,54.0,36.85,20,3,0,-0.8660254037844386,0.5000000000000001,1445,957.5,1.6,0.9347826086956522,2.0,1.173913043478261
4,2015-02-07 02:22:09,2015-02-07 03:44:05,a97da629b098b75c294dffdc3e463904,dessert,1,2,3290.0,2,295,2995,128.0,127.0,228.0,81.93333333333334,2,5,1,0.49999999999999994,0.8660254037844387,2700,1645.0,1.0,0.9844961240310077,1.0,1.7674418604651163
2,2015-01-23 02:02:48,2015-01-23 02:53:02,7d12b66d3df6af8d429c1a357d8b9e1a,mexican,5,1,600.0,1,550,550,50.0,45.0,61.0,50.233333333333334,2,4,0,0.49999999999999994,0.8660254037844387,0,600.0,1.0,0.8823529411764706,5.0,1.196078431372549
3,2015-01-30 00:32:46,2015-01-30 01:01:35,c5fe17b7a8d023ade2bbb05e574eef78,other,1,5,3740.0,5,475,995,15.0,16.0,22.0,28.816666666666666,0,4,0,0.0,1.0,520,748.0,1.0,1.0,0.0,1.375
1,2015-01-26 23:37:14,2015-01-27 00:36:18,c6ae9174774e254650073722e5b92a8f,mexican,1,8,2800.0,5,250,600,11.0,13.0,17.0,59.06666666666667,23,0,0,-0.25881904510252157,0.9659258262890681,350,350.0,1.6,1.0833333333333333,0.0,1.4166666666666667
4,2015-02-03 21:35:23,2015-02-03 22:16:16,1534b76d325a8f591b52d302e7181331,mexican,3,2,1397.0,2,599,599,43.0,22.0,19.0,40.88333333333333,21,1,0,-0.7071067811865477,0.7071067811865474,0,698.5,1.0,0.5,21.0,0.4318181818181818
5,2015-02-16 20:30:53,2015-02-16 21:28:34,c73071b4520a9a82990741a84a2144eb,vietnamese,1,1,900.0,1,900,900,23.0,23.0,33.0,57.68333333333333,20,0,0,-0.8660254037844386,0.5000000000000001,0,900.0,1.0,0.9583333333333334,0.0,1.375
2,2015-01-29 01:51:29,2015-01-29 02:36:33,57c0531e13f40b91b3b0f1a30b529a1d,pizza,5,6,4862.0,4,599,1773,101.0,101.0,128.0,45.06666666666667,1,3,0,0.25881904510252074,0.9659258262890683,1174,810.3333333333334,1.5,0.9901960784313726,0.0,1.2549019607843137
6,2015-02-15 17:40:17,2015-02-15 18:10:46,a75a52f7209c01df2598a77ebc4de539,vietnamese,1,1,1700.0,1,1200,1200,37.0,34.0,41.0,30.483333333333334,17,6,1,-0.9659258262890683,-0.25881904510252063,0,1700.0,1.0,0.8947368421052632,3.0,1.0789473684210527
2,2015-01-25 01:33:08,2015-01-25 02:22:31,a42a596fc71e17828440030074d15e74,chinese,3,3,3147.0,3,699,1299,87.0,93.0,123.0,49.38333333333333,1,6,1,0.25881904510252074,0.9659258262890683,600,1049.0,1.0,1.0568181818181819,0.0,1.3977272727272727
1,2015-02-16 04:04:25,2015-02-16 05:33:00,5ef99d16d1954578b0df2f38b866449b,american,1,3,2657.0,3,355,1685,26.0,21.0,44.0,88.58333333333333,4,0,0,0.8660254037844386,0.5000000000000001,1330,885.6666666666666,1.0,0.7777777777777778,5.0,1.6296296296296295
1,2015-01-28 02:55:16,2015-01-28 03:34:30,3bd318565e4adbe5f4b6abf2ffebf3a0,italian,1,2,2064.0,2,902,1012,53.0,57.0,62.0,39.233333333333334,2,2,0,0.49999999999999994,0.8660254037844387,110,1032.0,1.0,1.0555555555555556,0.0,1.1481481481481481
1,2015-02-06 20:22:44,2015-02-06 20:47:55,3fde55bef5c7d6089249126006e338dd,american,5,1,1025.0,1,1025,1025,35.0,34.0,36.0,25.183333333333334,20,4,0,-0.8660254037844386,0.5000000000000001,0,1025.0,1.0,0.9444444444444444,1.0,1.0
6,2015-02-17 20:21:36,2015-02-17 20:50:52,4faf133ea46f7ee2eac98fb2c9481c6a,other,5,1,645.0,1,595,595,37.0,34.0,41.0,29.266666666666666,20,1,0,-0.8660254037844386,0.5000000000000001,0,645.0,1.0,0.8947368421052632,3.0,1.0789473684210527
5,2015-02-14 21:53:46,2015-02-14 22:46:20,1baba510b5b8db4473eb73e7b9784b20,indian,3,6,2944.0,5,399,699,20.0,20.0,26.0,52.56666666666667,21,5,1,-0.7071067811865477,0.7071067811865474,300,490.6666666666667,1.2,0.9523809523809523,0.0,1.2380952380952381
6,2015-02-13 03:53:27,2015-02-13 04:37:42,4607f7fff0dce694258e1c637512aa9d,sandwich,4,1,800.0,1,475,475,37.0,34.0,41.0,44.25,3,4,0,0.7071067811865475,0.7071067811865476,0,800.0,1.0,0.8947368421052632,3.0,1.0789473684210527
4,2015-02-09 02:03:09,2015-02-09 03:04:23,28dd2c7955ce926456240b2ff0100bde,japanese,2,4,1440.0,3,150,550,81.0,69.0,110.0,61.233333333333334,2,0,0,0.49999999999999994,0.8660254037844387,400,360.0,1.3333333333333333,0.8414634146341463,12.0,1.3414634146341464
2,2015-01-26 00:33:46,2015-01-26 01:18:43,5737c6ec2e0716f3d8a7a5c4e0de0d9a,italian,3,1,3499.0,1,2199,2199,37.0,63.0,54.0,44.95,0,0,0,0.0,1.0,0,3499.0,1.0,1.6578947368421053,0.0,1.4210526315789473
4,2015-02-12 00:26:58,2015-02-12 01:12:50,a7974b664364f1655de4ae0484a7bcaf,mexican,5,3,1597.0,3,199,649,4.0,3.0,2.0,45.86666666666667,0,3,0,0.0,1.0,450,532.3333333333334,1.0,0.6,1.0,0.4
6,2015-02-04 01:00:59,2015-02-04 01:25:33,fab6cdec3712c24619019567ac26c060,thai,5,4,2075.0,3,200,1050,37.0,34.0,41.0,24.566666666666666,1,2,0,0.25881904510252074,0.9659258262890683,850,518.75,1.3333333333333333,0.8947368421052632,3.0,1.0789473684210527
4,2015-01-31 00:35:39,2015-01-31 01:32:53,fe9fc289c3ff0af142b6d3bead98a923,mexican,3,9,5845.0,5,550,850,48.0,19.0,40.0,57.233333333333334,0,5,1,0.0,1.0,300,649.4444444444445,1.8,0.3877551020408163,29.0,0.8163265306122449
2,2015-02-10 00:34:45,2015-02-10 01:04:18,1b5e669dd84003f7a70da7724e5cba93,other,3,3,1970.0,3,175,1395,28.0,27.0,36.0,29.55,0,1,0,0.0,1.0,1220,656.6666666666666,1.0,0.9310344827586207,1.0,1.2413793103448276
3,2015-02-03 20:47:57,2015-02-03 21:21:31,cdaa9b682e10c291d3bbadca4c96f5de,japanese,1,1,1600.0,1,1000,1000,16.0,18.0,24.0,33.56666666666667,20,1,0,-0.8660254037844386,0.5000000000000001,0,1600.0,1.0,1.0588235294117647,0.0,1.411764705882353
1,2015-02-04 22:10:48,2015-02-04 23:26:29,4ddb6f74a1c9119602bc9053b5f2b4f3,fast,4,1,1203.0,1,693,792,21.0,24.0,24.0,75.68333333333334,22,2,0,-0.5000000000000004,0.8660254037844384,99,1203.0,1.0,1.0909090909090908,0.0,1.0909090909090908
3,2015-02-06 01:55:55,2015-02-06 02:45:21,6d79e030371e47e6231337805a7a2685,mexican,5,2,1890.0,2,945,945,23.0,22.0,18.0,49.43333333333333,1,4,0,0.25881904510252074,0.9659258262890683,0,945.0,1.0,0.9166666666666666,1.0,0.75
2,2015-02-17 01:19:18,2015-02-17 01:54:40,9dcb88e0137649590b755372b040afad,mexican,5,3,2285.0,3,495,995,61.0,60.0,73.0,35.36666666666667,1,1,0,0.25881904510252074,0.9659258262890683,500,761.6666666666666,1.0,0.967741935483871,1.0,1.1774193548387097
4,2015-01-31 06:11:49,2015-01-31 06:40:49,670c26185a3783678135b4697f7dbd1a,fast,4,8,1296.0,5,0,299,15.0,18.0,19.0,29.0,6,5,1,1.0,6.123233995736766e-17,299,162.0,1.6,1.125,0.0,1.1875
6,2015-02-03 22:33:02,2015-02-03 23:25:28,7259202cea475e0e98aa076037cc3f15,american,3,1,1295.0,1,1295,1295,37.0,34.0,41.0,52.43333333333333,22,1,0,-0.5000000000000004,0.8660254037844384,0,1295.0,1.0,0.8947368421052632,3.0,1.0789473684210527
2,2015-01-26 20:23:59,2015-01-26 21:24:00,2451041557a22145b3701b0184109cab,other,1,4,4000.0,1,900,900,37.0,66.0,50.0,60.016666666666666,20,0,0,-0.8660254037844386,0.5000000000000001,0,1000.0,4.0,1.736842105263158,0.0,1.3157894736842106
3,2015-02-06 01:00:20,2015-02-06 02:32:15,fc1027164548d0abe0f897f083c29dd6,mexican,1,6,3294.0,5,160,1025,0.0,0.0,0.0,91.91666666666667,1,4,0,0.25881904510252074,0.9659258262890683,865,549.0,1.2,0.0,0.0,0.0
4,2015-02-13 20:06:31,2015-02-13 20:39:40,51ef186e18dc00c2d31982567235c559,mexican,3,4,1350.0,3,100,850,52.0,48.0,59.0,33.15,20,4,0,-0.8660254037844386,0.5000000000000001,750,337.5,1.3333333333333333,0.9056603773584906,4.0,1.1132075471698113
4,2015-01-26 00:56:14,2015-01-26 01:39:53,ae8ac5e9dffde5cc03562b4e13ac4394,pizza,1,2,3198.0,2,599,949,12.0,11.0,15.0,43.65,0,0,0,0.0,1.0,350,1599.0,1.0,0.8461538461538461,1.0,1.1538461538461537
4,2015-02-16 19:44:39,2015-02-16 20:48:37,73dc680c73e6a18c296d5889e67b6b55,other,2,1,950.0,1,690,690,55.0,54.0,83.0,63.96666666666667,19,0,0,-0.9659258262890684,0.2588190451025203,0,950.0,1.0,0.9642857142857143,1.0,1.4821428571428572
4,2015-02-02 21:24:59,2015-02-02 21:58:58,13f3cf8c531952d72e5847c4183e6910,breakfast,1,3,2024.0,3,349,1025,51.0,48.0,54.0,33.983333333333334,21,0,0,-0.7071067811865477,0.7071067811865474,676,674.6666666666666,1.0,0.9230769230769231,3.0,1.0384615384615385
2,2015-02-07 22:20:21,2015-02-07 22:46:11,f48c04ffab49ff0e5d1176244fdfb65c,seafood,2,4,1899.0,3,199,1050,57.0,60.0,72.0,25.833333333333332,22,5,1,-0.5000000000000004,0.8660254037844384,851,474.75,1.3333333333333333,1.0344827586206897,0.0,1.2413793103448276
3,2015-02-06 20:34:11,2015-02-06 21:23:19,a561e7ebcac8441387d4fe143fdef87f,mexican,1,1,675.0,1,675,675,3.0,3.0,5.0,49.13333333333333,20,4,0,-0.8660254037844386,0.5000000000000001,0,675.0,1.0,0.75,0.0,1.25
2,2015-01-25 23:02:23,2015-01-25 23:25:13,46a558d97954d0692411c861cf78ef79,dessert,5,4,2055.0,1,400,400,61.0,75.0,61.0,22.833333333333332,23,6,1,-0.25881904510252157,0.9659258262890681,0,513.75,4.0,1.2096774193548387,0.0,0.9838709677419355
4,2015-02-05 02:12:41,2015-02-05 02:53:14,f2d887e01a80e813d9080038decbbabb,mexican,3,4,4195.0,4,695,1450,99.0,96.0,176.0,40.55,2,3,0,0.49999999999999994,0.8660254037844387,755,1048.75,1.0,0.96,3.0,1.76
2,2015-02-14 20:25:36,2015-02-14 21:07:05,356fbc3c3158bc7a5932461b635064a2,mediterranean,2,2,1345.0,2,450,745,70.0,61.0,67.0,41.483333333333334,20,5,1,-0.8660254037844386,0.5000000000000001,295,672.5,1.0,0.8591549295774648,9.0,0.9436619718309859
5,2015-01-27 04:19:53,2015-01-27 04:43:27,cea82cba7b2d06851ba0448f43b1fdc1,chinese,4,2,870.0,2,160,710,8.0,13.0,8.0,23.566666666666666,4,1,0,0.8660254037844386,0.5000000000000001,550,435.0,1.0,1.4444444444444444,0.0,0.8888888888888888
2,2015-02-15 20:49:19,2015-02-15 21:47:15,c56a022b15250525f8b9bdfc41a13152,mexican,2,5,3131.0,5,179,1047,65.0,62.0,92.0,57.93333333333333,20,6,1,-0.8660254037844386,0.5000000000000001,868,626.2,1.0,0.9393939393939394,3.0,1.393939393939394
2,2015-02-06 05:08:59,2015-02-06 05:34:49,cfecdb276f634854f3ef915e2e980c31,mexican,5,2,1074.0,2,225,799,30.0,37.0,42.0,25.833333333333332,5,4,0,0.9659258262890683,0.25881904510252074,574,537.0,1.0,1.1935483870967742,0.0,1.3548387096774193
3,2015-02-02 04:33:45,2015-02-02 05:46:58,8cad09283d1d6c5fb08daec8a576a72d,american,1,1,1200.0,1,1200,1200,3.0,5.0,9.0,73.21666666666667,4,0,0,0.8660254037844386,0.5000000000000001,0,1200.0,1.0,1.25,0.0,2.25
2,2015-01-29 00:43:24,2015-01-29 01:18:31,f26df67e8110ee2b44923db775e3e47f,pizza,5,3,2787.0,3,579,1129,40.0,44.0,51.0,35.11666666666667,0,3,0,0.0,1.0,550,929.0,1.0,1.0731707317073171,0.0,1.2439024390243902
1,2015-02-04 00:42:26,2015-02-04 01:47:41,370abbc7e1cbca7ae9e5d71dd316f28f,sandwich,3,1,875.0,1,535,535,4.0,1.0,1.0,65.25,0,2,0,0.0,1.0,0,875.0,1.0,0.2,3.0,0.2
4,2015-02-01 02:11:37,2015-02-01 02:54:54,d3d9446802a44259755d38e6d163e820,indian,5,3,2285.0,3,295,1595,84.0,70.0,116.0,43.28333333333333,2,6,1,0.49999999999999994,0.8660254037844387,1300,761.6666666666666,1.0,0.8235294117647058,14.0,1.3647058823529412
3,2015-02-02 18:09:48,2015-02-02 20:06:15,b91c7142134f116729e1a2f2693350b6,breakfast,4,4,1986.0,4,209,649,37.0,34.0,41.0,116.45,18,0,0,-1.0,-1.8369701987210297e-16,440,496.5,1.0,0.8947368421052632,3.0,1.0789473684210527
4,2015-02-07 02:03:35,2015-02-07 03:01:55,f899139df5e1059396431415e770c6dd,pizza,5,2,4200.0,2,2000,2000,128.0,126.0,205.0,58.333333333333336,2,5,1,0.49999999999999994,0.8660254037844387,0,2100.0,1.0,0.9767441860465116,2.0,1.5891472868217054
3,2015-01-22 18:54:46,2015-01-22 19:28:47,533fa796b43291fc61a9e812a50c3fb6,salad,2,5,4300.0,3,700,1000,15.0,8.0,9.0,34.016666666666666,18,3,0,-1.0,-1.8369701987210297e-16,300,860.0,1.6666666666666667,0.5,7.0,0.5625
3,2015-01-27 00:35:35,2015-01-27 01:41:18,866d90e0921ac7b024b47d672445a086,japanese,1,5,5410.0,5,410,1287,14.0,16.0,23.0,65.71666666666667,0,1,0,0.0,1.0,877,1082.0,1.0,1.0666666666666667,0.0,1.5333333333333334
6,2015-02-08 03:59:34,2015-02-08 05:07:11,09def3ebbc44ff3426b28fcd88c83554,american,2,2,2925.0,2,1000,1650,37.0,34.0,41.0,67.61666666666666,3,6,1,0.7071067811865475,0.7071067811865476,650,1462.5,1.0,0.8947368421052632,3.0,1.0789473684210527
1,2015-02-15 02:48:58,2015-02-15 03:44:42,fb580da97fdc843019c5d4609038612d,unknown,4,2,2148.0,2,999,1149,12.0,11.0,20.0,55.733333333333334,2,6,1,0.49999999999999994,0.8660254037844387,150,1074.0,1.0,0.8461538461538461,1.0,1.5384615384615385
1,2015-02-06 02:11:40,2015-02-06 03:43:23,b1f62fa99de9f27a048344d55c5ef7a6,mediterranean,3,4,3223.0,4,380,1145,18.0,20.0,20.0,91.71666666666667,2,4,0,0.49999999999999994,0.8660254037844387,765,805.75,1.0,1.0526315789473684,0.0,1.0526315789473684
3,2015-01-24 05:15:24,2015-01-24 05:50:31,c4b108f53550f1d5967305a9a8140ddd,american,1,3,4115.0,3,595,1750,16.0,15.0,13.0,35.11666666666667,5,5,1,0.9659258262890683,0.25881904510252074,1155,1371.6666666666667,1.0,0.8823529411764706,1.0,0.7647058823529411
2,2015-02-01 22:25:11,2015-02-01 23:03:19,f26df67e8110ee2b44923db775e3e47f,pizza,5,3,3812.0,3,729,1399,59.0,59.0,73.0,38.13333333333333,22,6,1,-0.5000000000000004,0.8660254037844384,670,1270.6666666666667,1.0,0.9833333333333333,0.0,1.2166666666666666
1,2015-02-15 20:18:51,2015-02-15 20:42:09,228499b55310264a8ea0e27b6e7c6ab6,american,5,2,1490.0,2,595,895,30.0,27.0,27.0,23.3,20,6,1,-0.8660254037844386,0.5000000000000001,300,745.0,1.0,0.8709677419354839,3.0,0.8709677419354839
2,2015-01-25 06:15:11,2015-01-25 06:42:40,fe663a72b27bdc613873fbbb512f6f67,mexican,1,1,1459.0,1,1459,1459,25.0,34.0,15.0,27.483333333333334,6,6,1,1.0,6.123233995736766e-17,0,1459.0,1.0,1.3076923076923077,0.0,0.5769230769230769
2,2015-01-24 03:00:09,2015-01-24 03:54:02,a02ffd91ece5e7efeb46db8f10a74059,american,5,3,5000.0,3,1200,2400,107.0,106.0,185.0,53.88333333333333,3,5,1,0.7071067811865475,0.7071067811865476,1200,1666.6666666666667,1.0,0.9814814814814815,1.0,1.712962962962963
3,2015-01-27 02:18:10,2015-01-27 03:11:02,0ea711391df8d060f4f81141e192814e,greek,3,2,2225.0,2,729,899,21.0,20.0,22.0,52.86666666666667,2,1,0,0.49999999999999994,0.8660254037844387,170,1112.5,1.0,0.9090909090909091,1.0,1.0
4,2015-01-30 19:22:50,2015-01-30 19:57:07,161a0bc87ac54b4297446a1b23b0b3e1,mediterranean,3,2,1598.0,2,599,999,52.0,46.0,71.0,34.28333333333333,19,4,0,-0.9659258262890684,0.2588190451025203,400,799.0,1.0,0.8679245283018868,6.0,1.3396226415094339
4,2015-02-13 04:27:58,2015-02-13 05:01:33,f2fc990265c712c49d51a18a32b39f0c,italian,3,2,4098.0,2,1899,2199,86.0,58.0,80.0,33.583333333333336,4,4,0,0.8660254037844386,0.5000000000000001,300,2049.0,1.0,0.6666666666666666,28.0,0.9195402298850575
2,2015-02-09 00:59:46,2015-02-09 02:04:10,f90f2aca5c640289d0a29417bcb63a37,pizza,5,1,2600.0,1,2150,2150,69.0,41.0,50.0,64.4,0,0,0,0.0,1.0,0,2600.0,1.0,0.5857142857142857,28.0,0.7142857142857143
4,2015-02-07 01:46:02,2015-02-07 02:18:56,d2ed45a52bc0edfa11c2064e9edee8bf,japanese,3,3,2770.0,3,695,1350,129.0,70.0,124.0,32.9,1,5,1,0.25881904510252074,0.9659258262890683,655,923.3333333333334,1.0,0.5384615384615384,59.0,0.9538461538461539
3,2015-02-17 20:06:16,2015-02-17 20:53:36,4123e5cc43794e5972cee1cf00382445,dessert,1,3,2085.0,3,295,1225,6.0,5.0,8.0,47.333333333333336,20,1,0,-0.8660254037844386,0.5000000000000001,930,695.0,1.0,0.7142857142857143,1.0,1.1428571428571428
2,2015-02-13 03:22:33,2015-02-13 04:19:53,5acdc9ca5d99ae66afdfe1eea0e3b26b,mexican,2,3,3300.0,3,800,1300,131.0,108.0,186.0,57.333333333333336,3,4,0,0.7071067811865475,0.7071067811865476,500,1100.0,1.0,0.8181818181818182,23.0,1.4090909090909092
2,2015-02-05 01:47:47,2015-02-05 02:56:40,b6846b0186a035fcc76b1b1d26fd42fa,chinese,2,4,5000.0,4,850,1550,97.0,78.0,102.0,68.88333333333334,1,3,0,0.25881904510252074,0.9659258262890683,700,1250.0,1.0,0.7959183673469388,19.0,1.0408163265306123
1,2015-01-26 03:40:48,2015-01-26 04:25:35,e61eaa38aed621dd776d0e67cfeee366,american,1,8,3831.0,5,89,1612,40.0,18.0,18.0,44.78333333333333,3,0,0,0.7071067811865475,0.7071067811865476,1523,478.875,1.6,0.43902439024390244,22.0,0.43902439024390244
2,2015-02-07 16:42:28,2015-02-07 17:02:47,5e80048377635f2a67e0e5be24012f09,american,3,2,2600.0,1,1300,1300,7.0,7.0,11.0,20.316666666666666,16,5,1,-0.8660254037844384,-0.5000000000000004,0,1300.0,2.0,0.875,0.0,1.375
1,2015-02-15 20:13:12,2015-02-15 20:40:56,e46be61f0050f9cc3a98d5d2192cb0eb,unknown,4,2,474.0,1,237,237,12.0,12.0,13.0,27.733333333333334,20,6,1,-0.8660254037844386,0.5000000000000001,0,237.0,2.0,0.9230769230769231,0.0,1.0
4,2015-02-11 00:24:16,2015-02-11 01:06:32,621461af90cadfdaf0e8d4cc25129f91,unknown,1,8,5125.0,7,128,1632,14.0,20.0,16.0,42.266666666666666,0,2,0,0.0,1.0,1504,640.625,1.1428571428571428,1.3333333333333333,0.0,1.0666666666666667
4,2015-02-04 18:38:47,2015-02-04 19:11:56,7eca143caaf49d9e3dc5c04961a314a0,breakfast,5,1,945.0,1,695,695,29.0,22.0,28.0,33.15,18,2,0,-1.0,-1.8369701987210297e-16,0,945.0,1.0,0.7333333333333333,7.0,0.9333333333333333
2,2015-02-06 02:31:06,2015-02-06 03:08:51,e8d92f99edd25e2cef48eca48320a1a5,indian,5,6,2600.0,5,165,695,66.0,52.0,73.0,37.75,2,4,0,0.49999999999999994,0.8660254037844387,530,433.3333333333333,1.2,0.7761194029850746,14.0,1.0895522388059702
5,2015-02-15 04:59:09,2015-02-15 05:28:55,f8b7aa3a0d349d9562b424160ad18612,thai,1,3,2940.0,3,650,1295,22.0,22.0,25.0,29.766666666666666,4,6,1,0.8660254037844386,0.5000000000000001,645,980.0,1.0,0.9565217391304348,0.0,1.0869565217391304
2,2015-02-17 01:52:12,2015-02-17 03:09:42,b2ea5e977c5fc1ccfa74171a9723dd61,american,3,3,3870.0,3,1025,1750,78.0,49.0,62.0,77.5,1,1,0,0.25881904510252074,0.9659258262890683,725,1290.0,1.0,0.620253164556962,29.0,0.7848101265822784
2,2015-02-15 20:24:05,2015-02-15 21:09:05,882132e4d6bca5186438b69d496890d3,american,5,3,2285.0,3,495,1145,45.0,40.0,52.0,45.0,20,6,1,-0.8660254037844386,0.5000000000000001,650,761.6666666666666,1.0,0.8695652173913043,5.0,1.1304347826086956
4,2015-02-03 03:19:52,2015-02-03 04:12:25,1f71e393b3809197ed66df836fe833e5,japanese,1,1,2199.0,1,2199,2199,41.0,41.0,71.0,52.55,3,1,0,0.7071067811865475,0.7071067811865476,0,2199.0,1.0,0.9761904761904762,0.0,1.6904761904761905
6,2015-01-31 01:53:05,2015-01-31 02:40:49,60792d855cd8a912a97711f91a1f155c,other,2,2,1400.0,2,600,800,37.0,34.0,41.0,47.733333333333334,1,5,1,0.25881904510252074,0.9659258262890683,200,700.0,1.0,0.8947368421052632,3.0,1.0789473684210527
5,2015-02-03 17:25:27,2015-02-03 18:12:44,0c0cfd9478c6551fbfe74a7acb6fc037,american,1,2,1948.0,2,349,1449,3.0,2.0,2.0,47.28333333333333,17,1,0,-0.9659258262890683,-0.25881904510252063,1100,974.0,1.0,0.5,1.0,0.5
4,2015-02-06 20:46:06,2015-02-06 21:23:08,69adc1e107f7f7d035d7baf04342e1ca,italian,5,2,1695.0,2,500,795,70.0,71.0,87.0,37.03333333333333,20,4,0,-0.8660254037844386,0.5000000000000001,295,847.5,1.0,1.0,0.0,1.2253521126760563
1,2015-02-14 05:44:31,2015-02-14 06:18:49,b7c0c7d6ce233d0fe18625ea3cd5bdb1,pizza,3,4,4611.0,4,729,1429,7.0,5.0,5.0,34.3,5,5,1,0.9659258262890683,0.25881904510252074,700,1152.75,1.0,0.625,2.0,0.625
2,2015-01-23 01:48:07,2015-01-23 03:00:47,fe73f687e5bc5280214e0486b273a5f9,vietnamese,5,2,1425.0,2,475,950,83.0,83.0,118.0,72.66666666666667,1,4,0,0.25881904510252074,0.9659258262890683,475,712.5,1.0,0.9880952380952381,0.0,1.4047619047619047
2,2015-02-07 03:53:39,2015-02-07 04:38:49,2f55707d4193dc27118a0f19a1985716,indian,3,6,3380.0,6,200,795,56.0,54.0,97.0,45.166666666666664,3,5,1,0.7071067811865475,0.7071067811865476,595,563.3333333333334,1.0,0.9473684210526315,2.0,1.7017543859649122
3,2015-01-27 03:06:34,2015-01-27 03:49:01,b7fede84c2be02ccb9c77107956560eb,chinese,4,1,760.0,1,760,760,35.0,40.0,42.0,42.45,3,1,0,0.7071067811865475,0.7071067811865476,0,760.0,1.0,1.1111111111111112,0.0,1.1666666666666667
4,2015-01-25 19:32:35,2015-01-25 20:06:06,c75b6f114c23a4d7ea11331e7c00e73c,chinese,3,4,4000.0,4,500,1200,20.0,20.0,23.0,33.516666666666666,19,6,1,-0.9659258262890684,0.2588190451025203,700,1000.0,1.0,0.9523809523809523,0.0,1.0952380952380953
6,2015-02-08 20:07:28,2015-02-08 20:53:01,c900fe92840c527a0c54f28640c2f254,other,3,8,8100.0,5,375,2000,37.0,34.0,41.0,45.55,20,6,1,-0.8660254037844386,0.5000000000000001,1625,1012.5,1.6,0.8947368421052632,3.0,1.0789473684210527
2,2015-02-10 19:21:59,2015-02-10 19:56:50,be3e9d3f7d70537357c67bb3f4086846,sandwich,5,1,1291.0,1,898,898,32.0,34.0,59.0,34.85,19,1,0,-0.9659258262890684,0.2588190451025203,0,1291.0,1.0,1.0303030303030303,0.0,1.7878787878787878
1,2015-02-15 21:37:49,2015-02-15 22:38:44,15fd459bc66aa8401543d8f4d1d80d97,fast,4,1,767.0,1,767,767,4.0,4.0,7.0,60.916666666666664,21,6,1,-0.7071067811865477,0.7071067811865474,0,767.0,1.0,0.8,0.0,1.4
5,2015-01-30 20:22:25,2015-01-30 21:13:03,f9ea301093a1aa4b23743e432cb0e33b,other,4,3,1549.0,2,199,485,15.0,10.0,11.0,50.63333333333333,20,4,0,-0.8660254037844386,0.5000000000000001,286,516.3333333333334,1.5,0.625,5.0,0.6875
4,2015-02-07 02:05:01,2015-02-07 02:51:44,f1b6f2857fb6d44dd73c7041e0aa0f19,other,5,2,4000.0,2,400,3600,134.0,76.0,136.0,46.71666666666667,2,5,1,0.49999999999999994,0.8660254037844387,3200,2000.0,1.0,0.562962962962963,58.0,1.0074074074074073
3,2015-02-09 04:06:04,2015-02-09 04:47:11,6b998835b626af9fd58e2c3521628217,pizza,2,2,2398.0,2,399,1449,25.0,32.0,35.0,41.11666666666667,4,0,0,0.8660254037844386,0.5000000000000001,1050,1199.0,1.0,1.2307692307692308,0.0,1.3461538461538463
4,2015-01-28 03:38:20,2015-01-28 03:58:16,ec8ce6abb3e952a85b8551ba726a1227,other,1,2,2598.0,2,999,1499,88.0,59.0,83.0,19.933333333333334,3,2,0,0.7071067811865475,0.7071067811865476,500,1299.0,1.0,0.6629213483146067,29.0,0.9325842696629213
1,2015-02-08 02:08:46,2015-02-08 03:01:24,58e4d44e550d0f7ee0a23d6b02d9b0db,american,1,2,2400.0,2,1200,1200,50.0,51.0,60.0,52.63333333333333,2,6,1,0.49999999999999994,0.8660254037844387,0,1200.0,1.0,1.0,0.0,1.1764705882352942
4,2015-02-04 01:23:58,2015-02-04 02:23:08,45c48cce2e2d7fbdea1afc51c7c6ad26,salad,5,4,5556.0,4,880,1320,77.0,74.0,92.0,59.166666666666664,1,2,0,0.25881904510252074,0.9659258262890683,440,1389.0,1.0,0.9487179487179487,3.0,1.1794871794871795
2,2015-02-09 19:20:02,2015-02-09 19:44:34,6883966fd8f918a4aa29be29d2c386fb,breakfast,1,2,2410.0,2,940,1470,23.0,22.0,38.0,24.533333333333335,19,0,0,-0.9659258262890684,0.2588190451025203,530,1205.0,1.0,0.9166666666666666,1.0,1.5833333333333333
2,2015-02-08 00:10:56,2015-02-08 00:33:52,fe73f687e5bc5280214e0486b273a5f9,vietnamese,5,2,1900.0,1,950,950,51.0,44.0,46.0,22.933333333333334,0,6,1,0.0,1.0,0,950.0,2.0,0.8461538461538461,7.0,0.8846153846153846
2,2015-01-28 03:09:14,2015-01-28 03:57:18,c51a02c186f00636e81c8af4845b8b64,mediterranean,2,2,1900.0,2,950,950,52.0,47.0,63.0,48.06666666666667,3,2,0,0.7071067811865475,0.7071067811865476,0,950.0,1.0,0.8867924528301887,5.0,1.1886792452830188
4,2015-01-27 01:06:41,2015-01-27 01:47:13,01882513d5fa7c329e940dda99b12147,chinese,1,8,6165.0,8,180,1145,32.0,53.0,38.0,40.53333333333333,1,1,0,0.25881904510252074,0.9659258262890683,965,770.625,1.0,1.606060606060606,0.0,1.1515151515151516
2,2015-02-17 03:32:25,2015-02-17 04:13:22,31fefc0e570cb3860f2a6d4b38c6490d,unknown,5,3,3285.0,3,495,1595,103.0,85.0,115.0,40.95,3,1,0,0.7071067811865475,0.7071067811865476,1100,1095.0,1.0,0.8173076923076923,18.0,1.1057692307692308
2,2015-02-11 01:44:16,2015-02-11 02:16:37,e3bff3cd294df3b24f6fe9e700d86a91,unknown,2,2,4310.0,2,485,1395,61.0,59.0,74.0,32.35,1,2,0,0.25881904510252074,0.9659258262890683,910,2155.0,1.0,0.9516129032258065,2.0,1.1935483870967742
6,2015-01-31 02:32:15,2015-01-31 03:29:32,04a1bf2d968f1ce381cf1f9184a807a9,salad,1,1,1800.0,1,1175,1175,37.0,34.0,41.0,57.28333333333333,2,5,1,0.49999999999999994,0.8660254037844387,0,1800.0,1.0,0.8947368421052632,3.0,1.0789473684210527
2,2015-02-17 00:59:47,2015-02-17 01:31:09,9854d7afce413aa13cd0a1d39d0bcec5,american,1,1,1099.0,1,1099,1099,44.0,42.0,50.0,31.366666666666667,0,1,0,0.0,1.0,0,1099.0,1.0,0.9333333333333333,2.0,1.1111111111111112
2,2015-01-24 02:39:14,2015-01-24 03:54:10,9dcb88e0137649590b755372b040afad,mexican,5,1,1565.0,1,995,995,131.0,125.0,210.0,74.93333333333334,2,5,1,0.49999999999999994,0.8660254037844387,0,1565.0,1.0,0.946969696969697,6.0,1.5909090909090908
2,2015-02-07 01:18:32,2015-02-07 02:08:30,0c945a8e12dd7ff713c275c1ad6de9e1,other,3,2,3250.0,1,975,975,98.0,59.0,72.0,49.96666666666667,1,5,1,0.25881904510252074,0.9659258262890683,0,1625.0,2.0,0.5959595959595959,39.0,0.7272727272727273
2,2015-02-15 23:45:36,2015-02-16 00:22:27,2836be05e71a8f34902a6e6b37350134,unknown,1,4,2176.0,2,258,738,75.0,72.0,77.0,36.85,23,6,1,-0.25881904510252157,0.9659258262890681,480,544.0,2.0,0.9473684210526315,3.0,1.013157894736842
3,2015-01-22 03:15:48,2015-01-22 03:36:20,9b10a919ddeb07e103dc05ff523afe38,dessert,1,5,1816.0,5,99,850,5.0,4.0,5.0,20.533333333333335,3,3,0,0.7071067811865475,0.7071067811865476,751,363.2,1.0,0.6666666666666666,1.0,0.8333333333333334
2,2015-01-27 19:02:05,2015-01-27 19:35:38,d81f9c1be2e08964bf9f24b15f0e4900,thai,3,3,2240.0,3,250,995,26.0,25.0,32.0,33.55,19,1,0,-0.9659258262890684,0.2588190451025203,745,746.6666666666666,1.0,0.9259259259259259,1.0,1.1851851851851851
6,2015-02-08 21:51:46,2015-02-08 22:51:00,6a9c2c5b1ab7052170218c0924b51953,fast,4,9,1878.0,4,0,831,37.0,34.0,41.0,59.233333333333334,21,6,1,-0.7071067811865477,0.7071067811865474,831,208.66666666666666,2.25,0.8947368421052632,3.0,1.0789473684210527
2,2015-02-06 03:08:24,2015-02-06 03:55:57,757b505cfd34c64c85ca5b5690ee5293,american,3,4,1566.0,4,89,1119,142.0,93.0,145.0,47.55,3,4,0,0.7071067811865475,0.7071067811865476,1030,391.5,1.0,0.6503496503496503,49.0,1.013986013986014
3,2015-01-26 04:28:59,2015-01-26 05:11:03,d3b8cf8b9c797942fe68565e4ed2d8c3,other,5,3,3700.0,2,900,1000,4.0,2.0,3.0,42.06666666666667,4,0,0,0.8660254037844386,0.5000000000000001,100,1233.3333333333333,1.5,0.4,2.0,0.6
2,2015-02-03 22:37:14,2015-02-03 23:23:06,3ba889650589407203d06949bdf6983d,fast,4,4,976.0,4,159,299,23.0,27.0,37.0,45.86666666666667,22,1,0,-0.5000000000000004,0.8660254037844384,140,244.0,1.0,1.125,0.0,1.5416666666666667
5,2015-02-02 01:07:59,2015-02-02 02:28:03,ebd9eb6819ab10ef417c8e52fe96cc94,american,1,7,4703.0,5,239,949,28.0,25.0,34.0,80.06666666666666,1,0,0,0.25881904510252074,0.9659258262890683,710,671.8571428571429,1.4,0.8620689655172413,3.0,1.1724137931034482
4,2015-01-23 01:21:44,2015-01-23 02:12:50,e96ed478dab8595a7dbda4cbcbee168f,mexican,1,2,1948.0,2,199,1749,94.0,55.0,79.0,51.1,1,4,0,0.25881904510252074,0.9659258262890683,1550,974.0,1.0,0.5789473684210527,39.0,0.8315789473684211
4,2015-02-06 02:15:39,2015-02-06 02:54:27,d757719ed7c2b66dd17dcee2a3cb29f4,japanese,3,2,1990.0,2,695,1295,125.0,92.0,116.0,38.8,2,4,0,0.49999999999999994,0.8660254037844387,600,995.0,1.0,0.7301587301587301,33.0,0.9206349206349206
5,2015-02-08 02:23:02,2015-02-08 03:13:44,1fc5309ccc651bf6b5d22470f67561ea,american,4,1,1139.0,1,1139,1139,25.0,12.0,24.0,50.7,2,6,1,0.49999999999999994,0.8660254037844387,0,1139.0,1.0,0.46153846153846156,13.0,0.9230769230769231
1,2015-02-09 02:47:10,2015-02-09 03:44:50,44c7d2e7b23eee739f61b49c659a25f5,american,5,3,3300.0,3,1000,1225,67.0,67.0,101.0,57.666666666666664,2,0,0,0.49999999999999994,0.8660254037844387,225,1100.0,1.0,0.9852941176470589,0.0,1.4852941176470589
1,2015-01-31 03:35:30,2015-01-31 04:20:09,0d7de1aca9299fe63f3e0041f02638a3,other,3,2,3490.0,2,395,3095,48.0,49.0,91.0,44.65,3,5,1,0.7071067811865475,0.7071067811865476,2700,1745.0,1.0,1.0,0.0,1.8571428571428572
6,2015-02-16 01:35:25,2015-02-16 02:16:01,619205da514e83f869515c782a328d3c,indian,3,1,925.0,1,925,925,37.0,34.0,41.0,40.6,1,0,0,0.25881904510252074,0.9659258262890683,0,925.0,1.0,0.8947368421052632,3.0,1.0789473684210527
1,2015-02-11 03:37:21,2015-02-11 04:35:12,97275a23ca44226c9964043c8462be96,burger,1,2,1308.0,2,309,699,15.0,16.0,24.0,57.85,3,2,0,0.7071067811865475,0.7071067811865476,390,654.0,1.0,1.0,0.0,1.5
4,2015-02-11 03:16:05,2015-02-11 04:00:37,c399862d3b9d6b76c8436e924a68c45b,indian,2,3,1500.0,3,450,600,60.0,56.0,77.0,44.53333333333333,3,2,0,0.7071067811865475,0.7071067811865476,150,500.0,1.0,0.9180327868852459,4.0,1.2622950819672132
4,2015-01-30 02:08:24,2015-01-30 02:58:06,d6baf65e0b240ce177cf70da146c8dc8,vietnamese,2,3,3025.0,3,975,1075,98.0,82.0,130.0,49.7,2,4,0,0.49999999999999994,0.8660254037844387,100,1008.3333333333334,1.0,0.8282828282828283,16.0,1.3131313131313131
4,2015-02-16 01:32:29,2015-02-16 02:37:37,53adaf494dc89ef7196d73636eb2451b,other,1,2,3697.0,2,1499,1899,50.0,42.0,78.0,65.13333333333334,1,0,0,0.25881904510252074,0.9659258262890683,400,1848.5,1.0,0.8235294117647058,8.0,1.5294117647058822
4,2015-02-14 21:35:27,2015-02-14 22:09:33,f47d0ad31c4c49061b9e505593e3db98,burger,5,1,1225.0,1,1225,1225,26.0,15.0,17.0,34.1,21,5,1,-0.7071067811865477,0.7071067811865474,0,1225.0,1.0,0.5555555555555556,11.0,0.6296296296296297
2,2015-02-14 21:54:04,2015-02-14 22:39:07,c8ed21db4f678f3b13b9d5ee16489088,japanese,3,3,1949.0,3,481,896,65.0,59.0,66.0,45.05,21,5,1,-0.7071067811865477,0.7071067811865474,415,649.6666666666666,1.0,0.8939393939393939,6.0,1.0
2,2015-02-03 03:48:03,2015-02-03 04:19:49,b607aa5b2fd58dd860bfb55619389982,other,1,3,4185.0,3,1095,1795,89.0,87.0,134.0,31.766666666666666,3,1,0,0.7071067811865475,0.7071067811865476,700,1395.0,1.0,0.9666666666666667,2.0,1.488888888888889
4,2015-02-11 01:38:38,2015-02-11 02:30:43,6eb6e75fddec0218351dc5c0c8464104,other,3,1,1200.0,1,1200,1200,78.0,77.0,125.0,52.083333333333336,1,2,0,0.25881904510252074,0.9659258262890683,0,1200.0,1.0,0.9746835443037974,1.0,1.5822784810126582
3,2015-02-10 02:14:58,2015-02-10 02:58:54,11f9e78e4899a78dedd439fc583b6693,indian,5,5,3025.0,4,245,1295,28.0,28.0,27.0,43.93333333333333,2,1,0,0.49999999999999994,0.8660254037844387,1050,605.0,1.25,0.9655172413793104,0.0,0.9310344827586207
4,2015-02-05 03:31:10,2015-02-05 04:44:40,d82c8d1619ad8176d665453cfb2e55f0,pizza,5,3,5000.0,3,1300,2000,88.0,87.0,175.0,73.5,3,3,0,0.7071067811865475,0.7071067811865476,700,1666.6666666666667,1.0,0.9775280898876404,1.0,1.9662921348314606
3,2015-02-03 04:46:03,2015-02-03 05:26:11,1bd69c7df3112fb9a584fbd9edfc6c90,other,1,2,1138.0,2,366,772,16.0,17.0,15.0,40.13333333333333,4,1,0,0.8660254037844386,0.5000000000000001,406,569.0,1.0,1.0,0.0,0.8823529411764706
4,2015-02-11 02:52:39,2015-02-11 03:48:05,757ef3cdc6e89291664b0033ac007cfa,other,1,4,3180.0,3,795,795,13.0,14.0,17.0,55.43333333333333,2,2,0,0.49999999999999994,0.8660254037844387,0,795.0,1.3333333333333333,1.0,0.0,1.2142857142857142
4,2015-02-05 03:16:34,2015-02-05 04:51:01,51ef186e18dc00c2d31982567235c559,mexican,3,3,2445.0,2,750,845,52.0,53.0,105.0,94.45,3,3,0,0.7071067811865475,0.7071067811865476,95,815.0,1.5,1.0,0.0,1.9811320754716981
6,2015-02-17 04:48:43,2015-02-17 05:38:49,fd69dbe29f156a7ef876a40a94f65599,dessert,5,2,2445.0,2,1095,1350,37.0,34.0,41.0,50.1,4,1,0,0.8660254037844386,0.5000000000000001,255,1222.5,1.0,0.8947368421052632,3.0,1.0789473684210527
2,2015-01-31 01:14:32,2015-01-31 02:06:52,46a558d97954d0692411c861cf78ef79,dessert,5,2,930.0,1,465,465,83.0,76.0,94.0,52.333333333333336,1,5,1,0.25881904510252074,0.9659258262890683,0,465.0,2.0,0.9047619047619048,7.0,1.119047619047619
3,2015-02-09 21:32:05,2015-02-09 22:10:46,fea33a31df7d05a276193d32621ecbe4,pizza,5,1,1000.0,1,1000,1000,8.0,8.0,9.0,38.68333333333333,21,0,0,-0.7071067811865477,0.7071067811865474,0,1000.0,1.0,0.8888888888888888,0.0,1.0
6,2015-02-14 03:22:15,2015-02-14 04:31:37,252a3dbaeb32e7690242ad3b556e626b,american,5,4,3150.0,2,460,1115,37.0,34.0,41.0,69.36666666666666,3,5,1,0.7071067811865475,0.7071067811865476,655,787.5,2.0,0.8947368421052632,3.0,1.0789473684210527
5,2015-02-12 20:44:40,2015-02-12 21:16:45,158ca628a01a9aac19a4ffa80e7ea86d,sandwich,3,2,1374.0,2,675,699,14.0,7.0,7.0,32.083333333333336,20,3,0,-0.8660254037844386,0.5000000000000001,24,687.0,1.0,0.4666666666666667,7.0,0.4666666666666667
5,2015-02-02 21:32:11,2015-02-02 22:30:27,5aae6cf6035cf23bdcb50896a46889b1,italian,1,5,5193.0,5,339,1948,11.0,10.0,12.0,58.266666666666666,21,0,0,-0.7071067811865477,0.7071067811865474,1609,1038.6,1.0,0.8333333333333334,1.0,1.0
2,2015-02-05 02:50:15,2015-02-05 03:37:08,d947bf06a885db0d477d707121934ff8,other,5,8,9150.0,8,650,1550,88.0,74.0,116.0,46.88333333333333,2,3,0,0.49999999999999994,0.8660254037844387,900,1143.75,1.0,0.8314606741573034,14.0,1.303370786516854
2,2015-01-30 03:40:26,2015-01-30 04:30:06,27253445de7e4ce1cff3853ee2b357b2,pizza,1,1,725.0,1,725,725,111.0,84.0,140.0,49.666666666666664,3,4,0,0.7071067811865475,0.7071067811865476,0,725.0,1.0,0.75,27.0,1.25
2,2015-02-11 22:15:49,2015-02-11 23:02:22,50de294b9d4987a3c89b4a5cc4bdea62,indian,2,6,3080.0,5,250,1050,24.0,25.0,18.0,46.55,22,2,0,-0.5000000000000004,0.8660254037844384,800,513.3333333333334,1.2,1.0,0.0,0.72
2,2015-01-24 05:33:54,2015-01-24 06:23:23,09d37c08f7b129e96277388757530c72,unknown,1,2,1660.0,2,210,1450,54.0,55.0,76.0,49.483333333333334,5,5,1,0.9659258262890683,0.25881904510252074,1240,830.0,1.0,1.0,0.0,1.3818181818181818
2,2015-02-01 04:02:19,2015-02-01 05:02:13,158f3069a435b314a80bdcb024f8e422,japanese,1,2,2490.0,2,1095,1395,97.0,98.0,177.0,59.9,4,6,1,0.8660254037844386,0.5000000000000001,300,1245.0,1.0,1.0,0.0,1.8061224489795917
6,2015-02-11 20:12:42,2015-02-11 20:55:06,466473650870501e3600d9a1b4ee5d44,american,2,1,1430.0,1,1430,1430,37.0,34.0,41.0,42.4,20,2,0,-0.8660254037844386,0.5000000000000001,0,1430.0,1.0,0.8947368421052632,3.0,1.0789473684210527
2,2015-02-09 02:29:05,2015-02-09 03:18:22,02f039058bd48307e6f653a2005c9dd2,other,1,2,2676.0,2,1199,1399,117.0,98.0,167.0,49.28333333333333,2,0,0,0.49999999999999994,0.8660254037844387,200,1338.0,1.0,0.8305084745762712,19.0,1.4152542372881356
3,2015-02-09 22:37:28,2015-02-09 23:13:25,70e3af92f42d99d5d3022a6e968393ff,thai,1,2,1800.0,1,900,900,0.0,0.0,0.0,35.95,22,0,0,-0.5000000000000004,0.8660254037844384,0,900.0,2.0,0.0,0.0,0.0
4,2015-02-08 01:59:51,2015-02-08 02:43:02,28dd2c7955ce926456240b2ff0100bde,japanese,2,6,2795.0,6,195,990,100.0,74.0,114.0,43.18333333333333,1,6,1,0.25881904510252074,0.9659258262890683,795,465.8333333333333,1.0,0.7326732673267327,26.0,1.1287128712871286
2,2015-01-28 01:07:23,2015-01-28 01:39:08,566a9968b43628588e76be5a85a0f9e8,pizza,4,2,3540.0,2,1025,2515,50.0,28.0,30.0,31.75,1,2,0,0.25881904510252074,0.9659258262890683,1490,1770.0,1.0,0.5490196078431373,22.0,0.5882352941176471
1,2015-01-25 20:02:45,2015-01-25 20:25:56,2afe4567e1bf64d32a5527244d104cea,other,1,2,2490.0,2,1195,1295,25.0,19.0,19.0,23.183333333333334,20,6,1,-0.8660254037844386,0.5000000000000001,100,1245.0,1.0,0.7307692307692307,6.0,0.7307692307692307
5,2015-02-06 02:04:53,2015-02-06 02:56:37,5aae6cf6035cf23bdcb50896a46889b1,italian,1,2,2517.0,2,369,2148,27.0,13.0,13.0,51.733333333333334,2,4,0,0.49999999999999994,0.8660254037844387,1779,1258.5,1.0,0.4642857142857143,14.0,0.4642857142857143
2,2015-02-06 19:30:44,2015-02-06 19:57:18,d81f9c1be2e08964bf9f24b15f0e4900,thai,3,1,995.0,1,995,995,60.0,56.0,72.0,26.566666666666666,19,4,0,-0.9659258262890684,0.2588190451025203,0,995.0,1.0,0.9180327868852459,4.0,1.180327868852459
1,2015-02-03 20:34:48,2015-02-03 21:41:11,266e3c74976fe48b49c4833f6c9f0d33,chinese,2,1,835.0,1,710,710,18.0,18.0,18.0,66.38333333333334,20,1,0,-0.8660254037844386,0.5000000000000001,0,835.0,1.0,0.9473684210526315,0.0,0.9473684210526315
2,2015-02-14 03:00:43,2015-02-14 04:01:55,f90f2aca5c640289d0a29417bcb63a37,pizza,5,1,3300.0,1,2300,2300,130.0,113.0,228.0,61.2,3,5,1,0.7071067811865475,0.7071067811865476,0,3300.0,1.0,0.8625954198473282,17.0,1.7404580152671756
2,2015-01-28 16:46:45,2015-01-28 17:45:30,f8c0e172cbf7b81bb804df0092b53ae9,other,2,2,2000.0,2,900,1100,5.0,4.0,2.0,58.75,16,2,0,-0.8660254037844384,-0.5000000000000004,200,1000.0,1.0,0.6666666666666666,1.0,0.3333333333333333
6,2015-02-03 02:32:51,2015-02-03 03:12:35,f7e0b956540676a129760a3eae309294,breakfast,3,2,3200.0,2,1300,1300,37.0,34.0,41.0,39.733333333333334,2,1,0,0.49999999999999994,0.8660254037844387,0,1600.0,1.0,0.8947368421052632,3.0,1.0789473684210527
1,2015-02-07 03:08:36,2015-02-07 04:00:56,69c7e73fea7ad35e9000ce41e1622036,american,1,4,6700.0,4,800,2800,20.0,14.0,14.0,52.333333333333336,3,5,1,0.7071067811865475,0.7071067811865476,2000,1675.0,1.0,0.6666666666666666,6.0,0.6666666666666666
1,2015-01-23 02:13:07,2015-01-23 03:13:33,d0aa518d4d3bfc721aa0b8ab4ef32269,dessert,1,1,1630.0,1,1630,1630,23.0,21.0,22.0,60.43333333333333,2,4,0,0.49999999999999994,0.8660254037844387,0,1630.0,1.0,0.875,2.0,0.9166666666666666
2,2015-02-07 05:21:44,2015-02-07 06:01:05,ab88b15733f543179858600245108dd8,pizza,3,2,875.0,2,395,875,53.0,57.0,94.0,39.35,5,5,1,0.9659258262890683,0.25881904510252074,480,437.5,1.0,1.0555555555555556,0.0,1.7407407407407407
6,2015-02-09 19:55:27,2015-02-09 20:56:21,0c29c7dca6742f69e0e4ff304365d655,thai,5,1,375.0,1,325,325,25.0,25.0,30.0,60.9,19,0,0,-0.9659258262890684,0.2588190451025203,0,375.0,1.0,0.9615384615384616,0.0,1.1538461538461537
1,2015-02-15 02:20:55,2015-02-15 03:43:11,ebd6d2f5d60ff9afaeda1a81fc53e2d0,other,1,1,825.0,1,825,825,25.0,25.0,35.0,82.26666666666667,2,6,1,0.49999999999999994,0.8660254037844387,0,825.0,1.0,0.9615384615384616,0.0,1.3461538461538463
1,2015-02-05 22:46:12,2015-02-05 23:38:27,228499b55310264a8ea0e27b6e7c6ab6,american,5,2,1170.0,2,275,895,9.0,10.0,12.0,52.25,22,3,0,-0.5000000000000004,0.8660254037844384,620,585.0,1.0,1.0,0.0,1.2
2,2015-01-23 01:56:40,2015-01-23 03:11:44,9854d7afce413aa13cd0a1d39d0bcec5,american,1,1,1589.0,1,1589,1589,94.0,93.0,129.0,75.06666666666666,1,4,0,0.25881904510252074,0.9659258262890683,0,1589.0,1.0,0.9789473684210527,1.0,1.3578947368421053
4,2015-01-30 20:03:53,2015-01-30 20:40:33,deb54ffb41e085fd7f69a75b6359c989,american,3,3,1815.0,3,295,1125,42.0,43.0,59.0,36.666666666666664,20,4,0,-0.8660254037844386,0.5000000000000001,830,605.0,1.0,1.0,0.0,1.372093023255814
2,2015-02-12 01:54:23,2015-02-12 02:37:05,2836be05e71a8f34902a6e6b37350134,burger,4,4,1826.0,4,269,679,104.0,96.0,122.0,42.7,1,3,0,0.25881904510252074,0.9659258262890683,410,456.5,1.0,0.9142857142857143,8.0,1.161904761904762
1,2015-01-25 00:16:52,2015-01-25 01:19:17,5cce8dede893813f879b873962fb669f,american,5,5,6215.0,2,1150,1295,14.0,14.0,21.0,62.416666666666664,0,6,1,0.0,1.0,145,1243.0,2.5,0.9333333333333333,0.0,1.4
1,2015-01-31 23:58:44,2015-02-01 00:53:51,d5c186983b52c4551ee00f72316c6eaa,fast,4,7,2220.0,3,145,490,11.0,11.0,12.0,55.11666666666667,23,5,1,-0.25881904510252157,0.9659258262890681,345,317.14285714285717,2.3333333333333335,0.9166666666666666,0.0,1.0
6,2015-01-22 03:36:25,2015-01-22 04:23:53,43e8ab73ce9890e4e041d2db5fd36999,indian,3,7,5193.0,5,399,1349,37.0,34.0,41.0,47.46666666666667,3,3,0,0.7071067811865475,0.7071067811865476,950,741.8571428571429,1.4,0.8947368421052632,3.0,1.0789473684210527
5,2015-02-01 19:58:55,2015-02-01 20:38:57,133ab5ec088e124c430f41b7413bcdb0,pizza,4,2,1398.0,2,399,999,15.0,14.0,19.0,40.03333333333333,19,6,1,-0.9659258262890684,0.2588190451025203,600,699.0,1.0,0.875,1.0,1.1875
1,2015-02-05 02:41:14,2015-02-05 04:31:36,8248a99e81e752cb9b41da3fc43fbe7f,japanese,5,4,2905.0,4,395,875,13.0,14.0,28.0,110.36666666666666,2,3,0,0.49999999999999994,0.8660254037844387,480,726.25,1.0,1.0,0.0,2.0
2,2015-02-07 02:08:14,2015-02-07 02:57:00,c91e3483cf4f90057d02aa492d2b25b1,pizza,3,1,2227.0,1,2109,2087,142.0,102.0,186.0,48.766666666666666,2,5,1,0.49999999999999994,0.8660254037844387,-22,2227.0,1.0,0.7132867132867133,40.0,1.3006993006993006
4,2015-02-09 03:36:19,2015-02-09 04:08:34,17e62166fc8586dfa4d1bc0e1742c08b,vietnamese,5,2,2420.0,2,875,995,83.0,82.0,132.0,32.25,3,0,0,0.7071067811865475,0.7071067811865476,120,1210.0,1.0,0.9761904761904762,1.0,1.5714285714285714
6,2015-02-11 02:57:07,2015-02-11 03:55:41,a02ffd91ece5e7efeb46db8f10a74059,japanese,3,3,5300.0,3,1700,1800,74.0,70.0,124.0,58.56666666666667,2,2,0,0.49999999999999994,0.8660254037844387,100,1766.6666666666667,1.0,0.9333333333333333,4.0,1.6533333333333333
2,2015-01-26 04:23:44,2015-01-26 05:17:36,d9b1655c134b831076d6c45620a78c33,burger,4,3,1117.0,3,249,599,27.0,54.0,38.0,53.86666666666667,4,0,0,0.8660254037844386,0.5000000000000001,350,372.3333333333333,1.0,1.9285714285714286,0.0,1.3571428571428572
1,2015-02-03 01:23:59,2015-02-03 03:09:03,8d8818c8e140c64c743113f563cf750f,fast,4,2,999.0,2,330,669,8.0,9.0,15.0,105.06666666666666,1,1,0,0.25881904510252074,0.9659258262890683,339,499.5,1.0,1.0,0.0,1.6666666666666667
3,2015-02-16 01:12:23,2015-02-16 01:30:27,7d12b66d3df6af8d429c1a357d8b9e1a,vietnamese,2,1,1069.0,1,699,699,38.0,33.0,41.0,18.066666666666666,1,0,0,0.25881904510252074,0.9659258262890683,0,1069.0,1.0,0.8461538461538461,5.0,1.0512820512820513
4,2015-02-07 20:44:13,2015-02-07 21:29:41,c4de8ced6214345614d33fb0b16a8acd,american,3,4,3375.0,4,625,1150,50.0,49.0,58.0,45.46666666666667,20,5,1,-0.8660254037844386,0.5000000000000001,525,843.75,1.0,0.9607843137254902,1.0,1.1372549019607843
4,2015-02-08 02:54:55,2015-02-08 03:31:09,ed3d2c21991e3bef5e069713af9fa6ca,other,3,2,3000.0,2,950,1150,108.0,84.0,143.0,36.233333333333334,2,6,1,0.49999999999999994,0.8660254037844387,200,1500.0,1.0,0.7706422018348624,24.0,1.311926605504587
4,2015-02-01 01:51:18,2015-02-01 02:13:32,4537a9e98e90f416dadaedd65c416843,fast,4,4,2606.0,4,119,1649,77.0,55.0,91.0,22.233333333333334,1,6,1,0.25881904510252074,0.9659258262890683,1530,651.5,1.0,0.7051282051282052,22.0,1.1666666666666667
2,2015-02-07 06:21:41,2015-02-07 07:05:07,175e9308ea835facdc5c74c75acc450f,mexican,1,2,1818.0,2,659,1159,10.0,10.0,19.0,43.43333333333333,6,5,1,1.0,6.123233995736766e-17,500,909.0,1.0,0.9090909090909091,0.0,1.7272727272727273
3,2015-01-22 00:34:38,2015-01-22 01:06:04,0fc170ecbb8ff1afb2c6de48ea5343e7,mexican,1,5,2118.0,3,50,689,25.0,19.0,18.0,31.433333333333334,0,3,0,0.0,1.0,639,423.6,1.6666666666666667,0.7307692307692307,6.0,0.6923076923076923
4,2015-02-07 01:44:41,2015-02-07 02:40:01,6a2feef8ed6a9fe76d6b3f30f02150b4,indian,5,2,1550.0,2,600,950,63.0,57.0,113.0,55.333333333333336,1,5,1,0.25881904510252074,0.9659258262890683,350,775.0,1.0,0.890625,6.0,1.765625
5,2015-02-10 21:05:13,2015-02-10 21:42:06,b2531e7bb29bf22e1daae486fae3417a,american,2,1,799.0,1,799,799,18.0,17.0,12.0,36.88333333333333,21,1,0,-0.7071067811865477,0.7071067811865474,0,799.0,1.0,0.8947368421052632,1.0,0.631578947368421
1,2015-02-02 03:11:24,2015-02-02 04:45:55,703957b6dd9e3a7980e040bee50ded65,italian,1,2,5300.0,2,2300,3000,21.0,23.0,45.0,94.51666666666667,3,0,0,0.7071067811865475,0.7071067811865476,700,2650.0,1.0,1.0454545454545454,0.0,2.0454545454545454
6,2015-02-04 19:58:23,2015-02-04 21:05:14,2d69a2b7a27852c89b6bcafc83d1ec72,other,1,2,1850.0,1,700,700,37.0,34.0,41.0,66.85,19,2,0,-0.9659258262890684,0.2588190451025203,0,925.0,2.0,0.8947368421052632,3.0,1.0789473684210527
2,2015-02-13 02:47:54,2015-02-13 03:33:06,ebdc056de8b5669b744b8589add41f8c,unknown,2,2,3490.0,2,1295,1395,133.0,103.0,163.0,45.2,2,4,0,0.49999999999999994,0.8660254037844387,100,1745.0,1.0,0.7686567164179104,30.0,1.2164179104477613
4,2015-02-17 00:20:51,2015-02-17 01:05:06,41f1f19176d383480afa65d325c06ed0,dessert,5,3,2450.0,3,600,1250,18.0,17.0,21.0,44.25,0,1,0,0.0,1.0,650,816.6666666666666,1.0,0.8947368421052632,1.0,1.105263157894737
3,2015-02-13 19:10:58,2015-02-13 19:28:09,066999ed9322bd434f20ad5ec4dd6b48,breakfast,1,1,509.0,1,394,394,2.0,1.0,2.0,17.183333333333334,19,4,0,-0.9659258262890684,0.2588190451025203,0,509.0,1.0,0.3333333333333333,1.0,0.6666666666666666
2,2015-02-17 19:27:05,2015-02-17 20:09:48,48db71587df6c7c442e5b76cc723169a,other,3,2,1950.0,2,775,1175,39.0,36.0,61.0,42.71666666666667,19,1,0,-0.9659258262890684,0.2588190451025203,400,975.0,1.0,0.9,3.0,1.525
1,2015-02-15 01:44:58,2015-02-15 02:25:16,ea14b04d59d604daf500d9a35bdd01be,other,3,2,1924.0,2,499,1425,49.0,48.0,63.0,40.3,1,6,1,0.25881904510252074,0.9659258262890683,926,962.0,1.0,0.96,1.0,1.26
2,2015-02-08 22:44:13,2015-02-08 23:31:38,bd4c9ab730f5513206b999ec0d90d1fb,mexican,1,5,6300.0,5,700,2000,26.0,24.0,26.0,47.416666666666664,22,6,1,-0.5000000000000004,0.8660254037844384,1300,1260.0,1.0,0.8888888888888888,2.0,0.9629629629629629
3,2015-01-26 22:38:50,2015-01-26 23:08:58,f60ce002e5182e7b99a8a59b6d865a12,other,1,1,1200.0,1,900,900,11.0,10.0,7.0,30.133333333333333,22,0,0,-0.5000000000000004,0.8660254037844384,0,1200.0,1.0,0.8333333333333334,1.0,0.5833333333333334
1,2015-02-01 02:56:32,2015-02-01 03:58:45,748ba69d3e8d1af87f84fee909eef339,italian,5,3,4700.0,3,800,1850,62.0,64.0,76.0,62.21666666666667,2,6,1,0.49999999999999994,0.8660254037844387,1050,1566.6666666666667,1.0,1.0158730158730158,0.0,1.2063492063492063
5,2015-02-15 03:51:45,2015-02-15 05:13:06,6f0362b8ffe8f935b4500b8391c0ddeb,sandwich,1,2,2004.0,2,289,789,46.0,46.0,86.0,81.35,3,6,1,0.7071067811865475,0.7071067811865476,500,1002.0,1.0,0.9787234042553191,0.0,1.8297872340425532
3,2015-02-04 20:32:47,2015-02-04 21:12:46,8a1ee9f2b7abe6e88d1a479ab6a42c5e,pizza,2,1,1695.0,1,1195,1195,6.0,4.0,4.0,39.983333333333334,20,2,0,-0.8660254037844386,0.5000000000000001,0,1695.0,1.0,0.5714285714285714,2.0,0.5714285714285714
1,2015-02-05 02:11:57,2015-02-05 03:26:50,7e3b7a5bafcb0fa8e8dfe3ea6aca9186,american,5,4,7100.0,2,1650,1900,14.0,16.0,26.0,74.88333333333334,2,3,0,0.49999999999999994,0.8660254037844387,250,1775.0,2.0,1.0666666666666667,0.0,1.7333333333333334
4,2015-02-14 01:50:11,2015-02-14 03:16:35,4e62e752ae53fb6a6eebd0f6146aa702,other,3,8,8318.0,3,934,1177,114.0,111.0,188.0,86.4,1,5,1,0.25881904510252074,0.9659258262890683,243,1039.75,2.6666666666666665,0.9652173913043478,3.0,1.6347826086956523
2,2015-02-16 01:32:39,2015-02-16 02:15:39,b783acd4479bf1b8a981bb023b363043,american,1,1,1099.0,1,1099,1099,114.0,101.0,159.0,43.0,1,0,0,0.25881904510252074,0.9659258262890683,0,1099.0,1.0,0.8782608695652174,13.0,1.382608695652174
4,2015-01-31 16:47:52,2015-01-31 17:24:01,170f22f2d331241cb0480a8c4c416dda,fast,4,6,1294.0,3,169,299,8.0,6.0,6.0,36.15,16,5,1,-0.8660254037844384,-0.5000000000000004,130,215.66666666666666,2.0,0.6666666666666666,2.0,0.6666666666666666
2,2015-02-12 02:33:55,2015-02-12 03:02:30,37c9bc66ebd3a2e455ee2a74feae4c0e,japanese,5,1,1545.0,1,995,995,125.0,97.0,144.0,28.583333333333332,2,3,0,0.49999999999999994,0.8660254037844387,0,1545.0,1.0,0.7698412698412699,28.0,1.1428571428571428
6,2015-02-07 00:42:40,2015-02-07 01:35:33,3349958a3e56580d4e415da345703886,sandwich,3,2,2347.0,2,899,1099,37.0,34.0,41.0,52.88333333333333,0,5,1,0.0,1.0,200,1173.5,1.0,0.8947368421052632,3.0,1.0789473684210527
2,2015-02-05 20:48:59,2015-02-05 21:30:30,757b505cfd34c64c85ca5b5690ee5293,american,3,1,1259.0,1,1139,1139,60.0,64.0,77.0,41.516666666666666,20,3,0,-0.8660254037844386,0.5000000000000001,0,1259.0,1.0,1.0491803278688525,0.0,1.2622950819672132
5,2015-02-01 21:04:15,2015-02-01 22:00:46,c6969ae30d99f73951cb976b88a457af,burger,1,1,425.0,1,425,425,15.0,11.0,14.0,56.516666666666666,21,6,1,-0.7071067811865477,0.7071067811865474,0,425.0,1.0,0.6875,4.0,0.875
4,2015-02-04 01:49:02,2015-02-04 02:50:38,64e6098144c759b0eaba7129a71067e9,fast,4,3,2072.0,3,445,659,70.0,69.0,80.0,61.6,1,2,0,0.25881904510252074,0.9659258262890683,214,690.6666666666666,1.0,0.971830985915493,1.0,1.1267605633802817
3,2015-02-05 02:16:37,2015-02-05 04:01:13,0ee8b1eafadac937e6e03d8866cef9bf,burger,1,2,1350.0,2,325,1025,8.0,8.0,9.0,104.6,2,3,0,0.49999999999999994,0.8660254037844387,700,675.0,1.0,0.8888888888888888,0.0,1.0
4,2015-01-23 03:23:37,2015-01-23 03:55:28,34173cb38f07f89ddbebc2ac9128303f,thai,3,2,2598.0,2,999,999,104.0,97.0,127.0,31.85,3,4,0,0.7071067811865475,0.7071067811865476,0,1299.0,1.0,0.9238095238095239,7.0,1.2095238095238094
2,2015-02-11 03:38:29,2015-02-11 04:23:24,76c94d390851dfa82a33d943abb0b8b6,other,3,4,4495.0,4,250,1595,58.0,54.0,82.0,44.916666666666664,3,2,0,0.7071067811865475,0.7071067811865476,1345,1123.75,1.0,0.9152542372881356,4.0,1.3898305084745763
5,2015-02-16 20:44:12,2015-02-16 21:35:48,8b16ef0e8dc41ac2f4d58e0a45621922,pizza,3,1,1000.0,1,1000,1000,14.0,11.0,16.0,51.6,20,0,0,-0.8660254037844386,0.5000000000000001,0,1000.0,1.0,0.7333333333333333,3.0,1.0666666666666667
4,2015-02-15 19:58:22,2015-02-15 20:40:23,e0433ffcc207263b70a14fd965ae86ca,fast,4,3,2178.0,3,479,1199,43.0,40.0,53.0,42.016666666666666,19,6,1,-0.9659258262890684,0.2588190451025203,720,726.0,1.0,0.9090909090909091,3.0,1.2045454545454546
2,2015-02-13 20:10:55,2015-02-13 20:48:52,fa393b662023edc37bd15563ac2c2167,sandwich,3,1,845.0,1,595,595,52.0,50.0,64.0,37.95,20,4,0,-0.8660254037844386,0.5000000000000001,0,845.0,1.0,0.9433962264150944,2.0,1.2075471698113207
1,2015-02-07 00:46:56,2015-02-07 01:35:54,9bb6dee73b8b0ca97466ccb24fff3139,seafood,5,4,3500.0,4,400,650,19.0,19.0,28.0,48.96666666666667,0,5,1,0.0,1.0,250,875.0,1.0,0.95,0.0,1.4
3,2015-01-26 01:25:59,2015-01-26 02:02:59,de3b44f4e0e248b9d56ece385a6c1950,other,1,8,3169.0,5,275,1495,4.0,3.0,4.0,37.0,1,0,0,0.25881904510252074,0.9659258262890683,1220,396.125,1.6,0.6,1.0,0.8
4,2015-01-28 05:17:49,2015-01-28 06:08:39,333222170ab9edca4785c39f55221fe7,pizza,1,2,3175.0,2,1050,1675,15.0,14.0,14.0,50.833333333333336,5,2,0,0.9659258262890683,0.25881904510252074,625,1587.5,1.0,0.875,1.0,0.875
2,2015-02-03 21:56:58,2015-02-03 22:20:37,ec5decca5ed3d6b8079e2e7e7bacc9f2,pizza,3,1,1150.0,1,1150,1150,15.0,14.0,21.0,23.65,21,1,0,-0.7071067811865477,0.7071067811865474,0,1150.0,1.0,0.875,1.0,1.3125
3,2015-01-29 21:28:59,2015-01-29 21:52:39,849c1f472f609bb4a3bacafef177f541,other,4,1,629.0,1,199,199,37.0,34.0,41.0,23.666666666666668,21,3,0,-0.7071067811865477,0.7071067811865474,0,629.0,1.0,0.8947368421052632,3.0,1.0789473684210527
1,2015-01-22 02:24:13,2015-01-22 03:36:57,2647c1dba23bc0e0f9cdf75339e120d2,japanese,5,1,895.0,1,845,845,23.0,25.0,34.0,72.73333333333333,2,3,0,0.49999999999999994,0.8660254037844387,0,895.0,1.0,1.0416666666666667,0.0,1.4166666666666667
4,2015-01-28 04:23:56,2015-01-28 05:15:37,f47d0ad31c4c49061b9e505593e3db98,burger,5,3,2365.0,3,295,1225,39.0,34.0,34.0,51.68333333333333,4,2,0,0.8660254037844386,0.5000000000000001,930,788.3333333333334,1.0,0.85,5.0,0.85
1,2015-01-30 02:44:02,2015-01-30 03:41:50,82b311985747d95c7164ae295f539c95,american,3,2,2700.0,2,1350,1350,21.0,23.0,33.0,57.8,2,4,0,0.49999999999999994,0.8660254037844387,0,1350.0,1.0,1.0454545454545454,0.0,1.5
4,2015-01-25 22:16:02,2015-01-25 22:44:17,2eace51d8f796d04991c831a07059758,sandwich,3,3,1100.0,3,160,690,41.0,88.0,35.0,28.25,22,6,1,-0.5000000000000004,0.8660254037844384,530,366.6666666666667,1.0,2.0952380952380953,0.0,0.8333333333333334
5,2015-02-01 19:33:33,2015-02-01 20:33:47,0c0cfd9478c6551fbfe74a7acb6fc037,american,1,3,2807.0,3,759,1049,11.0,8.0,15.0,60.233333333333334,19,6,1,-0.9659258262890684,0.2588190451025203,290,935.6666666666666,1.0,0.6666666666666666,3.0,1.25
1,2015-01-24 20:54:45,2015-01-24 21:47:18,ba638ebf561da3b2313e5d7955c55ea9,american,1,6,4540.0,3,295,1185,10.0,1.0,1.0,52.55,20,5,1,-0.8660254037844386,0.5000000000000001,890,756.6666666666666,2.0,0.09090909090909091,9.0,0.09090909090909091
5,2015-02-05 02:42:29,2015-02-05 03:31:25,2760e894ae70a26f9e0ffb5ebb51dab4,mediterranean,3,1,795.0,1,795,795,19.0,20.0,31.0,48.93333333333333,2,3,0,0.49999999999999994,0.8660254037844387,0,795.0,1.0,1.0,0.0,1.55
2,2015-02-09 01:47:27,2015-02-09 02:49:53,46031b3d04dc90994ca317a7c55c4289,burger,5,3,2290.0,3,685,880,128.0,68.0,121.0,62.43333333333333,1,0,0,0.25881904510252074,0.9659258262890683,195,763.3333333333334,1.0,0.5271317829457365,60.0,0.937984496124031
4,2015-02-13 03:23:16,2015-02-13 04:08:58,c7e1249ffc03eb9ded908c236bd1996d,thai,2,2,2400.0,2,1200,1200,110.0,95.0,136.0,45.7,3,4,0,0.7071067811865475,0.7071067811865476,0,1200.0,1.0,0.8558558558558559,15.0,1.2252252252252251
4,2015-02-13 03:45:04,2015-02-13 04:26:33,d64a340bcb633f536d56e51874281454,italian,1,3,2650.0,3,600,1200,71.0,69.0,89.0,41.483333333333334,3,4,0,0.7071067811865475,0.7071067811865476,600,883.3333333333334,1.0,0.9583333333333334,2.0,1.2361111111111112
1,2015-01-24 06:05:48,2015-01-24 06:43:11,0f2cdab3b6cd72058596bab972897f61,american,1,1,1308.0,1,1029,1029,4.0,5.0,5.0,37.38333333333333,6,5,1,1.0,6.123233995736766e-17,0,1308.0,1.0,1.0,0.0,1.0
1,2015-02-01 02:30:03,2015-02-01 03:22:35,a8ecbabae151abacba7dbde04f761c37,pizza,3,3,4487.0,2,1389,1559,0.0,0.0,0.0,52.53333333333333,2,6,1,0.49999999999999994,0.8660254037844387,170,1495.6666666666667,1.5,0.0,0.0,0.0
4,2015-02-03 03:24:05,2015-02-03 04:13:33,a26508d81dd3592b9b8dd27bf8c82e80,mexican,5,3,2100.0,3,400,800,79.0,80.0,145.0,49.46666666666667,3,1,0,0.7071067811865475,0.7071067811865476,400,700.0,1.0,1.0,0.0,1.8125
3,2015-02-05 00:55:03,2015-02-05 02:09:55,0f4f778e61d44558c6f448a9cd313b08,fast,4,9,2831.0,3,128,1151,0.0,0.0,0.0,74.86666666666666,0,3,0,0.0,1.0,1023,314.55555555555554,3.0,0.0,0.0,0.0
1,2015-02-02 01:00:08,2015-02-02 01:27:36,95d309f0b035d97f69902e7972c2b2e6,pizza,5,1,1000.0,1,1000,1000,33.0,33.0,47.0,27.466666666666665,1,0,0,0.25881904510252074,0.9659258262890683,0,1000.0,1.0,0.9705882352941176,0.0,1.3823529411764706
2,2015-01-23 01:38:39,2015-01-23 02:24:29,f670ef5d2d6bdf8f29450a970494dd64,italian,3,2,4290.0,2,795,3495,40.0,37.0,47.0,45.833333333333336,1,4,0,0.25881904510252074,0.9659258262890683,2700,2145.0,1.0,0.9024390243902439,3.0,1.146341463414634
1,2015-02-06 03:01:42,2015-02-06 03:31:22,31fb220526c09d18bf9cfaff20bcba4e,greek,5,3,2947.0,2,549,1099,66.0,63.0,64.0,29.666666666666668,3,4,0,0.7071067811865475,0.7071067811865476,550,982.3333333333334,1.5,0.9402985074626866,3.0,0.9552238805970149
6,2015-01-23 02:14:08,2015-01-23 02:58:01,2e7004ba2bc7a020f9e345fd6cb3dcaa,sandwich,3,1,1099.0,1,899,899,37.0,34.0,41.0,43.88333333333333,2,4,0,0.49999999999999994,0.8660254037844387,0,1099.0,1.0,0.8947368421052632,3.0,1.0789473684210527
1,2015-02-16 00:00:53,2015-02-16 00:26:35,facf9f743b083008a894eee7baa16469,mexican,1,1,899.0,1,899,899,35.0,24.0,25.0,25.7,0,0,0,0.0,1.0,0,899.0,1.0,0.6666666666666666,11.0,0.6944444444444444
3,2015-01-26 17:32:46,2015-01-26 18:00:49,8ce8ac3252f7a8981a64d5a473e48ea0,fast,4,2,485.0,2,128,357,2.0,2.0,2.0,28.05,17,0,0,-0.9659258262890683,-0.25881904510252063,229,242.5,1.0,0.6666666666666666,0.0,0.6666666666666666
6,2015-02-15 03:32:04,2015-02-15 04:30:25,5d4ae76f053f8f2516ad12961ef7fe97,italian,3,4,7396.0,4,799,2899,37.0,34.0,41.0,58.35,3,6,1,0.7071067811865475,0.7071067811865476,2100,1849.0,1.0,0.8947368421052632,3.0,1.0789473684210527
2,2015-02-08 20:23:38,2015-02-08 20:56:52,be3e9d3f7d70537357c67bb3f4086846,sandwich,5,2,1998.0,1,999,999,23.0,23.0,38.0,33.233333333333334,20,6,1,-0.8660254037844386,0.5000000000000001,0,999.0,2.0,0.9583333333333334,0.0,1.5833333333333333
6,2015-02-10 20:32:24,2015-02-10 21:45:10,3349958a3e56580d4e415da345703886,sandwich,3,1,1099.0,1,1099,1099,37.0,34.0,41.0,72.76666666666667,20,1,0,-0.8660254037844386,0.5000000000000001,0,1099.0,1.0,0.8947368421052632,3.0,1.0789473684210527
2,2015-02-06 01:24:33,2015-02-06 02:09:39,0d73a25092e5c1c9769a9f3255caa65a,dessert,1,2,2645.0,2,1295,1350,103.0,73.0,78.0,45.1,1,4,0,0.25881904510252074,0.9659258262890683,55,1322.5,1.0,0.7019230769230769,30.0,0.75
5,2015-01-23 21:38:47,2015-01-23 23:17:52,4b35c6b92a86b38bcc3e61c975f3e7f3,italian,5,7,3745.0,4,175,1525,4.0,4.0,5.0,99.08333333333333,21,4,0,-0.7071067811865477,0.7071067811865474,1350,535.0,1.75,0.8,0.0,1.0
2,2015-02-10 02:05:42,2015-02-10 02:50:55,7f100b7b36092fb9b06dfb4fac360931,burger,5,3,2485.0,2,295,1095,81.0,56.0,94.0,45.21666666666667,2,1,0,0.49999999999999994,0.8660254037844387,800,828.3333333333334,1.5,0.6829268292682927,25.0,1.146341463414634
2,2015-02-18 00:21:47,2015-02-18 01:03:07,801a089759389ea9fa5f77ecc339f4be,italian,1,1,1395.0,1,1395,1395,17.0,15.0,14.0,41.333333333333336,0,2,0,0.0,1.0,0,1395.0,1.0,0.8333333333333334,2.0,0.7777777777777778
2,2015-02-17 04:27:26,2015-02-17 05:09:55,18997733ec258a9fcaf239cc55d53363,italian,1,5,4800.0,2,350,1875,52.0,47.0,44.0,42.483333333333334,4,1,0,0.8660254037844386,0.5000000000000001,1525,960.0,2.5,0.8867924528301887,5.0,0.8301886792452831
5,2015-01-23 02:29:18,2015-01-23 03:10:48,b4bf5de15063cd27595dfd36bc9db335,indian,1,6,2695.0,5,250,1095,22.0,15.0,16.0,41.5,2,4,0,0.49999999999999994,0.8660254037844387,845,449.1666666666667,1.2,0.6521739130434783,7.0,0.6956521739130435
5,2015-02-09 22:38:19,2015-02-09 22:58:20,314e9197a43a6d40cef6f1629e2c3721,unknown,5,1,1200.0,1,1200,1200,13.0,14.0,14.0,20.016666666666666,22,0,0,-0.5000000000000004,0.8660254037844384,0,1200.0,1.0,1.0,0.0,1.0
2,2015-02-02 01:52:39,2015-02-02 02:41:19,aa942ab2bfa6ebda4840e7360ce6e7ef,chinese,3,3,3085.0,3,895,1195,81.0,81.0,162.0,48.666666666666664,1,0,0,0.25881904510252074,0.9659258262890683,300,1028.3333333333333,1.0,0.9878048780487805,0.0,1.975609756097561
2,2015-02-05 01:21:37,2015-02-05 01:50:44,41f1f19176d383480afa65d325c06ed0,burger,5,2,2716.0,2,1345,1359,57.0,43.0,54.0,29.116666666666667,1,3,0,0.25881904510252074,0.9659258262890683,14,1358.0,1.0,0.7413793103448276,14.0,0.9310344827586207
4,2015-02-17 02:41:14,2015-02-17 03:16:18,51ef186e18dc00c2d31982567235c559,mexican,3,4,990.0,2,100,395,67.0,37.0,62.0,35.06666666666667,2,1,0,0.49999999999999994,0.8660254037844387,295,247.5,2.0,0.5441176470588235,30.0,0.9117647058823529
6,2015-02-15 02:11:20,2015-02-15 03:11:58,01259a0cb2431834302abe2df60a1327,mexican,4,7,1510.0,3,0,910,37.0,34.0,41.0,60.63333333333333,2,6,1,0.49999999999999994,0.8660254037844387,910,215.71428571428572,2.3333333333333335,0.8947368421052632,3.0,1.0789473684210527
4,2015-01-23 00:13:57,2015-01-23 00:46:53,fe9fc289c3ff0af142b6d3bead98a923,unknown,1,6,5940.0,6,600,1295,24.0,24.0,32.0,32.93333333333333,0,4,0,0.0,1.0,695,990.0,1.0,0.96,0.0,1.28
4,2015-02-17 01:10:02,2015-02-17 02:33:12,4e62e752ae53fb6a6eebd0f6146aa702,other,3,3,3085.0,3,895,1295,69.0,63.0,78.0,83.16666666666667,1,1,0,0.25881904510252074,0.9659258262890683,400,1028.3333333333333,1.0,0.9,6.0,1.1142857142857143
2,2015-01-22 20:52:59,2015-01-22 21:39:26,504c296f8eb5fd521e744da4e8371f28,other,3,1,2000.0,1,2000,2000,36.0,33.0,35.0,46.45,20,3,0,-0.8660254037844386,0.5000000000000001,0,2000.0,1.0,0.8918918918918919,3.0,0.9459459459459459
3,2015-01-30 23:36:31,2015-01-31 00:20:45,c622c085c04eadc473f08541b255320e,burger,4,5,999.0,3,133,209,15.0,12.0,13.0,44.233333333333334,23,4,0,-0.25881904510252157,0.9659258262890681,76,199.8,1.6666666666666667,0.75,3.0,0.8125
2,2015-02-17 17:27:33,2015-02-17 18:30:25,91d0dbfd38d950cb716c4dd26c5da08a,sandwich,6,3,2397.0,3,799,799,5.0,4.0,4.0,62.86666666666667,17,1,0,-0.9659258262890683,-0.25881904510252063,0,799.0,1.0,0.6666666666666666,1.0,0.6666666666666666
4,2015-01-25 21:38:53,2015-01-25 22:05:49,17e62166fc8586dfa4d1bc0e1742c08b,vietnamese,5,2,1145.0,2,350,795,48.0,91.0,38.0,26.933333333333334,21,6,1,-0.7071067811865477,0.7071067811865474,445,572.5,1.0,1.8571428571428572,0.0,0.7755102040816326
4,2015-02-14 01:31:23,2015-02-14 02:36:07,51ef186e18dc00c2d31982567235c559,mexican,3,10,5161.0,8,150,895,62.0,59.0,96.0,64.73333333333333,1,5,1,0.25881904510252074,0.9659258262890683,745,516.1,1.25,0.9365079365079365,3.0,1.5238095238095237
3,2015-02-17 01:30:10,2015-02-17 02:38:30,d0bb8259d8fe3c7df4554dab9d7da3c9,salad,5,4,3570.0,4,450,1150,26.0,25.0,25.0,68.33333333333333,1,1,0,0.25881904510252074,0.9659258262890683,700,892.5,1.0,0.9259259259259259,1.0,0.9259259259259259
2,2015-02-12 04:12:07,2015-02-12 04:54:09,757b505cfd34c64c85ca5b5690ee5293,american,3,2,1348.0,2,229,1119,68.0,87.0,111.0,42.03333333333333,4,3,0,0.8660254037844386,0.5000000000000001,890,674.0,1.0,1.2608695652173914,0.0,1.608695652173913
4,2015-02-12 20:04:11,2015-02-12 21:07:06,3806734b256c27e41ec2c6bffa26d9e7,japanese,2,10,7615.0,9,395,1195,44.0,44.0,70.0,62.916666666666664,20,3,0,-0.8660254037844386,0.5000000000000001,800,761.5,1.1111111111111112,0.9777777777777777,0.0,1.5555555555555556
1,2015-01-24 17:38:45,2015-01-24 17:58:36,7c765811108db08130e713187a51d44f,dessert,5,3,850.0,2,150,550,7.0,7.0,6.0,19.85,17,5,1,-0.9659258262890683,-0.25881904510252063,400,283.3333333333333,1.5,0.875,0.0,0.75
4,2015-01-24 04:31:42,2015-01-24 05:28:54,98f13708210194c475687be6106a3b84,mediterranean,2,3,3695.0,2,595,950,80.0,80.0,113.0,57.2,4,5,1,0.8660254037844386,0.5000000000000001,355,1231.6666666666667,1.5,0.9876543209876543,0.0,1.3950617283950617
6,2015-02-16 02:40:36,2015-02-16 04:28:13,f7e0b956540676a129760a3eae309294,breakfast,3,3,3230.0,3,910,1210,37.0,34.0,41.0,107.61666666666666,2,0,0,0.49999999999999994,0.8660254037844387,300,1076.6666666666667,1.0,0.8947368421052632,3.0,1.0789473684210527
5,2015-01-24 02:09:18,2015-01-24 03:18:52,5faf461eff3099671ad63c6f3f094f7f,other,3,1,1800.0,1,975,975,22.0,22.0,32.0,69.56666666666666,2,5,1,0.49999999999999994,0.8660254037844387,0,1800.0,1.0,0.9565217391304348,0.0,1.391304347826087
2,2015-02-17 01:39:38,2015-02-17 02:51:56,250473494b245120a7eaf8b2e6b1f17c,italian,1,2,4150.0,2,575,2825,13.0,13.0,9.0,72.3,1,1,0,0.25881904510252074,0.9659258262890683,2250,2075.0,1.0,0.9285714285714286,0.0,0.6428571428571429
6,2015-02-10 04:06:33,2015-02-10 04:29:12,08f0efebb1c51aada9430a089a2050cc,unknown,1,2,779.0,2,149,585,37.0,34.0,41.0,22.65,4,1,0,0.8660254037844386,0.5000000000000001,436,389.5,1.0,0.8947368421052632,3.0,1.0789473684210527
4,2015-02-03 22:14:00,2015-02-03 23:04:21,0004d0b59e19461ff126e3a08a814c33,american,3,1,1125.0,1,1125,1125,28.0,21.0,22.0,50.35,22,1,0,-0.5000000000000004,0.8660254037844384,0,1125.0,1.0,0.7241379310344828,7.0,0.7586206896551724
2,2015-02-17 05:19:19,2015-02-17 05:51:48,50de294b9d4987a3c89b4a5cc4bdea62,indian,2,2,1300.0,2,350,950,15.0,9.0,10.0,32.483333333333334,5,1,0,0.9659258262890683,0.25881904510252074,600,650.0,1.0,0.5625,6.0,0.625
4,2015-01-22 01:16:25,2015-01-22 02:01:23,e165421110ba03099a1c0393373c5b43,burger,5,2,1688.0,2,649,989,68.0,66.0,98.0,44.96666666666667,1,3,0,0.25881904510252074,0.9659258262890683,340,844.0,1.0,0.9565217391304348,2.0,1.4202898550724639
2,2015-02-08 21:10:45,2015-02-08 21:48:44,c56a022b15250525f8b9bdfc41a13152,mexican,2,2,3590.0,1,1095,1095,67.0,65.0,70.0,37.983333333333334,21,6,1,-0.7071067811865477,0.7071067811865474,0,1795.0,2.0,0.9558823529411765,2.0,1.0294117647058822
4,2015-02-18 03:39:00,2015-02-18 04:14:48,555d6702c950ecb729a966504af0a635,other,5,2,1550.0,2,400,1100,87.0,86.0,130.0,35.8,3,2,0,0.7071067811865475,0.7071067811865476,700,775.0,1.0,0.9772727272727273,1.0,1.4772727272727273
4,2015-02-03 02:27:34,2015-02-03 03:25:10,c9e1074f5b3f9fc8ea15d152add07294,italian,5,4,7150.0,3,800,2350,71.0,70.0,140.0,57.6,2,1,0,0.49999999999999994,0.8660254037844387,1550,1787.5,1.3333333333333333,0.9722222222222222,1.0,1.9444444444444444
4,2015-02-17 04:30:30,2015-02-17 05:13:57,138bb0696595b338afbab333c555292a,pizza,3,1,3055.0,1,2350,2350,59.0,53.0,70.0,43.45,4,1,0,0.8660254037844386,0.5000000000000001,0,3055.0,1.0,0.8833333333333333,6.0,1.1666666666666667
5,2015-02-06 20:27:05,2015-02-06 20:54:18,52fe8f09c95a49a4c296c735c32c8678,chinese,5,2,1825.0,2,875,950,12.0,9.0,10.0,27.216666666666665,20,4,0,-0.8660254037844386,0.5000000000000001,75,912.5,1.0,0.6923076923076923,3.0,0.7692307692307693
1,2015-02-03 22:34:50,2015-02-03 23:51:53,8b048efecbe64fe76045e0109de0c2f1,seafood,1,4,1146.0,4,249,299,12.0,12.0,15.0,77.05,22,1,0,-0.5000000000000004,0.8660254037844384,50,286.5,1.0,0.9230769230769231,0.0,1.1538461538461537
1,2015-02-13 01:46:10,2015-02-13 02:33:33,6933b5648c59d618bbb30986c84080fe,mediterranean,5,1,1795.0,1,1795,1795,51.0,49.0,59.0,47.38333333333333,1,4,0,0.25881904510252074,0.9659258262890683,0,1795.0,1.0,0.9423076923076923,2.0,1.1346153846153846
1,2015-01-29 19:35:38,2015-01-29 20:04:30,022898bbc7110244fd24b3e410597047,pizza,3,1,1079.0,1,1079,1079,5.0,2.0,3.0,28.866666666666667,19,3,0,-0.9659258262890684,0.2588190451025203,0,1079.0,1.0,0.3333333333333333,3.0,0.5
1,2015-02-14 04:04:09,2015-02-14 04:50:38,65969a52c869c0cf4602e2444b002796,other,4,7,1744.0,7,136,287,30.0,26.0,41.0,46.483333333333334,4,5,1,0.8660254037844386,0.5000000000000001,151,249.14285714285714,1.0,0.8387096774193549,4.0,1.3225806451612903
4,2015-01-30 03:52:11,2015-01-30 04:35:03,c399862d3b9d6b76c8436e924a68c45b,indian,2,6,5000.0,4,450,1100,64.0,46.0,63.0,42.86666666666667,3,4,0,0.7071067811865475,0.7071067811865476,650,833.3333333333334,1.5,0.7076923076923077,18.0,0.9692307692307692
4,2015-02-05 01:41:39,2015-02-05 02:55:14,b1c00bcd4b5183705c134b3365f8c45e,japanese,2,4,3040.0,4,425,1295,93.0,92.0,141.0,73.58333333333333,1,3,0,0.25881904510252074,0.9659258262890683,870,760.0,1.0,0.9787234042553191,1.0,1.5
2,2015-01-24 03:46:23,2015-01-24 05:14:21,16fa2b0294e410b2551c3bf6965c0853,pizza,3,1,2320.0,1,1947,1947,99.0,114.0,228.0,87.96666666666667,3,5,1,0.7071067811865475,0.7071067811865476,0,2320.0,1.0,1.14,0.0,2.28
4,2015-01-25 03:29:48,2015-01-25 04:32:29,cdcc686a434d09ed24e4b736d593858f,american,2,3,2185.0,3,595,895,52.0,71.0,101.0,62.68333333333333,3,6,1,0.7071067811865475,0.7071067811865476,300,728.3333333333334,1.0,1.3396226415094339,0.0,1.9056603773584906
4,2015-02-05 03:52:07,2015-02-05 04:43:40,b645e524a1512ce68947d3b9c948aa46,other,2,6,3300.0,3,350,650,72.0,72.0,142.0,51.55,3,3,0,0.7071067811865475,0.7071067811865476,300,550.0,2.0,0.9863013698630136,0.0,1.9452054794520548
4,2015-01-30 02:42:22,2015-01-30 03:45:19,03afdbd66e7929b125f8597834fa83a4,other,3,4,4870.0,4,810,2100,124.0,122.0,198.0,62.95,2,4,0,0.49999999999999994,0.8660254037844387,1290,1217.5,1.0,0.976,2.0,1.584
4,2015-02-11 01:16:05,2015-02-11 01:46:40,1113d7a76ffceca1bb350bfe145467c6,japanese,1,3,1950.0,3,500,800,43.0,27.0,33.0,30.583333333333332,1,2,0,0.25881904510252074,0.9659258262890683,300,650.0,1.0,0.6136363636363636,16.0,0.75
2,2015-02-13 04:25:49,2015-02-13 05:08:18,757b505cfd34c64c85ca5b5690ee5293,american,3,1,1229.0,1,1099,1099,92.0,82.0,106.0,42.483333333333334,4,4,0,0.8660254037844386,0.5000000000000001,0,1229.0,1.0,0.8817204301075269,10.0,1.1397849462365592
2,2015-01-28 01:03:18,2015-01-28 01:43:40,f15d337c70078947cfe1b5d6f0ed3f13,dessert,5,3,1840.0,3,255,995,57.0,53.0,54.0,40.36666666666667,1,2,0,0.25881904510252074,0.9659258262890683,740,613.3333333333334,1.0,0.9137931034482759,4.0,0.9310344827586207
2,2015-01-29 01:41:24,2015-01-29 02:23:20,9872ed9fc22fc182d371c3e9ed316094,other,3,3,3400.0,3,600,1475,46.0,42.0,51.0,41.93333333333333,1,3,0,0.25881904510252074,0.9659258262890683,875,1133.3333333333333,1.0,0.8936170212765957,4.0,1.0851063829787233
2,2015-02-01 19:42:26,2015-02-01 20:07:03,726bd18c52afc248015dcdbc463c6f85,other,3,9,5085.0,2,150,1395,37.0,27.0,29.0,24.616666666666667,19,6,1,-0.9659258262890684,0.2588190451025203,1245,565.0,4.5,0.7105263157894737,10.0,0.7631578947368421
3,2015-01-31 02:00:07,2015-01-31 02:56:44,e6acf4b0f69f6f6e60e9a815938aa1ff,pizza,3,1,1399.0,1,1399,1399,54.0,54.0,53.0,56.61666666666667,2,5,1,0.49999999999999994,0.8660254037844387,0,1399.0,1.0,0.9818181818181818,0.0,0.9636363636363636
4,2015-02-11 01:41:10,2015-02-11 03:18:57,43ec517d68b6edd3015b3edc9a11367b,japanese,5,15,9100.0,9,200,1400,79.0,78.0,127.0,97.78333333333333,1,2,0,0.25881904510252074,0.9659258262890683,1200,606.6666666666666,1.6666666666666667,0.975,1.0,1.5875
1,2015-02-03 03:58:51,2015-02-03 05:41:24,754c32eb39c6dfd8b7c97531a459937c,thai,4,6,5000.0,6,200,1400,10.0,10.0,21.0,102.55,3,1,0,0.7071067811865475,0.7071067811865476,1200,833.3333333333334,1.0,0.9090909090909091,0.0,1.9090909090909092
2,2015-02-08 02:57:02,2015-02-08 03:37:14,04025959b191f8f9de3f924f0940515f,other,2,3,2785.0,3,895,995,134.0,96.0,170.0,40.2,2,6,1,0.49999999999999994,0.8660254037844387,100,928.3333333333334,1.0,0.7111111111111111,38.0,1.2592592592592593
4,2015-02-03 03:09:30,2015-02-03 04:23:21,155fa09596c7e18e50b58eb7e0c6ccb4,mediterranean,3,2,1850.0,2,875,875,82.0,83.0,152.0,73.85,3,1,0,0.7071067811865475,0.7071067811865476,0,925.0,1.0,1.0,0.0,1.8313253012048192
2,2015-02-02 23:22:10,2015-02-03 00:04:46,faacbcd5bf1d018912c116bf2783e9a1,mexican,5,3,2597.0,2,799,999,30.0,31.0,47.0,42.6,23,0,0,-0.25881904510252157,0.9659258262890681,200,865.6666666666666,1.5,1.0,0.0,1.5161290322580645
4,2015-02-14 03:24:49,2015-02-14 04:10:48,621461af90cadfdaf0e8d4cc25129f91,unknown,1,8,6197.0,6,100,1499,85.0,85.0,114.0,45.983333333333334,3,5,1,0.7071067811865475,0.7071067811865476,1399,774.625,1.3333333333333333,0.9883720930232558,0.0,1.3255813953488371
1,2015-02-07 23:08:31,2015-02-08 00:49:32,791d3a0048b9c200dceca07f99ddd178,unknown,4,3,2050.0,3,50,850,7.0,7.0,9.0,101.01666666666667,23,5,1,-0.25881904510252157,0.9659258262890681,800,683.3333333333334,1.0,0.875,0.0,1.125
6,2015-01-24 03:52:07,2015-01-24 04:47:43,daad98225feffee70936b5e3b88658c9,thai,1,5,4290.0,5,200,1095,37.0,34.0,41.0,55.6,3,5,1,0.7071067811865475,0.7071067811865476,895,858.0,1.0,0.8947368421052632,3.0,1.0789473684210527
6,2015-02-03 19:00:27,2015-02-03 19:32:43,17e0ce48c87a8885fe8b82c21cb17ecf,salad,2,2,1800.0,2,900,900,37.0,34.0,41.0,32.266666666666666,19,1,0,-0.9659258262890684,0.2588190451025203,0,900.0,1.0,0.8947368421052632,3.0,1.0789473684210527
1,2015-02-11 03:31:53,2015-02-11 04:11:11,2dea61eed4bceec564a00115c4d21334,american,3,3,2900.0,2,900,1000,48.0,47.0,61.0,39.3,3,2,0,0.7071067811865475,0.7071067811865476,100,966.6666666666666,1.5,0.9591836734693877,1.0,1.2448979591836735
1,2015-02-07 01:12:31,2015-02-07 02:17:33,b440509a0106086a67bc2ea9df0a1dab,other,1,5,3895.0,5,350,1250,26.0,26.0,28.0,65.03333333333333,1,5,1,0.25881904510252074,0.9659258262890683,900,779.0,1.0,0.9629629629629629,0.0,1.037037037037037
6,2015-02-09 04:18:53,2015-02-09 04:44:26,156e69a7c54f0826cd83d4f9ab4b338a,thai,3,2,1590.0,2,695,825,37.0,34.0,41.0,25.55,4,0,0,0.8660254037844386,0.5000000000000001,130,795.0,1.0,0.8947368421052632,3.0,1.0789473684210527
4,2015-01-30 01:43:08,2015-01-30 03:40:28,56e2cacee3013d65899f9d0522a893f8,burger,1,5,3822.0,5,399,1195,9.0,5.0,6.0,117.33333333333333,1,4,0,0.25881904510252074,0.9659258262890683,796,764.4,1.0,0.5,4.0,0.6
2,2015-02-09 01:24:33,2015-02-09 02:15:56,8d5e957f297893487bd98fa830fa6413,american,5,5,6275.0,5,995,1795,114.0,73.0,93.0,51.38333333333333,1,0,0,0.25881904510252074,0.9659258262890683,800,1255.0,1.0,0.6347826086956522,41.0,0.808695652173913
2,2015-01-26 01:23:22,2015-01-26 01:58:05,98fb202278940504d75b5a97b1476be4,american,4,3,2207.0,3,399,669,75.0,89.0,72.0,34.71666666666667,1,0,0,0.25881904510252074,0.9659258262890683,270,735.6666666666666,1.0,1.1710526315789473,0.0,0.9473684210526315
2,2015-02-01 02:47:58,2015-02-01 03:51:29,8eb9becbba23d2ccdccddd9ac3f4a02d,indian,3,5,4975.0,5,250,1995,90.0,85.0,136.0,63.516666666666666,2,6,1,0.49999999999999994,0.8660254037844387,1745,995.0,1.0,0.9340659340659341,5.0,1.4945054945054945
2,2015-02-15 03:18:40,2015-02-15 04:50:25,c31e46a74fb556fd7b53f8f6b186d5e9,mexican,5,2,1858.0,2,799,999,54.0,53.0,98.0,91.75,3,6,1,0.7071067811865475,0.7071067811865476,200,929.0,1.0,0.9636363636363636,1.0,1.7818181818181817
6,2015-02-06 22:27:17,2015-02-06 23:21:31,761c7920f470038d4c8a619c79eddd62,sandwich,5,2,2540.0,2,999,1441,37.0,34.0,41.0,54.233333333333334,22,4,0,-0.5000000000000004,0.8660254037844384,442,1270.0,1.0,0.8947368421052632,3.0,1.0789473684210527
5,2015-02-07 04:47:09,2015-02-07 05:21:56,a7ce4026f43a4491f1284bb38d96f440,burger,5,2,1750.0,2,300,900,46.0,46.0,68.0,34.78333333333333,4,5,1,0.8660254037844386,0.5000000000000001,600,875.0,1.0,0.9787234042553191,0.0,1.446808510638298
1,2015-02-11 20:40:30,2015-02-11 21:05:47,58e4d44e550d0f7ee0a23d6b02d9b0db,american,1,3,3852.0,2,1149,1263,27.0,34.0,41.0,25.283333333333335,20,2,0,-0.8660254037844386,0.5000000000000001,114,1284.0,1.5,1.2142857142857142,0.0,1.4642857142857142
2,2015-02-10 17:01:48,2015-02-10 17:50:58,b8b9c74ac526fffbeb2d39ab038d1cd7,other,4,4,1220.0,4,125,395,7.0,7.0,11.0,49.166666666666664,17,1,0,-0.9659258262890683,-0.25881904510252063,270,305.0,1.0,0.875,0.0,1.375
3,2015-01-28 18:43:14,2015-01-28 19:11:55,2255538166d2e6f3c6097c2c4df4e0be,fast,3,1,1285.0,1,690,690,9.0,6.0,6.0,28.683333333333334,18,2,0,-1.0,-1.8369701987210297e-16,0,1285.0,1.0,0.6,3.0,0.6
5,2015-02-15 21:06:11,2015-02-15 22:07:34,6d090e8d4f2d61498fe04b05cc2ba6eb,dessert,1,4,4905.0,4,865,1495,12.0,12.0,16.0,61.38333333333333,21,6,1,-0.7071067811865477,0.7071067811865474,630,1226.25,1.0,0.9230769230769231,0.0,1.2307692307692308
2,2015-02-18 03:32:11,2015-02-18 04:01:43,a2fa685f91421d4b7698f2399dcb1700,italian,2,2,3345.0,2,1650,1695,54.0,53.0,66.0,29.533333333333335,3,2,0,0.7071067811865475,0.7071067811865476,45,1672.5,1.0,0.9636363636363636,1.0,1.2
5,2015-02-08 03:25:43,2015-02-08 04:38:30,24368c745de15b3d2d6279667debcba3,seafood,5,4,5100.0,4,700,2300,49.0,48.0,84.0,72.78333333333333,3,6,1,0.7071067811865475,0.7071067811865476,1600,1275.0,1.0,0.96,1.0,1.68
3,2015-02-09 01:07:43,2015-02-09 01:35:07,f754186469a933256d7d64095e963594,other,2,2,2790.0,2,1395,1395,20.0,14.0,11.0,27.4,1,0,0,0.25881904510252074,0.9659258262890683,0,1395.0,1.0,0.6666666666666666,6.0,0.5238095238095238
1,2015-01-30 20:44:52,2015-01-30 21:32:17,08b255a5d42b89b0585260b6f2360bdd,breakfast,2,2,2598.0,2,1199,1299,21.0,21.0,33.0,47.416666666666664,20,4,0,-0.8660254037844386,0.5000000000000001,100,1299.0,1.0,0.9545454545454546,0.0,1.5
5,2015-01-29 00:01:41,2015-01-29 00:34:18,ebbac19a6a88726ff7927a79610bf6be,japanese,1,3,4880.0,3,895,1395,7.0,5.0,5.0,32.61666666666667,0,3,0,0.0,1.0,500,1626.6666666666667,1.0,0.625,2.0,0.625
1,2015-02-17 05:16:23,2015-02-17 06:48:09,00430c0c1fae276c9713ab5f21167882,american,1,2,1300.0,2,250,1050,10.0,9.0,18.0,91.76666666666667,5,1,0,0.9659258262890683,0.25881904510252074,800,650.0,1.0,0.8181818181818182,1.0,1.6363636363636365
2,2015-02-04 17:57:17,2015-02-04 18:24:22,edc27f139c3b4e4bb29d1cdbc45663f9,salad,3,4,1455.0,3,159,469,10.0,9.0,9.0,27.083333333333332,17,2,0,-0.9659258262890683,-0.25881904510252063,310,363.75,1.3333333333333333,0.8181818181818182,1.0,0.8181818181818182
1,2015-02-17 03:24:49,2015-02-17 03:49:50,150ed5c71f73db79f0ee5a7ac78572e6,mediterranean,5,1,3195.0,1,3000,3195,42.0,39.0,44.0,25.016666666666666,3,1,0,0.7071067811865475,0.7071067811865476,195,3195.0,1.0,0.9069767441860465,3.0,1.0232558139534884
1,2015-02-01 20:36:07,2015-02-01 22:15:27,f64eac11f2cd8f0efa196f8ad173178e,japanese,1,5,6800.0,5,550,3750,13.0,15.0,22.0,99.33333333333333,20,6,1,-0.8660254037844386,0.5000000000000001,3200,1360.0,1.0,1.0714285714285714,0.0,1.5714285714285714
6,2015-02-14 03:23:54,2015-02-14 04:39:17,e9fb2eda3d9c55a0d89c98d6c54b5b3e,japanese,3,2,2490.0,2,1195,1295,37.0,34.0,41.0,75.38333333333334,3,5,1,0.7071067811865475,0.7071067811865476,100,1245.0,1.0,0.8947368421052632,3.0,1.0789473684210527
4,2015-01-22 04:24:17,2015-01-22 04:48:56,44f683a84163b3523afe57c2e008bc8c,other,2,1,1599.0,1,1399,1399,69.0,54.0,56.0,24.65,4,3,0,0.8660254037844386,0.5000000000000001,0,1599.0,1.0,0.7714285714285715,15.0,0.8
5,2015-01-25 23:10:51,2015-01-25 23:42:47,958c530554f78bcd8e97125b70e6973d,indian,1,10,4440.0,7,249,899,27.0,38.0,15.0,31.933333333333334,23,6,1,-0.25881904510252157,0.9659258262890681,650,444.0,1.4285714285714286,1.3571428571428572,0.0,0.5357142857142857
6,2015-02-17 03:39:28,2015-02-17 04:12:04,28b673023e123cdefc28fd22e24c6c98,other,1,5,4375.0,4,695,1095,37.0,34.0,41.0,32.6,3,1,0,0.7071067811865475,0.7071067811865476,400,875.0,1.25,0.8947368421052632,3.0,1.0789473684210527
3,2015-01-31 23:13:50,2015-02-01 00:12:45,b105e5a192f80ef3ec4ee4756af089a3,american,5,2,2390.0,2,1195,1195,3.0,2.0,1.0,58.916666666666664,23,5,1,-0.25881904510252157,0.9659258262890681,0,1195.0,1.0,0.5,1.0,0.25
4,2015-02-01 04:31:28,2015-02-01 05:10:52,4e62e752ae53fb6a6eebd0f6146aa702,other,3,3,3235.0,3,895,1195,73.0,59.0,87.0,39.4,4,6,1,0.8660254037844386,0.5000000000000001,300,1078.3333333333333,1.0,0.7972972972972973,14.0,1.1756756756756757
1,2015-01-23 21:58:55,2015-01-23 22:51:14,2393d7a6a3258894acc34581978453fa,chinese,2,2,980.0,2,270,710,13.0,13.0,12.0,52.31666666666667,21,4,0,-0.7071067811865477,0.7071067811865474,440,490.0,1.0,0.9285714285714286,0.0,0.8571428571428571
2,2015-02-09 01:55:03,2015-02-09 02:39:48,cfecdb276f634854f3ef915e2e980c31,mexican,5,2,1947.0,2,699,799,124.0,77.0,149.0,44.75,1,0,0,0.25881904510252074,0.9659258262890683,100,973.5,1.0,0.616,47.0,1.192
1,2015-01-31 15:58:18,2015-01-31 16:31:13,2172fde49301047270b2897085e4319d,fast,4,3,1124.0,2,204,588,2.0,1.0,1.0,32.916666666666664,15,5,1,-0.7071067811865471,-0.7071067811865479,384,374.6666666666667,1.5,0.3333333333333333,1.0,0.3333333333333333
3,2015-01-31 02:44:19,2015-01-31 03:36:18,3b5750171f62fd9c3cd91a41ddb1ac45,american,1,2,2098.0,2,499,1599,37.0,34.0,41.0,51.983333333333334,2,5,1,0.49999999999999994,0.8660254037844387,1100,1049.0,1.0,0.8947368421052632,3.0,1.0789473684210527
2,2015-01-30 02:57:26,2015-01-30 03:44:04,9958517b2a48851d2ada1c76c88cfc56,italian,3,3,2069.0,3,525,894,39.0,35.0,55.0,46.63333333333333,2,4,0,0.49999999999999994,0.8660254037844387,369,689.6666666666666,1.0,0.875,4.0,1.375
5,2015-01-29 00:37:54,2015-01-29 01:12:04,aff272815fa63358420d88a9c6d37b91,chinese,3,5,3900.0,4,150,1600,7.0,5.0,5.0,34.166666666666664,0,3,0,0.0,1.0,1450,780.0,1.25,0.625,2.0,0.625
2,2015-02-13 17:14:38,2015-02-13 18:13:34,2adcefe38fbcd3dcd45908fbab1bf628,breakfast,1,4,2085.0,4,325,695,9.0,9.0,14.0,58.93333333333333,17,4,0,-0.9659258262890683,-0.25881904510252063,370,521.25,1.0,0.9,0.0,1.4
4,2015-02-04 20:40:09,2015-02-04 21:52:48,5352696a9ca3397beb79f116f3a33991,mexican,3,2,2331.0,2,861,1045,69.0,56.0,89.0,72.65,20,2,0,-0.8660254037844386,0.5000000000000001,184,1165.5,1.0,0.8,13.0,1.2714285714285714
6,2015-02-07 01:51:14,2015-02-07 02:32:39,dcf6070a4ab7f3afbfd2809173e0824b,mexican,1,2,1990.0,2,895,1045,37.0,34.0,41.0,41.416666666666664,1,5,1,0.25881904510252074,0.9659258262890683,150,995.0,1.0,0.8947368421052632,3.0,1.0789473684210527
2,2015-02-16 19:58:10,2015-02-16 20:53:48,8e6b42f1644ecb1327dc03ab345e618b,greek,1,3,2596.0,3,499,1099,37.0,36.0,57.0,55.63333333333333,19,0,0,-0.9659258262890684,0.2588190451025203,600,865.3333333333334,1.0,0.9473684210526315,1.0,1.5
6,2015-01-27 02:22:07,2015-01-27 03:10:01,04a1bf2d968f1ce381cf1f9184a807a9,salad,4,3,3075.0,3,275,1250,37.0,34.0,41.0,47.9,2,1,0,0.49999999999999994,0.8660254037844387,975,1025.0,1.0,0.8947368421052632,3.0,1.0789473684210527
1,2015-01-25 23:12:34,2015-01-26 00:06:27,3fb04953d95a94367bb133f862402bce,mediterranean,1,2,2598.0,1,1299,1299,8.0,8.0,10.0,53.88333333333333,23,6,1,-0.25881904510252157,0.9659258262890681,0,1299.0,2.0,0.8888888888888888,0.0,1.1111111111111112
3,2015-02-18 01:23:03,2015-02-18 02:12:10,6177a45cb50f7d46de52a4aee0c17629,salad,3,3,4850.0,3,450,3100,9.0,9.0,10.0,49.11666666666667,1,2,0,0.25881904510252074,0.9659258262890683,2650,1616.6666666666667,1.0,0.9,0.0,1.0
4,2015-02-14 00:52:09,2015-02-14 01:17:03,faa9afea49ef2ff029a833cccc778fd0,pizza,5,3,5800.0,2,1600,2600,55.0,48.0,59.0,24.9,0,5,1,0.0,1.0,1000,1933.3333333333333,1.5,0.8571428571428571,7.0,1.0535714285714286
4,2015-02-04 04:08:51,2015-02-04 04:37:20,8f14e45fceea167a5a36dedd4bea2543,mediterranean,3,1,1695.0,1,1695,1695,59.0,66.0,81.0,28.483333333333334,4,2,0,0.8660254037844386,0.5000000000000001,0,1695.0,1.0,1.1,0.0,1.35
2,2015-02-02 20:51:30,2015-02-02 21:33:22,a3a3e8b30dd6eadfc78c77bb2b8e6b60,vietnamese,5,2,1290.0,2,265,880,42.0,30.0,38.0,41.86666666666667,20,0,0,-0.8660254037844386,0.5000000000000001,615,645.0,1.0,0.6976744186046512,12.0,0.8837209302325582
4,2015-02-08 21:41:40,2015-02-08 22:48:10,9bf31c7ff062936a96d3c8bd1f8f2ff3,sandwich,3,2,1877.0,2,899,899,46.0,35.0,41.0,66.5,21,6,1,-0.7071067811865477,0.7071067811865474,0,938.5,1.0,0.7446808510638298,11.0,0.8723404255319149
5,2015-02-07 19:14:04,2015-02-07 19:50:41,dd14656b73fce3fc005bc64da1926cc4,american,1,1,1099.0,1,1099,1099,16.0,9.0,10.0,36.61666666666667,19,5,1,-0.9659258262890684,0.2588190451025203,0,1099.0,1.0,0.5294117647058824,7.0,0.5882352941176471
5,2015-02-02 21:19:52,2015-02-02 22:12:59,a377a022498719f6566b287f2bff012e,burger,4,5,1556.0,5,199,659,21.0,23.0,39.0,53.11666666666667,21,0,0,-0.7071067811865477,0.7071067811865474,460,311.2,1.0,1.0454545454545454,0.0,1.7727272727272727
2,2015-02-04 22:18:16,2015-02-04 23:08:17,bc6dc48b743dc5d013b1abaebd2faed2,italian,3,1,1949.0,1,1049,1049,20.0,25.0,38.0,50.016666666666666,22,2,0,-0.5000000000000004,0.8660254037844384,0,1949.0,1.0,1.1904761904761905,0.0,1.8095238095238095
1,2015-02-03 02:13:44,2015-02-03 03:17:11,d7a728a67d909e714c0774e22cb806f2,mexican,1,4,4800.0,4,500,1600,34.0,35.0,56.0,63.45,2,1,0,0.49999999999999994,0.8660254037844387,1100,1200.0,1.0,1.0,0.0,1.6
4,2015-02-04 21:32:19,2015-02-04 21:59:42,9a1158154dfa42caddbd0694a4e9bdc8,dessert,2,1,4620.0,1,3000,3750,41.0,30.0,35.0,27.383333333333333,21,2,0,-0.7071067811865477,0.7071067811865474,750,4620.0,1.0,0.7142857142857143,11.0,0.8333333333333334
3,2015-01-30 01:53:20,2015-01-30 02:28:25,6b998835b626af9fd58e2c3521628217,pizza,2,2,1798.0,2,399,999,53.0,29.0,28.0,35.083333333333336,1,4,0,0.25881904510252074,0.9659258262890683,600,899.0,1.0,0.5370370370370371,24.0,0.5185185185185185
4,2015-02-17 02:11:40,2015-02-17 02:57:04,7634ea65a4e6d9041cfd3f7de18e334a,chinese,1,2,1390.0,2,695,695,67.0,53.0,61.0,45.4,2,1,0,0.49999999999999994,0.8660254037844387,0,695.0,1.0,0.7794117647058824,14.0,0.8970588235294118
6,2015-02-13 03:22:02,2015-02-13 04:06:10,39e98420b5e98bfbdc8a619bef7b8f61,american,3,1,1125.0,1,1125,1125,37.0,34.0,41.0,44.13333333333333,3,4,0,0.7071067811865475,0.7071067811865476,0,1125.0,1.0,0.8947368421052632,3.0,1.0789473684210527
2,2015-01-24 22:05:25,2015-01-24 22:40:04,27253445de7e4ce1cff3853ee2b357b2,pizza,1,2,3224.0,2,825,2399,48.0,61.0,73.0,34.65,22,5,1,-0.5000000000000004,0.8660254037844384,1574,1612.0,1.0,1.2448979591836735,0.0,1.489795918367347
1,2015-02-13 19:59:06,2015-02-13 21:12:16,f38fef4c0e4988792723c29a0bd3ca98,sandwich,1,3,1295.0,2,200,895,9.0,8.0,10.0,73.16666666666667,19,4,0,-0.9659258262890684,0.2588190451025203,695,431.6666666666667,1.5,0.8,1.0,1.0
1,2015-01-26 23:23:10,2015-01-26 23:42:18,58e4d44e550d0f7ee0a23d6b02d9b0db,american,1,2,2300.0,2,600,1150,13.0,12.0,12.0,19.133333333333333,23,0,0,-0.25881904510252157,0.9659258262890681,550,1150.0,1.0,0.8571428571428571,1.0,0.8571428571428571
2,2015-01-31 02:16:26,2015-01-31 03:17:39,b37b55cfd264be85453811ac5df63760,other,4,2,2800.0,2,500,2300,48.0,46.0,95.0,61.21666666666667,2,5,1,0.49999999999999994,0.8660254037844387,1800,1400.0,1.0,0.9387755102040817,2.0,1.9387755102040816
2,2015-02-14 02:46:32,2015-02-14 03:32:15,b2483c130839641db1e7badbfbe9240b,italian,1,2,1598.0,1,799,799,64.0,63.0,109.0,45.71666666666667,2,5,1,0.49999999999999994,0.8660254037844387,0,799.0,2.0,0.9692307692307692,1.0,1.676923076923077
2,2015-01-23 22:34:08,2015-01-23 23:36:51,3236fb951518ec5f7e607422b67cd180,other,2,7,2850.0,3,175,1050,30.0,28.0,47.0,62.71666666666667,22,4,0,-0.5000000000000004,0.8660254037844384,875,407.14285714285717,2.3333333333333335,0.9032258064516129,2.0,1.5161290322580645
1,2015-01-23 23:31:29,2015-01-24 00:26:03,317e30985b2c3bf93a0fe849ddca9888,pizza,5,4,2486.0,3,299,1599,15.0,14.0,14.0,54.56666666666667,23,4,0,-0.25881904510252157,0.9659258262890681,1300,621.5,1.3333333333333333,0.875,1.0,0.875
6,2015-02-01 01:09:44,2015-02-01 01:49:22,3de568f8597b94bda53149c7d7f5958c,other,2,2,1210.0,2,335,875,37.0,34.0,41.0,39.63333333333333,1,6,1,0.25881904510252074,0.9659258262890683,540,605.0,1.0,0.8947368421052632,3.0,1.0789473684210527
1,2015-01-28 01:47:28,2015-01-28 02:30:11,c5fe17b7a8d023ade2bbb05e574eef78,mediterranean,5,6,4815.0,5,475,1050,36.0,34.0,36.0,42.71666666666667,1,2,0,0.25881904510252074,0.9659258262890683,575,802.5,1.2,0.918918918918919,2.0,0.972972972972973
1,2015-02-07 21:33:50,2015-02-07 22:08:23,da6ea77475918a3d83c7e49223d453cc,salad,2,2,1948.0,2,749,899,13.0,13.0,13.0,34.55,21,5,1,-0.7071067811865477,0.7071067811865474,150,974.0,1.0,0.9285714285714286,0.0,0.9285714285714286
2,2015-01-30 02:21:03,2015-01-30 03:33:13,ddba48fbf653b9fb30d6992ccc821c9d,american,5,3,2934.0,3,299,1299,18.0,20.0,32.0,72.16666666666667,2,4,0,0.49999999999999994,0.8660254037844387,1000,978.0,1.0,1.0526315789473684,0.0,1.6842105263157894
2,2015-02-06 21:58:02,2015-02-06 22:27:13,320722549d1751cf3f247855f937b982,other,2,3,2365.0,3,475,995,25.0,26.0,32.0,29.183333333333334,21,4,0,-0.7071067811865477,0.7071067811865474,520,788.3333333333334,1.0,1.0,0.0,1.2307692307692308
6,2015-02-13 20:51:06,2015-02-13 21:41:15,21e04c4536ac1ee11ab991e1dea13c47,sandwich,1,1,999.0,1,999,999,37.0,34.0,41.0,50.15,20,4,0,-0.8660254037844386,0.5000000000000001,0,999.0,1.0,0.8947368421052632,3.0,1.0789473684210527
1,2015-02-13 05:18:07,2015-02-13 05:57:28,ca9541826e97c4530b07dda2eba0e013,pizza,5,1,1150.0,1,1150,1150,7.0,2.0,2.0,39.35,5,4,0,0.9659258262890683,0.25881904510252074,0,1150.0,1.0,0.25,5.0,0.25
2,2015-02-12 02:57:03,2015-02-12 03:53:27,78b9cab19959e4af8ff46156ee460c74,other,3,3,3795.0,3,1195,1350,62.0,60.0,99.0,56.4,2,3,0,0.49999999999999994,0.8660254037844387,155,1265.0,1.0,0.9523809523809523,2.0,1.5714285714285714
2,2015-02-04 20:28:48,2015-02-04 21:15:36,6da37dd3139aa4d9aa55b8d237ec5d4a,indian,3,4,2735.0,4,350,995,37.0,31.0,36.0,46.8,20,2,0,-0.8660254037844386,0.5000000000000001,645,683.75,1.0,0.8157894736842105,6.0,0.9473684210526315
2,2015-01-29 20:15:48,2015-01-29 20:56:46,b571ecea16a9824023ee1af16897a582,mediterranean,2,4,2898.0,2,699,750,49.0,51.0,65.0,40.96666666666667,20,3,0,-0.8660254037844386,0.5000000000000001,51,724.5,2.0,1.02,0.0,1.3
2,2015-02-10 03:48:12,2015-02-10 04:31:16,d99f37116c32298b4a726d5a2134e1e7,mediterranean,2,4,2197.0,3,399,749,81.0,81.0,110.0,43.06666666666667,3,1,0,0.7071067811865475,0.7071067811865476,350,549.25,1.3333333333333333,0.9878048780487805,0.0,1.3414634146341464
2,2015-02-13 01:28:51,2015-02-13 02:27:31,d81f9c1be2e08964bf9f24b15f0e4900,thai,3,10,8560.0,8,200,1095,87.0,85.0,102.0,58.666666666666664,1,4,0,0.25881904510252074,0.9659258262890683,895,856.0,1.25,0.9659090909090909,2.0,1.1590909090909092
2,2015-02-04 02:22:26,2015-02-04 03:27:51,82161242827b703e6acf9c726942a1e4,american,1,4,4250.0,3,545,1725,47.0,43.0,54.0,65.41666666666667,2,2,0,0.49999999999999994,0.8660254037844387,1180,1062.5,1.3333333333333333,0.8958333333333334,4.0,1.125
4,2015-01-31 01:40:33,2015-01-31 02:26:59,6ea9ab1baa0efb9e19094440c317e21b,italian,3,2,3190.0,2,1295,1895,83.0,62.0,110.0,46.43333333333333,1,5,1,0.25881904510252074,0.9659258262890683,600,1595.0,1.0,0.7380952380952381,21.0,1.3095238095238095
2,2015-02-12 20:06:15,2015-02-12 20:35:46,379a7ba015d8bf1c70b8add2c287c6fa,american,3,1,1150.0,1,1150,1150,62.0,59.0,84.0,29.516666666666666,20,3,0,-0.8660254037844386,0.5000000000000001,0,1150.0,1.0,0.9365079365079365,3.0,1.3333333333333333
6,2015-02-07 21:57:35,2015-02-07 22:55:47,b8af7d0fbf094517781e0382102d7b27,sandwich,3,7,5190.0,6,200,1230,37.0,34.0,41.0,58.2,21,5,1,-0.7071067811865477,0.7071067811865474,1030,741.4285714285714,1.1666666666666667,0.8947368421052632,3.0,1.0789473684210527
4,2015-01-22 01:46:18,2015-01-22 02:23:30,013d407166ec4fa56eb1e1f8cbe183b9,indian,5,6,4750.0,5,275,1200,91.0,91.0,104.0,37.2,1,3,0,0.25881904510252074,0.9659258262890683,925,791.6666666666666,1.2,0.9891304347826086,0.0,1.1304347826086956
5,2015-02-06 02:47:18,2015-02-06 03:09:55,c400db3363b99ee026bc9ed0741b79df,chinese,3,2,1390.0,2,595,795,59.0,30.0,53.0,22.616666666666667,2,4,0,0.49999999999999994,0.8660254037844387,200,695.0,1.0,0.5,29.0,0.8833333333333333
1,2015-02-15 05:10:30,2015-02-15 06:06:14,05a70454516ecd9194c293b0e415777f,japanese,6,1,1650.0,1,1100,1100,0.0,0.0,0.0,55.733333333333334,5,6,1,0.9659258262890683,0.25881904510252074,0,1650.0,1.0,0.0,0.0,0.0
6,2015-02-15 04:19:25,2015-02-15 04:58:45,86a1fa88adb5c33bd7a68ac2f9f3f96b,chinese,3,3,3900.0,3,1200,1400,37.0,34.0,41.0,39.333333333333336,4,6,1,0.8660254037844386,0.5000000000000001,200,1300.0,1.0,0.8947368421052632,3.0,1.0789473684210527
2,2015-01-23 01:55:57,2015-01-23 02:47:52,94f6d7e04a4d452035300f18b984988c,mediterranean,5,3,3585.0,2,595,1495,82.0,61.0,91.0,51.916666666666664,1,4,0,0.25881904510252074,0.9659258262890683,900,1195.0,1.5,0.7349397590361446,21.0,1.0963855421686748
4,2015-02-07 16:54:59,2015-02-07 17:36:27,02a32ad2669e6fe298e607fe7cc0e1a0,american,1,1,1159.0,1,1159,1159,7.0,4.0,4.0,41.46666666666667,16,5,1,-0.8660254037844384,-0.5000000000000004,0,1159.0,1.0,0.5,3.0,0.5
6,2015-01-24 03:04:41,2015-01-24 03:48:30,ffedf5be3a86e2ee281d54cdc97bc1cf,mediterranean,3,1,2200.0,1,2200,2200,37.0,34.0,41.0,43.81666666666667,3,5,1,0.7071067811865475,0.7071067811865476,0,2200.0,1.0,0.8947368421052632,3.0,1.0789473684210527
1,2015-02-17 00:44:47,2015-02-17 01:22:59,9c378d1a05807d8cb9a0d28cd81e566d,chinese,2,2,2200.0,1,1100,1100,22.0,22.0,28.0,38.2,0,1,0,0.0,1.0,0,1100.0,2.0,0.9565217391304348,0.0,1.2173913043478262
4,2015-02-04 04:15:38,2015-02-04 05:13:32,0d73a25092e5c1c9769a9f3255caa65a,mexican,3,5,6099.0,5,390,1795,59.0,64.0,77.0,57.9,4,2,0,0.8660254037844386,0.5000000000000001,1405,1219.8,1.0,1.0666666666666667,0.0,1.2833333333333334
1,2015-01-30 03:10:11,2015-01-30 04:05:07,5655cf23be4dda7082c8bb3a8d8f8016,american,1,1,1850.0,1,1250,1250,45.0,48.0,65.0,54.93333333333333,3,4,0,0.7071067811865475,0.7071067811865476,0,1850.0,1.0,1.0434782608695652,0.0,1.4130434782608696
2,2015-02-03 04:34:54,2015-02-03 05:17:25,c31e46a74fb556fd7b53f8f6b186d5e9,mexican,5,2,1548.0,2,749,799,31.0,30.0,50.0,42.516666666666666,4,1,0,0.8660254037844386,0.5000000000000001,50,774.0,1.0,0.9375,1.0,1.5625
2,2015-02-06 19:51:23,2015-02-06 20:20:51,1d49780520898fe37f0cd6b41c5311bf,sandwich,5,3,2896.0,3,898,999,48.0,44.0,64.0,29.466666666666665,19,4,0,-0.9659258262890684,0.2588190451025203,101,965.3333333333334,1.0,0.8979591836734694,4.0,1.3061224489795917
2,2015-02-03 01:23:15,2015-02-03 02:05:06,cfecdb276f634854f3ef915e2e980c31,mexican,5,1,1144.0,1,799,799,60.0,59.0,95.0,41.85,1,1,0,0.25881904510252074,0.9659258262890683,0,1144.0,1.0,0.9672131147540983,1.0,1.5573770491803278
6,2015-01-22 03:23:42,2015-01-22 04:05:29,742141ceda6b8f6786609d31c8ef129f,indian,3,1,1100.0,1,900,900,37.0,34.0,41.0,41.78333333333333,3,3,0,0.7071067811865475,0.7071067811865476,0,1100.0,1.0,0.8947368421052632,3.0,1.0789473684210527
2,2015-02-03 21:17:46,2015-02-03 21:48:58,d903e9608cfbf08910611e4346a0ba44,other,3,2,1700.0,2,300,1200,39.0,42.0,57.0,31.2,21,1,0,-0.7071067811865477,0.7071067811865474,900,850.0,1.0,1.05,0.0,1.425
6,2015-02-02 21:35:03,2015-02-02 22:20:28,8e9cd83f2adcf2a064c2b35d3564e075,indian,3,5,3135.0,4,325,1095,37.0,34.0,41.0,45.416666666666664,21,0,0,-0.7071067811865477,0.7071067811865474,770,627.0,1.25,0.8947368421052632,3.0,1.0789473684210527
3,2015-02-08 22:59:18,2015-02-09 00:04:11,b7fede84c2be02ccb9c77107956560eb,chinese,4,1,770.0,1,580,580,20.0,18.0,19.0,64.88333333333334,22,6,1,-0.5000000000000004,0.8660254037844384,0,770.0,1.0,0.8571428571428571,2.0,0.9047619047619048
2,2015-02-13 22:37:23,2015-02-13 23:29:02,f26df67e8110ee2b44923db775e3e47f,pizza,5,2,2648.0,2,1099,1149,33.0,32.0,40.0,51.65,22,4,0,-0.5000000000000004,0.8660254037844384,50,1324.0,1.0,0.9411764705882353,1.0,1.1764705882352942
4,2015-01-25 00:08:03,2015-01-25 00:45:25,d2ed45a52bc0edfa11c2064e9edee8bf,japanese,3,4,4694.0,4,658,1819,57.0,82.0,39.0,37.36666666666667,0,6,1,0.0,1.0,1161,1173.5,1.0,1.4137931034482758,0.0,0.6724137931034483
3,2015-01-23 01:38:08,2015-01-23 03:16:19,66ad4d795e99fb554db14f094b47de9c,breakfast,4,5,2720.0,5,350,890,0.0,0.0,0.0,98.18333333333334,1,4,0,0.25881904510252074,0.9659258262890683,540,544.0,1.0,0.0,0.0,0.0
1,2015-01-28 21:55:15,2015-01-28 22:48:03,ba7e36c43aff315c00ec2b8625e3b719,japanese,1,1,1100.0,1,1100,1100,17.0,14.0,13.0,52.8,21,2,0,-0.7071067811865477,0.7071067811865474,0,1100.0,1.0,0.7777777777777778,3.0,0.7222222222222222
2,2015-02-01 03:04:20,2015-02-01 04:17:21,44766fb4dd4e4977e75a9321cbc6413e,american,1,3,2750.0,3,175,1275,41.0,41.0,80.0,73.01666666666667,3,6,1,0.7071067811865475,0.7071067811865476,1100,916.6666666666666,1.0,0.9761904761904762,0.0,1.9047619047619047
2,2015-02-08 04:51:13,2015-02-08 05:19:50,faacbcd5bf1d018912c116bf2783e9a1,mexican,5,2,1647.0,1,699,699,74.0,83.0,113.0,28.616666666666667,4,6,1,0.8660254037844386,0.5000000000000001,0,823.5,2.0,1.1066666666666667,0.0,1.5066666666666666
5,2015-01-24 03:04:28,2015-01-24 03:54:02,eb46c61f91aab8c2b002b288485fc118,other,1,3,3846.0,3,637,1704,54.0,48.0,66.0,49.56666666666667,3,5,1,0.7071067811865475,0.7071067811865476,1067,1282.0,1.0,0.8727272727272727,6.0,1.2
5,2015-02-08 02:59:25,2015-02-08 03:48:52,612b7f0d62f21fab8f0cbff2986fa81f,other,5,2,2000.0,2,700,1300,27.0,19.0,33.0,49.45,2,6,1,0.49999999999999994,0.8660254037844387,600,1000.0,1.0,0.6785714285714286,8.0,1.1785714285714286
1,2015-01-28 03:08:38,2015-01-28 03:40:08,28e209b61a52482a0ae1cb9f5959c792,other,3,1,945.0,1,645,645,14.0,15.0,28.0,31.5,3,2,0,0.7071067811865475,0.7071067811865476,0,945.0,1.0,1.0,0.0,1.8666666666666667
4,2015-02-11 03:55:48,2015-02-11 04:25:58,f47d0ad31c4c49061b9e505593e3db98,burger,5,2,2787.0,2,1272,1381,53.0,39.0,51.0,30.166666666666668,3,2,0,0.7071067811865475,0.7071067811865476,109,1393.5,1.0,0.7222222222222222,14.0,0.9444444444444444
6,2015-02-04 19:11:29,2015-02-04 20:07:19,bf5cd8b2509011b9502a72296edc14a0,japanese,4,4,722.0,2,125,199,45.0,38.0,52.0,55.833333333333336,19,2,0,-0.9659258262890684,0.2588190451025203,74,180.5,2.0,0.8260869565217391,7.0,1.1304347826086956
2,2015-01-25 02:40:00,2015-01-25 03:44:22,d860edd1dd83b36f02ce52bde626c653,thai,1,3,3585.0,3,995,1395,115.0,123.0,179.0,64.36666666666666,2,6,1,0.49999999999999994,0.8660254037844387,400,1195.0,1.0,1.0603448275862069,0.0,1.543103448275862
4,2015-02-01 03:33:03,2015-02-01 04:21:26,e165421110ba03099a1c0393373c5b43,burger,5,2,1498.0,2,349,989,90.0,89.0,151.0,48.38333333333333,3,6,1,0.7071067811865475,0.7071067811865476,640,749.0,1.0,0.978021978021978,1.0,1.6593406593406594
5,2015-02-15 03:51:17,2015-02-15 04:57:27,09a8a8976abcdfdee15128b4cc02f33a,other,1,2,1545.0,2,350,1195,27.0,26.0,44.0,66.16666666666667,3,6,1,0.7071067811865475,0.7071067811865476,845,772.5,1.0,0.9285714285714286,1.0,1.5714285714285714
5,2015-01-25 01:43:46,2015-01-25 02:47:09,8859a81bd114df94d9f432350c934f4a,other,5,6,9400.0,6,1200,2000,11.0,20.0,12.0,63.38333333333333,1,6,1,0.25881904510252074,0.9659258262890683,800,1566.6666666666667,1.0,1.6666666666666667,0.0,1.0
5,2015-01-21 22:23:28,2015-01-21 22:49:01,380a2d63cef1d5d702278e2b561e2e51,other,2,7,3425.0,4,350,450,12.0,6.0,6.0,25.55,22,2,0,-0.5000000000000004,0.8660254037844384,100,489.2857142857143,1.75,0.46153846153846156,6.0,0.46153846153846156
4,2015-02-06 02:22:12,2015-02-06 02:53:35,8f14e45fceea167a5a36dedd4bea2543,mediterranean,3,3,5485.0,3,1595,2095,129.0,97.0,160.0,31.383333333333333,2,4,0,0.49999999999999994,0.8660254037844387,500,1828.3333333333333,1.0,0.7461538461538462,32.0,1.2307692307692308
4,2015-02-12 05:09:24,2015-02-12 05:46:50,3e89ebdb49f712c7d90d1b39e348bbbf,italian,5,1,1700.0,1,1500,1500,33.0,39.0,44.0,37.43333333333333,5,3,0,0.9659258262890683,0.25881904510252074,0,1700.0,1.0,1.1470588235294117,0.0,1.2941176470588236
6,2015-01-31 20:34:34,2015-01-31 21:47:12,a7f3d45a6782bc654321c0a9bc92ca66,unknown,5,8,5310.0,8,495,745,37.0,34.0,41.0,72.63333333333334,20,5,1,-0.8660254037844386,0.5000000000000001,250,663.75,1.0,0.8947368421052632,3.0,1.0789473684210527
3,2015-02-07 20:27:16,2015-02-07 21:14:22,91db811b080f2bcfd928589f2414b7aa,greek,3,2,1023.0,2,212,807,37.0,34.0,41.0,47.1,20,5,1,-0.8660254037844386,0.5000000000000001,595,511.5,1.0,0.8947368421052632,3.0,1.0789473684210527
1,2015-02-06 20:12:51,2015-02-06 20:48:44,9ed017d7372360c256add7a8fe35a0a6,thai,5,2,2075.0,2,825,1250,37.0,34.0,41.0,35.88333333333333,20,4,0,-0.8660254037844386,0.5000000000000001,425,1037.5,1.0,0.8947368421052632,3.0,1.0789473684210527
2,2015-02-14 06:31:34,2015-02-14 07:12:14,85d8ce590ad8981ca2c8286f79f59954,sandwich,5,2,1825.0,2,755,755,36.0,34.0,37.0,40.666666666666664,6,5,1,1.0,6.123233995736766e-17,0,912.5,1.0,0.918918918918919,2.0,1.0
1,2015-01-27 19:52:19,2015-01-27 20:33:30,cc0991344c3d760ae42259064406bae1,pizza,3,4,5876.0,3,1099,1379,25.0,25.0,33.0,41.18333333333333,19,1,0,-0.9659258262890684,0.2588190451025203,280,1469.0,1.3333333333333333,0.9615384615384616,0.0,1.2692307692307692
3,2015-02-17 02:17:11,2015-02-17 03:12:48,b440369bceb6aecbd0ffa5b66301ca66,japanese,1,5,3100.0,2,300,1900,33.0,33.0,35.0,55.61666666666667,2,1,0,0.49999999999999994,0.8660254037844387,1600,620.0,2.5,0.9705882352941176,0.0,1.0294117647058822
2,2015-02-17 04:19:46,2015-02-17 04:50:16,bb36e395b063bec9205952807471e86a,burger,4,4,2325.0,3,275,675,55.0,49.0,46.0,30.5,4,1,0,0.8660254037844386,0.5000000000000001,400,581.25,1.3333333333333333,0.875,6.0,0.8214285714285714
4,2015-02-03 02:02:22,2015-02-03 03:22:49,4e62e752ae53fb6a6eebd0f6146aa702,other,3,4,4280.0,4,795,1395,68.0,67.0,132.0,80.45,2,1,0,0.49999999999999994,0.8660254037844387,600,1070.0,1.0,0.9710144927536232,1.0,1.9130434782608696
3,2015-02-07 02:01:50,2015-02-07 02:42:41,50f3f8c42b998a48057e9d33f4144b8b,mexican,1,1,2000.0,1,2000,2000,38.0,27.0,25.0,40.85,2,5,1,0.49999999999999994,0.8660254037844387,0,2000.0,1.0,0.6923076923076923,11.0,0.6410256410256411
3,2015-01-21 21:11:11,2015-01-21 21:53:02,1c232b7104ba423457cad015f7bb42c8,mexican,3,2,2410.0,1,815,815,3.0,1.0,1.0,41.85,21,2,0,-0.7071067811865477,0.7071067811865474,0,1205.0,2.0,0.25,2.0,0.25
4,2015-02-08 21:55:18,2015-02-08 22:23:56,cf2226ddd41b1a2d0ae51dab54d32c36,fast,3,1,918.0,1,559,559,44.0,42.0,49.0,28.633333333333333,21,6,1,-0.7071067811865477,0.7071067811865474,0,918.0,1.0,0.9333333333333333,2.0,1.0888888888888888
2,2015-02-01 22:59:56,2015-02-01 23:31:27,bc1ad6e8f86c42a371aff945535baebb,vietnamese,5,3,2500.0,3,480,880,32.0,27.0,21.0,31.516666666666666,22,6,1,-0.5000000000000004,0.8660254037844384,400,833.3333333333334,1.0,0.8181818181818182,5.0,0.6363636363636364
4,2015-02-04 02:34:07,2015-02-04 03:19:00,8860e834a67da41edd6ffe8a1c58fa55,other,3,1,975.0,1,775,775,9.0,6.0,8.0,44.88333333333333,2,2,0,0.49999999999999994,0.8660254037844387,0,975.0,1.0,0.6,3.0,0.8
4,2015-01-25 03:38:07,2015-01-25 04:31:27,d7657583058394c828ee150fada65345,dessert,2,1,2000.0,1,2000,2000,85.0,116.0,145.0,53.333333333333336,3,6,1,0.7071067811865475,0.7071067811865476,0,2000.0,1.0,1.3488372093023255,0.0,1.686046511627907
2,2015-01-31 05:53:56,2015-01-31 06:31:09,a4bd4d2b1cc64abf1fffb8103da2b890,american,1,1,1123.0,1,1123,1123,51.0,47.0,44.0,37.21666666666667,5,5,1,0.9659258262890683,0.25881904510252074,0,1123.0,1.0,0.9038461538461539,4.0,0.8461538461538461
2,2015-02-10 05:59:32,2015-02-10 06:26:05,7720dd1f89f149b7610d2607b7e7ee1c,american,1,3,3718.0,2,550,679,9.0,5.0,6.0,26.55,5,1,0,0.9659258262890683,0.25881904510252074,129,1239.3333333333333,1.5,0.5,4.0,0.6
4,2015-02-07 00:52:37,2015-02-07 01:45:35,4fac9ba115140ac4f1c22da82aa0bc7f,italian,5,2,3350.0,2,1500,1850,27.0,28.0,49.0,52.96666666666667,0,5,1,0.0,1.0,350,1675.0,1.0,1.0,0.0,1.75
4,2015-02-04 19:23:00,2015-02-04 20:37:00,45c48cce2e2d7fbdea1afc51c7c6ad26,salad,5,2,1760.0,2,770,990,65.0,66.0,139.0,74.0,19,2,0,-0.9659258262890684,0.2588190451025203,220,880.0,1.0,1.0,0.0,2.106060606060606
5,2015-02-05 03:34:38,2015-02-05 04:35:41,4bf9cd0c47aeb311049c6f5bafd85269,chinese,1,4,2615.0,4,625,1095,45.0,41.0,64.0,61.05,3,3,0,0.7071067811865475,0.7071067811865476,470,653.75,1.0,0.8913043478260869,4.0,1.391304347826087
4,2015-01-23 01:02:16,2015-01-23 01:33:20,c20ad4d76fe97759aa27a0c99bff6710,vietnamese,5,3,3620.0,3,750,875,72.0,52.0,55.0,31.066666666666666,1,4,0,0.25881904510252074,0.9659258262890683,125,1206.6666666666667,1.0,0.7123287671232876,20.0,0.7534246575342466
4,2015-01-29 02:31:23,2015-01-29 03:04:24,2723d092b63885e0d7c260cc007e8b9d,greek,5,1,2099.0,1,2099,2099,89.0,87.0,110.0,33.016666666666666,2,3,0,0.49999999999999994,0.8660254037844387,0,2099.0,1.0,0.9666666666666667,2.0,1.2222222222222223
5,2015-01-25 19:29:46,2015-01-25 20:13:47,a14fd85ebbd38dbeddf3cd65ba2c1da1,pizza,6,6,3410.0,4,251,884,16.0,12.0,26.0,44.016666666666666,19,6,1,-0.9659258262890684,0.2588190451025203,633,568.3333333333334,1.5,0.7058823529411765,4.0,1.5294117647058822
4,2015-01-30 02:21:54,2015-01-30 03:01:56,19f3cd308f1455b3fa09a282e0d496f4,italian,1,3,3800.0,2,800,1500,98.0,81.0,137.0,40.03333333333333,2,4,0,0.49999999999999994,0.8660254037844387,700,1266.6666666666667,1.5,0.8181818181818182,17.0,1.3838383838383839
2,2015-02-16 20:12:10,2015-02-16 21:24:10,77772713a7d7e02b10ca9bd90e4f6a31,sandwich,3,3,2497.0,2,749,849,47.0,46.0,80.0,72.0,20,0,0,-0.8660254037844386,0.5000000000000001,100,832.3333333333334,1.5,0.9583333333333334,1.0,1.6666666666666667
3,2015-01-29 01:50:24,2015-01-29 03:00:16,8b910e56415eb6bd1037b46e6e619c58,pizza,5,3,4915.0,3,995,1795,4.0,2.0,4.0,69.86666666666666,1,3,0,0.25881904510252074,0.9659258262890683,800,1638.3333333333333,1.0,0.4,2.0,0.8
3,2015-01-24 03:10:22,2015-01-24 03:36:32,e90acf987b0389430374a954671dc4bf,dessert,4,4,1176.0,4,109,849,35.0,28.0,24.0,26.166666666666668,3,5,1,0.7071067811865475,0.7071067811865476,740,294.0,1.0,0.7777777777777778,7.0,0.6666666666666666
4,2015-01-28 22:40:47,2015-01-28 23:18:54,421b3ac5c24ee992edd6087611c60dbb,pizza,5,1,1950.0,1,1700,1700,29.0,10.0,10.0,38.11666666666667,22,2,0,-0.5000000000000004,0.8660254037844384,0,1950.0,1.0,0.3333333333333333,19.0,0.3333333333333333
3,2015-02-18 03:30:43,2015-02-18 04:28:43,f2d457c33287d2cfe8320b10942aa5b9,japanese,4,2,2465.0,1,1195,1195,37.0,34.0,41.0,58.0,3,2,0,0.7071067811865475,0.7071067811865476,0,1232.5,2.0,0.8947368421052632,3.0,1.0789473684210527
3,2015-01-22 03:33:00,2015-01-22 04:21:58,65d21a7a6d0b2a830a6984823f17d4ce,pizza,5,2,4772.0,2,1299,1999,47.0,39.0,37.0,48.96666666666667,3,3,0,0.7071067811865475,0.7071067811865476,700,2386.0,1.0,0.8125,8.0,0.7708333333333334
4,2015-02-14 04:38:04,2015-02-14 05:25:31,6eb6e75fddec0218351dc5c0c8464104,other,3,2,1686.0,2,374,1328,100.0,74.0,105.0,47.45,4,5,1,0.8660254037844386,0.5000000000000001,954,843.0,1.0,0.7326732673267327,26.0,1.0396039603960396
4,2015-01-31 03:24:49,2015-01-31 04:19:26,24b43fb034a10d78bec71274033b4096,burger,4,3,1530.0,3,298,621,71.0,69.0,144.0,54.61666666666667,3,5,1,0.7071067811865475,0.7071067811865476,323,510.0,1.0,0.9583333333333334,2.0,2.0
4,2015-01-23 00:05:53,2015-01-23 00:37:11,4fac9ba115140ac4f1c22da82aa0bc7f,italian,5,2,2500.0,2,1000,1500,19.0,10.0,9.0,31.3,0,4,0,0.0,1.0,500,1250.0,1.0,0.5,9.0,0.45
2,2015-01-29 03:14:58,2015-01-29 03:51:20,013d407166ec4fa56eb1e1f8cbe183b9,chinese,1,2,2400.0,2,850,1550,97.0,90.0,132.0,36.36666666666667,3,3,0,0.7071067811865475,0.7071067811865476,700,1200.0,1.0,0.9183673469387755,7.0,1.346938775510204
3,2015-02-14 19:08:51,2015-02-14 19:56:25,d8074a35855a7f4935e3e19222d9a9eb,mexican,1,5,2725.0,4,219,959,16.0,7.0,8.0,47.56666666666667,19,5,1,-0.9659258262890684,0.2588190451025203,740,545.0,1.25,0.4117647058823529,9.0,0.47058823529411764
4,2015-02-03 02:03:50,2015-02-03 03:12:42,c203d8a151612acf12457e4d67635a95,thai,5,1,1250.0,1,1250,1250,68.0,67.0,132.0,68.86666666666666,2,1,0,0.49999999999999994,0.8660254037844387,0,1250.0,1.0,0.9710144927536232,1.0,1.9130434782608696
1,2015-01-29 03:57:39,2015-01-29 04:32:01,81d36e0c6ae485f2a087864badfdc202,vietnamese,1,6,2095.0,5,150,695,86.0,60.0,90.0,34.36666666666667,3,3,0,0.7071067811865475,0.7071067811865476,545,349.1666666666667,1.2,0.6896551724137931,26.0,1.0344827586206897
6,2015-02-11 04:18:00,2015-02-11 04:56:02,7c78335a8924215ea5c22fda1aac7b75,indian,3,5,2780.0,4,200,1295,37.0,34.0,41.0,38.03333333333333,4,2,0,0.8660254037844386,0.5000000000000001,1095,556.0,1.25,0.8947368421052632,3.0,1.0789473684210527
4,2015-02-05 04:24:45,2015-02-05 05:42:08,1679091c5a880faf6fb5e6087eb1b2dc,dessert,5,2,1655.0,2,255,1250,51.0,59.0,113.0,77.38333333333334,4,3,0,0.8660254037844386,0.5000000000000001,995,827.5,1.0,1.1346153846153846,0.0,2.173076923076923
5,2015-01-21 18:53:19,2015-01-21 19:19:42,dc70dcd4932bb0874226a3eb6d20b38d,sandwich,4,2,894.0,2,169,485,4.0,3.0,3.0,26.383333333333333,18,2,0,-1.0,-1.8369701987210297e-16,316,447.0,1.0,0.6,1.0,0.6
2,2015-01-28 04:03:36,2015-01-28 04:44:25,b54a39e62236c79ee0536b932f6e76b3,other,5,1,239.0,1,239,239,6.0,6.0,6.0,40.81666666666667,4,2,0,0.8660254037844386,0.5000000000000001,0,239.0,1.0,0.8571428571428571,0.0,0.8571428571428571
2,2015-01-25 04:05:53,2015-01-25 05:02:03,446ac7480f6cd015d176f8b3d28a03b5,pizza,3,1,1700.0,1,1700,1700,88.0,111.0,150.0,56.166666666666664,4,6,1,0.8660254037844386,0.5000000000000001,0,1700.0,1.0,1.247191011235955,0.0,1.6853932584269662
3,2015-02-01 03:01:50,2015-02-01 03:57:56,d8c24ca8f23c562a5600876ca2a550ce,american,3,9,6200.0,5,300,1000,34.0,34.0,24.0,56.1,3,6,1,0.7071067811865475,0.7071067811865476,700,688.8888888888889,1.8,0.9714285714285714,0.0,0.6857142857142857
2,2015-01-29 19:50:25,2015-01-29 20:33:07,356fbc3c3158bc7a5932461b635064a2,mediterranean,2,1,1169.0,1,745,745,64.0,60.0,85.0,42.7,19,3,0,-0.9659258262890684,0.2588190451025203,0,1169.0,1.0,0.9230769230769231,4.0,1.3076923076923077
4,2015-02-17 23:56:19,2015-02-18 00:28:13,dc5689792e08eb2e219dce49e64c885b,mediterranean,2,3,2840.0,3,550,1195,13.0,10.0,15.0,31.9,23,1,0,-0.25881904510252157,0.9659258262890681,645,946.6666666666666,1.0,0.7142857142857143,3.0,1.0714285714285714
4,2015-02-06 23:35:14,2015-02-07 00:11:30,a3f390d88e4c41f2747bfa2f1b5f87db,other,3,1,1550.0,1,1250,1250,20.0,21.0,29.0,36.266666666666666,23,4,0,-0.25881904510252157,0.9659258262890681,0,1550.0,1.0,1.0,0.0,1.380952380952381
4,2015-01-28 03:59:45,2015-01-28 04:41:36,cfbce4c1d7c425baf21d6b6f2babe6be,american,1,6,2250.0,2,250,1000,44.0,37.0,39.0,41.85,3,2,0,0.7071067811865475,0.7071067811865476,750,375.0,3.0,0.8222222222222222,7.0,0.8666666666666667
5,2015-02-14 04:30:45,2015-02-14 05:18:31,959776b99b006e5785c3a3364949ce47,italian,5,4,3496.0,4,849,899,58.0,42.0,60.0,47.766666666666666,4,5,1,0.8660254037844386,0.5000000000000001,50,874.0,1.0,0.711864406779661,16.0,1.0169491525423728
1,2015-02-06 01:48:02,2015-02-06 03:16:33,761b42cfff120aac30045f7a110d0256,japanese,1,4,4498.0,2,850,1399,47.0,43.0,48.0,88.51666666666667,1,4,0,0.25881904510252074,0.9659258262890683,549,1124.5,2.0,0.8958333333333334,4.0,1.0
4,2015-02-13 20:11:00,2015-02-13 20:49:55,1534b76d325a8f591b52d302e7181331,other,1,2,1017.0,2,199,619,66.0,65.0,96.0,38.916666666666664,20,4,0,-0.8660254037844386,0.5000000000000001,420,508.5,1.0,0.9701492537313433,1.0,1.4328358208955223
1,2015-02-15 01:49:46,2015-02-15 02:42:23,a098b2eb3138551138d127925d092d67,mexican,1,1,1370.0,1,1095,1095,24.0,24.0,19.0,52.61666666666667,1,6,1,0.25881904510252074,0.9659258262890683,0,1370.0,1.0,0.96,0.0,0.76
1,2015-01-30 03:12:53,2015-01-30 04:04:28,58d4d1e7b1e97b258c9ed0b37e02d087,pizza,5,1,1399.0,1,1399,1399,55.0,55.0,90.0,51.583333333333336,3,4,0,0.7071067811865475,0.7071067811865476,0,1399.0,1.0,0.9821428571428571,0.0,1.6071428571428572
4,2015-02-07 01:38:41,2015-02-07 02:36:25,d3d9446802a44259755d38e6d163e820,indian,5,4,1425.0,4,250,500,117.0,112.0,178.0,57.733333333333334,1,5,1,0.25881904510252074,0.9659258262890683,250,356.25,1.0,0.9491525423728814,5.0,1.5084745762711864
6,2015-02-12 02:27:35,2015-02-12 03:18:41,9d8df73a3cfbf3c5b47bc9b50f214aff,other,2,3,2695.0,3,800,1095,37.0,34.0,41.0,51.1,2,3,0,0.49999999999999994,0.8660254037844387,295,898.3333333333334,1.0,0.8947368421052632,3.0,1.0789473684210527
2,2015-02-18 03:38:19,2015-02-18 04:28:31,ad846fd1138e66a1cacd0fb4b8644671,pizza,3,1,800.0,1,800,800,52.0,52.0,65.0,50.2,3,2,0,0.7071067811865475,0.7071067811865476,0,800.0,1.0,0.9811320754716981,0.0,1.2264150943396226
3,2015-01-27 18:52:50,2015-01-27 19:34:21,ded081fcbbe6cda656e5bc51dfc6bbfa,american,1,8,5030.0,8,295,975,2.0,1.0,0.0,41.516666666666666,18,1,0,-1.0,-1.8369701987210297e-16,680,628.75,1.0,0.3333333333333333,1.0,0.0
4,2015-01-24 04:36:15,2015-01-24 05:19:20,12ced2db6f0193dda91ba86224ea1cd8,american,3,2,1665.0,2,695,970,86.0,100.0,113.0,43.083333333333336,4,5,1,0.8660254037844386,0.5000000000000001,275,832.5,1.0,1.1494252873563218,0.0,1.2988505747126438
4,2015-01-26 20:17:35,2015-01-26 21:23:33,4397a09c4cb35e85a293b857c53c00ca,italian,3,3,2198.0,3,899,1299,29.0,39.0,44.0,65.96666666666667,20,0,0,-0.8660254037844386,0.5000000000000001,400,732.6666666666666,1.0,1.3,0.0,1.4666666666666666
2,2015-02-15 20:26:09,2015-02-15 20:55:55,a1fd487c17abda06cc8e7a1353e791ff,sandwich,3,1,1018.0,1,479,479,29.0,28.0,46.0,29.766666666666666,20,6,1,-0.8660254037844386,0.5000000000000001,0,1018.0,1.0,0.9333333333333333,1.0,1.5333333333333334
3,2015-02-13 20:09:12,2015-02-13 20:53:13,7c6c8cbaba5894074d4ce2e7b748a206,fast,1,1,810.0,1,655,655,0.0,0.0,0.0,44.016666666666666,20,4,0,-0.8660254037844386,0.5000000000000001,0,810.0,1.0,0.0,0.0,0.0
2,2015-02-01 04:16:07,2015-02-01 05:09:27,faacbcd5bf1d018912c116bf2783e9a1,mexican,5,2,3236.0,1,999,999,94.0,96.0,166.0,53.333333333333336,4,6,1,0.8660254037844386,0.5000000000000001,0,1618.0,2.0,1.0105263157894737,0.0,1.7473684210526317
2,2015-02-17 01:26:23,2015-02-17 02:08:56,fd4d801731725513a4d77aa9bb35534b,other,1,2,1049.0,2,399,650,72.0,72.0,83.0,42.55,1,1,0,0.25881904510252074,0.9659258262890683,251,524.5,1.0,0.9863013698630136,0.0,1.1369863013698631
1,2015-01-26 00:59:20,2015-01-26 02:26:49,4915f20d2c36611cb101e95e5c34b4e7,other,5,8,3512.0,5,198,520,3.0,4.0,8.0,87.48333333333333,0,0,0,0.0,1.0,322,439.0,1.6,1.0,0.0,2.0
2,2015-02-15 02:31:05,2015-02-15 03:26:20,34da6a962eea0b40287791e44c671be6,sandwich,5,3,2818.0,3,275,1221,125.0,116.0,198.0,55.25,2,6,1,0.49999999999999994,0.8660254037844387,946,939.3333333333334,1.0,0.9206349206349206,9.0,1.5714285714285714
2,2015-01-24 03:07:56,2015-01-24 04:26:52,819f46e52c25763a55cc642422644317,other,3,2,1990.0,2,995,995,94.0,104.0,188.0,78.93333333333334,3,5,1,0.7071067811865475,0.7071067811865476,0,995.0,1.0,1.0947368421052632,0.0,1.9789473684210526
4,2015-02-14 02:19:45,2015-02-14 03:09:22,d3d9446802a44259755d38e6d163e820,indian,5,3,3940.0,3,695,1695,116.0,116.0,184.0,49.61666666666667,2,5,1,0.49999999999999994,0.8660254037844387,1000,1313.3333333333333,1.0,0.9914529914529915,0.0,1.5726495726495726
2,2015-02-06 01:45:21,2015-02-06 02:23:25,c52f1bd66cc19d05628bd8bf27af3ad6,pizza,5,1,1350.0,1,1350,1350,137.0,89.0,94.0,38.06666666666667,1,4,0,0.25881904510252074,0.9659258262890683,0,1350.0,1.0,0.644927536231884,48.0,0.6811594202898551
3,2015-01-21 18:55:44,2015-01-21 19:19:32,362387494f6be6613daea643a7706a42,sandwich,5,2,1900.0,1,950,950,18.0,5.0,5.0,23.8,18,2,0,-1.0,-1.8369701987210297e-16,0,950.0,2.0,0.2631578947368421,13.0,0.2631578947368421
3,2015-02-15 00:40:50,2015-02-15 01:18:39,b5b8c484824d8a06f4f3d570bc420313,other,1,5,6590.0,3,995,1600,15.0,9.0,8.0,37.81666666666667,0,6,1,0.0,1.0,605,1318.0,1.6666666666666667,0.5625,6.0,0.5
3,2015-02-11 04:34:36,2015-02-11 05:21:06,0ead0dd9d2b345a1fe8507437245d8f8,fast,4,4,1558.0,4,265,549,15.0,17.0,19.0,46.5,4,2,0,0.8660254037844386,0.5000000000000001,284,389.5,1.0,1.0625,0.0,1.1875
4,2015-01-24 22:19:00,2015-01-24 23:08:41,6e2eec9ca19c076736d19ac5426473af,pizza,3,2,1978.0,2,729,1249,36.0,63.0,42.0,49.68333333333333,22,5,1,-0.5000000000000004,0.8660254037844384,520,989.0,1.0,1.7027027027027026,0.0,1.135135135135135
2,2015-01-28 20:08:19,2015-01-28 21:25:23,c56a022b15250525f8b9bdfc41a13152,pizza,3,1,820.0,1,745,745,54.0,55.0,80.0,77.06666666666666,20,2,0,-0.8660254037844386,0.5000000000000001,0,820.0,1.0,1.0,0.0,1.4545454545454546
1,2015-02-06 02:22:25,2015-02-06 02:46:37,c5fe17b7a8d023ade2bbb05e574eef78,mediterranean,5,1,1325.0,1,925,925,63.0,61.0,69.0,24.2,2,4,0,0.49999999999999994,0.8660254037844387,0,1325.0,1.0,0.953125,2.0,1.078125
2,2015-02-13 04:14:09,2015-02-13 05:18:55,34be90676412d14c80f85809d8e3b97b,indian,2,4,3596.0,2,599,999,59.0,57.0,83.0,64.76666666666667,4,4,0,0.8660254037844386,0.5000000000000001,400,899.0,2.0,0.95,2.0,1.3833333333333333
4,2015-02-03 02:16:52,2015-02-03 03:08:21,060ad92489947d410d897474079c1477,other,3,4,2935.0,4,250,895,67.0,68.0,114.0,51.483333333333334,2,1,0,0.49999999999999994,0.8660254037844387,645,733.75,1.0,1.0,0.0,1.6764705882352942
1,2015-02-06 02:58:21,2015-02-06 04:02:18,1b5230e3ea6d7123847ad55a1e06fffd,pizza,3,1,1499.0,1,1099,1099,63.0,60.0,64.0,63.95,2,4,0,0.49999999999999994,0.8660254037844387,0,1499.0,1.0,0.9375,3.0,1.0
2,2015-01-30 04:29:04,2015-01-30 05:21:54,149e9677a5989fd342ae44213df68868,dessert,1,3,3640.0,3,995,1495,58.0,49.0,53.0,52.833333333333336,4,4,0,0.8660254037844386,0.5000000000000001,500,1213.3333333333333,1.0,0.8305084745762712,9.0,0.8983050847457628
4,2015-01-23 04:40:49,2015-01-23 05:09:25,3dd48ab31d016ffcbf3314df2b3cb9ce,greek,3,4,1925.0,4,150,1350,59.0,56.0,51.0,28.6,4,4,0,0.8660254037844386,0.5000000000000001,1200,481.25,1.0,0.9333333333333333,3.0,0.85
3,2015-02-10 02:57:11,2015-02-10 03:41:59,d71fa38b648d86602d14ac610f2e6194,japanese,2,2,1898.0,2,699,1199,30.0,27.0,27.0,44.8,2,1,0,0.49999999999999994,0.8660254037844387,500,949.0,1.0,0.8709677419354839,3.0,0.8709677419354839
2,2015-01-27 23:32:07,2015-01-27 23:55:35,a3a3e8b30dd6eadfc78c77bb2b8e6b60,vietnamese,5,2,1420.0,2,482,880,12.0,13.0,16.0,23.466666666666665,23,1,0,-0.25881904510252157,0.9659258262890681,398,710.0,1.0,1.0,0.0,1.2307692307692308
1,2015-02-07 03:20:13,2015-02-07 04:01:43,58e4d44e550d0f7ee0a23d6b02d9b0db,american,1,2,1700.0,2,550,1150,58.0,57.0,82.0,41.5,3,5,1,0.7071067811865475,0.7071067811865476,600,850.0,1.0,0.9661016949152542,1.0,1.3898305084745763
3,2015-01-28 18:35:34,2015-01-28 19:31:04,a3f61f3a8034cbfb5ecf0d785e750fb3,breakfast,1,9,10851.275000000023,4,1063,1328,16.0,7.0,19.0,55.5,18,2,0,-1.0,-1.8369701987210297e-16,265,1205.6972222222248,2.25,0.4117647058823529,9.0,1.1176470588235294
6,2015-02-16 03:59:44,2015-02-16 04:44:54,2d69a2b7a27852c89b6bcafc83d1ec72,other,1,1,1025.0,1,700,700,37.0,34.0,41.0,45.166666666666664,3,0,0,0.7071067811865475,0.7071067811865476,0,1025.0,1.0,0.8947368421052632,3.0,1.0789473684210527
4,2015-02-08 03:32:34,2015-02-08 04:18:14,d364a623a35bc2f4768a568638aff687,dessert,2,2,1156.0,1,499,499,69.0,65.0,108.0,45.666666666666664,3,6,1,0.7071067811865475,0.7071067811865476,0,578.0,2.0,0.9285714285714286,4.0,1.542857142857143
1,2015-02-04 20:03:24,2015-02-04 20:57:53,b1301141feffabac455e1f90a7de2054,chinese,1,2,2028.0,2,1052,1043,24.0,24.0,34.0,54.483333333333334,20,2,0,-0.8660254037844386,0.5000000000000001,-9,1014.0,1.0,0.96,0.0,1.36
6,2015-02-07 02:20:18,2015-02-07 03:04:40,878a0658e652765c4979dba411787e43,mediterranean,3,1,875.0,1,875,875,37.0,34.0,41.0,44.36666666666667,2,5,1,0.49999999999999994,0.8660254037844387,0,875.0,1.0,0.8947368421052632,3.0,1.0789473684210527
3,2015-02-10 23:35:24,2015-02-11 00:21:48,761a0c714184cab2456d17bdfbb8d550,fast,1,1,700.0,1,700,700,10.0,7.0,6.0,46.4,23,1,0,-0.25881904510252157,0.9659258262890681,0,700.0,1.0,0.6363636363636364,3.0,0.5454545454545454
2,2015-01-24 02:39:21,2015-01-24 03:35:39,2418c4e3de622a573d9233ad9ab707a3,sandwich,3,2,2050.0,1,565,565,131.0,125.0,210.0,56.3,2,5,1,0.49999999999999994,0.8660254037844387,0,1025.0,2.0,0.946969696969697,6.0,1.5909090909090908
6,2015-02-13 03:26:25,2015-02-13 04:08:40,3349958a3e56580d4e415da345703886,sandwich,3,3,2397.0,3,599,899,37.0,34.0,41.0,42.25,3,4,0,0.7071067811865475,0.7071067811865476,300,799.0,1.0,0.8947368421052632,3.0,1.0789473684210527
3,2015-02-06 00:51:04,2015-02-06 01:10:36,8b910e56415eb6bd1037b46e6e619c58,pizza,5,2,2125.0,2,350,1400,4.0,0.0,0.0,19.533333333333335,0,4,0,0.0,1.0,1050,1062.5,1.0,0.0,4.0,0.0
4,2015-02-09 04:40:01,2015-02-09 05:32:01,55a7cf9c71f1c9c495413f934dd1a158,indian,3,10,4995.0,8,200,799,50.0,52.0,59.0,52.0,4,0,0,0.8660254037844386,0.5000000000000001,599,499.5,1.25,1.0196078431372548,0.0,1.1568627450980393
3,2015-01-25 04:03:37,2015-01-25 05:00:15,dc0c398086fee58f9d64e1e47aa4e586,american,1,2,1150.0,2,375,775,9.0,8.0,13.0,56.63333333333333,4,6,1,0.8660254037844386,0.5000000000000001,400,575.0,1.0,0.8,1.0,1.3
1,2015-02-16 20:15:05,2015-02-16 21:01:27,1b5230e3ea6d7123847ad55a1e06fffd,pizza,3,2,2340.0,2,995,1345,29.0,28.0,40.0,46.36666666666667,20,0,0,-0.8660254037844386,0.5000000000000001,350,1170.0,1.0,0.9333333333333333,1.0,1.3333333333333333
4,2015-01-26 01:58:25,2015-01-26 02:20:52,4e732ced3463d06de0ca9a15b6153677,mexican,3,2,2067.0,2,782,1085,70.0,115.0,46.0,22.45,1,0,0,0.25881904510252074,0.9659258262890683,303,1033.5,1.0,1.619718309859155,0.0,0.647887323943662
1,2015-02-03 03:06:27,2015-02-03 04:07:58,cd89fef7ffdd490db800357f47722b20,fast,5,2,2875.0,2,1300,1575,72.0,75.0,158.0,61.516666666666666,3,1,0,0.7071067811865475,0.7071067811865476,275,1437.5,1.0,1.0273972602739727,0.0,2.164383561643836
5,2015-02-16 03:22:38,2015-02-16 04:17:47,1e7875cf32d306989d80c14308f3a099,japanese,1,2,2590.0,2,1295,1295,20.0,20.0,37.0,55.15,3,0,0,0.7071067811865475,0.7071067811865476,0,1295.0,1.0,0.9523809523809523,0.0,1.7619047619047619
3,2015-02-15 19:02:17,2015-02-15 20:00:41,9c9621326ed9355530395015643f8af5,other,4,5,1265.0,3,179,329,11.0,7.0,7.0,58.4,19,6,1,-0.9659258262890684,0.2588190451025203,150,253.0,1.6666666666666667,0.5833333333333334,4.0,0.5833333333333334
1,2015-02-12 21:35:40,2015-02-12 22:31:53,0a51f21be1788c647ab965b12af2820c,salad,5,3,1850.0,3,300,950,14.0,23.0,39.0,56.21666666666667,21,3,0,-0.7071067811865477,0.7071067811865474,650,616.6666666666666,1.0,1.5333333333333334,0.0,2.6
4,2015-01-30 23:24:52,2015-01-31 00:19:25,07e1cd7dca89a1678042477183b7ac3f,burger,5,1,1627.0,1,1348,1355,28.0,22.0,28.0,54.55,23,4,0,-0.25881904510252157,0.9659258262890681,7,1627.0,1.0,0.7586206896551724,6.0,0.9655172413793104
2,2015-01-31 03:10:42,2015-01-31 04:17:52,11b9842e0a271ff252c1903e7132cd68,pizza,1,3,4890.0,3,1050,1945,113.0,107.0,201.0,67.16666666666667,3,5,1,0.7071067811865475,0.7071067811865476,895,1630.0,1.0,0.9385964912280702,6.0,1.763157894736842
2,2015-02-08 00:05:43,2015-02-08 00:41:10,13f9896df61279c928f19721878fac41,other,2,1,2275.0,1,2275,2275,52.0,43.0,43.0,35.45,0,6,1,0.0,1.0,0,2275.0,1.0,0.8113207547169812,9.0,0.8113207547169812
4,2015-01-30 23:38:47,2015-01-31 00:10:08,eb9fc349601c69352c859c1faa287874,other,4,4,1450.0,3,175,345,20.0,19.0,23.0,31.35,23,4,0,-0.25881904510252157,0.9659258262890681,170,362.5,1.3333333333333333,0.9047619047619048,1.0,1.0952380952380953
1,2015-02-05 00:17:35,2015-02-05 00:53:54,009c434cab57de48a31f6b669e7ba266,salad,5,2,1235.0,2,450,550,16.0,14.0,13.0,36.31666666666667,0,3,0,0.0,1.0,100,617.5,1.0,0.8235294117647058,2.0,0.7647058823529411
4,2015-02-10 20:44:49,2015-02-10 21:23:02,877a9ba7a98f75b90a9d49f53f15a858,japanese,1,2,1525.0,2,725,800,56.0,61.0,95.0,38.21666666666667,20,1,0,-0.8660254037844386,0.5000000000000001,75,762.5,1.0,1.0701754385964912,0.0,1.6666666666666667
4,2015-02-14 01:39:17,2015-02-14 03:12:47,33e75ff09dd601bbe69f351039152189,thai,5,3,2974.0,3,899,1050,102.0,97.0,172.0,93.5,1,5,1,0.25881904510252074,0.9659258262890683,151,991.3333333333334,1.0,0.941747572815534,5.0,1.6699029126213591
5,2015-02-10 21:01:46,2015-02-10 21:31:56,5f6eb0809f31e88067e51bfd2bb0c50e,dessert,1,3,1000.0,3,195,570,15.0,8.0,8.0,30.166666666666668,21,1,0,-0.7071067811865477,0.7071067811865474,375,333.3333333333333,1.0,0.5,7.0,0.5
2,2015-01-31 03:20:20,2015-01-31 04:18:19,2421fcb1263b9530df88f7f002e78ea5,pizza,1,1,1725.0,1,1725,1725,113.0,111.0,193.0,57.983333333333334,3,5,1,0.7071067811865475,0.7071067811865476,0,1725.0,1.0,0.9736842105263158,2.0,1.6929824561403508
4,2015-02-11 21:22:54,2015-02-11 22:00:38,d709f38ef758b5066ef31b18039b8ce5,other,5,2,1049.0,2,150,899,31.0,36.0,41.0,37.733333333333334,21,2,0,-0.7071067811865477,0.7071067811865474,749,524.5,1.0,1.125,0.0,1.28125
2,2015-02-15 21:41:41,2015-02-15 22:12:45,2418c4e3de622a573d9233ad9ab707a3,sandwich,3,3,1093.0,2,249,595,73.0,65.0,88.0,31.066666666666666,21,6,1,-0.7071067811865477,0.7071067811865474,346,364.3333333333333,1.5,0.8783783783783784,8.0,1.1891891891891893
3,2015-01-22 20:15:51,2015-01-22 20:47:29,250dd56814ad7c50971ee4020519c6f5,other,1,2,770.0,2,375,395,24.0,25.0,27.0,31.633333333333333,20,3,0,-0.8660254037844386,0.5000000000000001,20,385.0,1.0,1.0,0.0,1.08
2,2015-02-02 01:04:31,2015-02-02 01:42:04,26e359e83860db1d11b6acca57d8ea88,sandwich,3,3,2697.0,3,799,949,64.0,58.0,81.0,37.55,1,0,0,0.25881904510252074,0.9659258262890683,150,899.0,1.0,0.8923076923076924,6.0,1.2461538461538462
1,2015-02-15 05:22:53,2015-02-15 06:05:19,4b04a686b0ad13dce35fa99fa4161c65,indian,3,2,2073.0,2,975,1098,42.0,41.0,54.0,42.43333333333333,5,6,1,0.9659258262890683,0.25881904510252074,123,1036.5,1.0,0.9534883720930233,1.0,1.255813953488372
1,2015-02-15 05:07:43,2015-02-15 06:17:38,05a70454516ecd9194c293b0e415777f,japanese,1,1,1100.0,1,1100,1100,0.0,0.0,0.0,69.91666666666667,5,6,1,0.9659258262890683,0.25881904510252074,0,1100.0,1.0,0.0,0.0,0.0
4,2015-01-31 03:10:47,2015-01-31 03:46:47,0336dcbab05b9d5ad24f4333c7658a0e,thai,1,2,2227.0,2,656,1150,132.0,122.0,228.0,36.0,3,5,1,0.7071067811865475,0.7071067811865476,494,1113.5,1.0,0.9172932330827067,10.0,1.7142857142857142
1,2015-02-17 20:20:25,2015-02-17 21:30:06,c8ffe9a587b126f152ed3d89a146b445,american,5,3,1424.0,3,150,850,92.0,91.0,186.0,69.68333333333334,20,1,0,-0.8660254037844386,0.5000000000000001,700,474.6666666666667,1.0,0.978494623655914,1.0,2.0
4,2015-02-16 21:16:14,2015-02-16 21:46:26,98f13708210194c475687be6106a3b84,mediterranean,2,5,6185.0,4,950,1350,52.0,37.0,42.0,30.2,21,0,0,-0.7071067811865477,0.7071067811865474,400,1237.0,1.25,0.6981132075471698,15.0,0.7924528301886793
1,2015-01-27 02:57:33,2015-01-27 04:05:48,24f0d2c90473b2bc949ad962e61d9bcb,italian,1,4,6400.0,4,900,2300,25.0,25.0,38.0,68.25,2,1,0,0.49999999999999994,0.8660254037844387,1400,1600.0,1.0,0.9615384615384616,0.0,1.4615384615384615
2,2015-01-24 00:26:25,2015-01-24 01:02:19,b4df9f494056d51f86c7f1a89850c467,american,2,3,4608.0,3,1308,1668,31.0,31.0,37.0,35.9,0,5,1,0.0,1.0,360,1536.0,1.0,0.96875,0.0,1.15625
2,2015-01-27 21:34:25,2015-01-27 22:01:46,d81f9c1be2e08964bf9f24b15f0e4900,thai,3,1,895.0,1,895,895,47.0,42.0,44.0,27.35,21,1,0,-0.7071067811865477,0.7071067811865474,0,895.0,1.0,0.875,5.0,0.9166666666666666
5,2015-02-17 02:18:38,2015-02-17 03:03:24,e05e2327a8ceada096724afc802bbf7e,pizza,1,4,4700.0,2,950,1400,47.0,44.0,52.0,44.766666666666666,2,1,0,0.49999999999999994,0.8660254037844387,450,1175.0,2.0,0.9166666666666666,3.0,1.0833333333333333
4,2015-02-15 05:19:19,2015-02-15 06:00:43,e34376937c784505d9b4fcd980c2f1ce,pizza,3,1,1600.0,1,1600,1600,43.0,43.0,52.0,41.4,5,6,1,0.9659258262890683,0.25881904510252074,0,1600.0,1.0,0.9772727272727273,0.0,1.1818181818181819
5,2015-02-15 02:23:00,2015-02-15 03:21:22,ba0c22ae21290ef88181d910254d9ac8,unknown,1,5,4889.0,5,253,1380,21.0,22.0,43.0,58.36666666666667,2,6,1,0.49999999999999994,0.8660254037844387,1127,977.8,1.0,1.0,0.0,1.9545454545454546
6,2015-02-04 02:33:04,2015-02-04 03:08:34,3f332c6d5115412c25d90fb4b5028a18,sandwich,1,3,2950.0,2,300,1450,37.0,34.0,41.0,35.5,2,2,0,0.49999999999999994,0.8660254037844387,1150,983.3333333333334,1.5,0.8947368421052632,3.0,1.0789473684210527
6,2015-01-23 04:39:20,2015-01-23 05:27:37,6789a028871524be3a84e0c3490b4177,japanese,2,1,1200.0,1,1200,1200,37.0,34.0,41.0,48.28333333333333,4,4,0,0.8660254037844386,0.5000000000000001,0,1200.0,1.0,0.8947368421052632,3.0,1.0789473684210527
3,2015-01-23 21:40:47,2015-01-23 22:06:46,274e6fcf4a583de4a81c6376f17673e7,other,3,1,795.0,1,795,795,17.0,9.0,9.0,25.983333333333334,21,4,0,-0.7071067811865477,0.7071067811865474,0,795.0,1.0,0.5,8.0,0.5
5,2015-02-02 20:53:23,2015-02-02 21:43:30,1af2f80dc87577a2c309b3ee992a07c5,other,1,3,1800.0,3,550,650,11.0,6.0,8.0,50.11666666666667,20,0,0,-0.8660254037844386,0.5000000000000001,100,600.0,1.0,0.5,5.0,0.6666666666666666
5,2015-02-14 18:23:34,2015-02-14 18:54:36,b2dc449578a4744a1684d3b0ea933702,american,1,7,3251.0,4,527,672,17.0,16.0,7.0,31.033333333333335,18,5,1,-1.0,-1.8369701987210297e-16,145,464.42857142857144,1.75,0.8888888888888888,1.0,0.3888888888888889
1,2015-02-12 20:58:35,2015-02-12 21:40:05,68e4593563e1b425a7717504bca103d6,mediterranean,5,2,2645.0,2,525,1795,26.0,28.0,37.0,41.5,20,3,0,-0.8660254037844386,0.5000000000000001,1270,1322.5,1.0,1.037037037037037,0.0,1.3703703703703705
5,2015-01-24 03:22:58,2015-01-24 04:32:58,b23c5765e165d83aa924fa8f13c05f25,american,3,2,1900.0,2,500,1100,20.0,18.0,26.0,70.0,3,5,1,0.7071067811865475,0.7071067811865476,600,950.0,1.0,0.8571428571428571,2.0,1.2380952380952381
5,2015-02-06 23:12:20,2015-02-06 23:43:36,934a966c733eda15d17c38e6456b4571,chinese,4,5,2210.0,4,160,710,10.0,6.0,7.0,31.266666666666666,23,4,0,-0.25881904510252157,0.9659258262890681,550,442.0,1.25,0.5454545454545454,4.0,0.6363636363636364
4,2015-02-03 00:18:32,2015-02-03 01:26:56,31c0c178a9fc26ffecffd8670e6d746d,chinese,4,2,1310.0,2,600,710,26.0,22.0,21.0,68.4,0,1,0,0.0,1.0,110,655.0,1.0,0.8148148148148148,4.0,0.7777777777777778
2,2015-01-25 02:19:47,2015-01-25 03:14:07,fe73f687e5bc5280214e0486b273a5f9,vietnamese,5,4,2865.0,4,125,950,110.0,115.0,164.0,54.333333333333336,2,6,1,0.49999999999999994,0.8660254037844387,825,716.25,1.0,1.0360360360360361,0.0,1.4774774774774775
1,2015-02-01 01:55:11,2015-02-01 02:33:20,0c5534f554a26f7aeb7c780e12bb1525,unknown,4,2,1500.0,2,400,1100,10.0,8.0,6.0,38.15,1,6,1,0.25881904510252074,0.9659258262890683,700,750.0,1.0,0.7272727272727273,2.0,0.5454545454545454
4,2015-02-05 01:56:53,2015-02-05 02:36:49,4b04a686b0ad13dce35fa99fa4161c65,italian,2,4,3916.0,4,725,1248,85.0,63.0,103.0,39.93333333333333,1,3,0,0.25881904510252074,0.9659258262890683,523,979.0,1.0,0.7325581395348837,22.0,1.197674418604651
5,2015-02-03 01:32:11,2015-02-03 02:09:21,8c3c84fa802aaf387ce21cc596e9c712,pizza,2,2,2600.0,2,600,2000,14.0,14.0,22.0,37.166666666666664,1,1,0,0.25881904510252074,0.9659258262890683,1400,1300.0,1.0,0.9333333333333333,0.0,1.4666666666666666
3,2015-02-04 20:14:55,2015-02-04 21:21:03,db0cf003e7db9592288d809665cfeb2a,mexican,3,12,10085.0,6,46,900,37.0,34.0,41.0,66.13333333333334,20,2,0,-0.8660254037844386,0.5000000000000001,854,840.4166666666666,2.0,0.8947368421052632,3.0,1.0789473684210527
6,2015-02-15 02:50:43,2015-02-15 03:28:25,d523773c6b194f37b938d340d5d02232,other,1,2,1650.0,2,300,1350,71.0,70.0,128.0,37.7,2,6,1,0.49999999999999994,0.8660254037844387,1050,825.0,1.0,0.9722222222222222,1.0,1.7777777777777777
1,2015-02-07 02:46:02,2015-02-07 03:46:21,cb4b69eb9bd10da82c15dca2f86a1385,american,5,2,1350.0,2,625,725,70.0,70.0,86.0,60.31666666666667,2,5,1,0.49999999999999994,0.8660254037844387,100,675.0,1.0,0.9859154929577465,0.0,1.2112676056338028
3,2015-02-08 22:00:48,2015-02-08 22:40:01,743a3892f8ced95e1fab16fc98a9f3e3,sandwich,5,3,1736.0,3,369,699,17.0,19.0,22.0,39.21666666666667,22,6,1,-0.5000000000000004,0.8660254037844384,330,578.6666666666666,1.0,1.0555555555555556,0.0,1.2222222222222223
4,2015-01-22 23:54:29,2015-01-23 00:32:54,093f65e080a295f8076b1c5722a46aa2,vietnamese,5,1,910.0,1,710,710,24.0,22.0,29.0,38.416666666666664,23,3,0,-0.25881904510252157,0.9659258262890681,0,910.0,1.0,0.88,2.0,1.16
4,2015-02-07 20:48:31,2015-02-07 21:28:51,f7177163c833dff4b38fc8d2872f1ec6,dessert,5,2,1470.0,2,325,1095,50.0,50.0,55.0,40.333333333333336,20,5,1,-0.8660254037844386,0.5000000000000001,770,735.0,1.0,0.9803921568627451,0.0,1.0784313725490196
1,2015-02-01 20:56:51,2015-02-01 21:56:25,ae5e3ce40e0404a45ecacaaf05e5f735,breakfast,5,2,2245.0,2,795,1450,9.0,9.0,17.0,59.56666666666667,20,6,1,-0.8660254037844386,0.5000000000000001,655,1122.5,1.0,0.9,0.0,1.7
1,2015-01-27 04:52:21,2015-01-27 05:36:51,d87ca511e2a8593c8039ef732f5bffed,chinese,1,3,1800.0,3,100,1000,10.0,12.0,15.0,44.5,4,1,0,0.8660254037844386,0.5000000000000001,900,600.0,1.0,1.0909090909090908,0.0,1.3636363636363635
1,2015-02-02 01:21:27,2015-02-02 02:30:17,79da9938d61a8bb4ddeead82d229441a,burger,5,2,1600.0,2,500,1100,6.0,6.0,9.0,68.83333333333333,1,0,0,0.25881904510252074,0.9659258262890683,600,800.0,1.0,0.8571428571428571,0.0,1.2857142857142858
1,2015-02-13 01:36:06,2015-02-13 02:15:26,4d5b995358e7798bc7e9d9db83c612a5,salad,3,3,2715.0,2,525,1095,13.0,13.0,19.0,39.333333333333336,1,4,0,0.25881904510252074,0.9659258262890683,570,905.0,1.5,0.9285714285714286,0.0,1.3571428571428572
1,2015-02-13 21:11:54,2015-02-13 21:35:23,5cce8dede893813f879b873962fb669f,american,5,1,1230.0,1,1150,1150,25.0,25.0,24.0,23.483333333333334,21,4,0,-0.7071067811865477,0.7071067811865474,0,1230.0,1.0,0.9615384615384616,0.0,0.9230769230769231
1,2015-01-31 01:41:14,2015-01-31 02:16:07,013a006f03dbc5392effeb8f18fda755,other,1,2,1498.0,2,199,1299,13.0,12.0,13.0,34.88333333333333,1,5,1,0.25881904510252074,0.9659258262890683,1100,749.0,1.0,0.8571428571428571,1.0,0.9285714285714286
3,2015-02-15 04:01:40,2015-02-15 05:00:37,2202cd8f3d1cd174f6675fb138f652e3,american,4,1,749.0,1,830,840,47.0,47.0,56.0,58.95,4,6,1,0.8660254037844386,0.5000000000000001,10,749.0,1.0,0.9791666666666666,0.0,1.1666666666666667
4,2015-01-21 22:37:02,2015-01-21 23:02:01,69d1fc78dbda242c43ad6590368912d4,other,3,2,2000.0,2,700,1300,20.0,9.0,11.0,24.983333333333334,22,2,0,-0.5000000000000004,0.8660254037844384,600,1000.0,1.0,0.42857142857142855,11.0,0.5238095238095238
1,2015-02-06 17:41:07,2015-02-06 18:22:11,226cbfcc90fe1b72bb5bccf83ed665d9,unknown,4,2,550.0,1,125,125,4.0,2.0,2.0,41.06666666666667,17,4,0,-0.9659258262890683,-0.25881904510252063,0,275.0,2.0,0.4,2.0,0.4
5,2015-02-08 22:32:53,2015-02-08 23:09:10,20f79a5fa90c0796d2cfdbe8763dfb67,mediterranean,1,1,1299.0,1,1299,1299,23.0,23.0,25.0,36.28333333333333,22,6,1,-0.5000000000000004,0.8660254037844384,0,1299.0,1.0,0.9583333333333334,0.0,1.0416666666666667
4,2015-01-30 18:26:36,2015-01-30 19:25:05,9bf31c7ff062936a96d3c8bd1f8f2ff3,sandwich,3,15,9361.0,7,159,1195,25.0,21.0,26.0,58.483333333333334,18,4,0,-1.0,-1.8369701987210297e-16,1036,624.0666666666667,2.142857142857143,0.8076923076923077,4.0,1.0
2,2015-01-23 05:43:13,2015-01-23 06:33:04,9854d7afce413aa13cd0a1d39d0bcec5,american,1,1,1279.0,1,1209,1209,21.0,26.0,29.0,49.85,5,4,0,0.9659258262890683,0.25881904510252074,0,1279.0,1.0,1.1818181818181819,0.0,1.3181818181818181
2,2015-01-28 02:02:22,2015-01-28 02:40:08,cfecdb276f634854f3ef915e2e980c31,mexican,5,2,1648.0,2,649,999,96.0,93.0,121.0,37.766666666666666,2,2,0,0.49999999999999994,0.8660254037844387,350,824.0,1.0,0.9587628865979382,3.0,1.2474226804123711
4,2015-02-15 01:02:45,2015-02-15 01:55:26,7d2b92b6726c241134dae6cd3fb8c182,other,5,1,400.0,1,400,400,62.0,53.0,75.0,52.68333333333333,1,6,1,0.25881904510252074,0.9659258262890683,0,400.0,1.0,0.8412698412698413,9.0,1.1904761904761905
3,2015-02-03 02:56:22,2015-02-03 03:38:40,491159b91b3f6bfcebca81f03ebeee71,chinese,4,3,1750.0,2,370,690,18.0,18.0,31.0,42.3,2,1,0,0.49999999999999994,0.8660254037844387,320,583.3333333333334,1.5,0.9473684210526315,0.0,1.631578947368421
1,2015-01-23 03:50:49,2015-01-23 04:16:40,0e55666a4ad822e0e34299df3591d979,thai,1,2,1100.0,2,100,1000,62.0,61.0,61.0,25.85,3,4,0,0.7071067811865475,0.7071067811865476,900,550.0,1.0,0.9682539682539683,1.0,0.9682539682539683
1,2015-01-22 02:38:10,2015-01-22 03:33:58,4afa2aea8aa76eddf65a3b2c12a8f5f6,fast,4,5,1314.0,5,0,479,0.0,0.0,0.0,55.8,2,3,0,0.49999999999999994,0.8660254037844387,479,262.8,1.0,0.0,0.0,0.0
4,2015-01-30 03:38:28,2015-01-30 04:13:07,9c9050ce6b23581dbe705de1479791c0,pizza,3,3,1875.0,3,175,925,116.0,109.0,165.0,34.65,3,4,0,0.7071067811865475,0.7071067811865476,750,625.0,1.0,0.9316239316239316,7.0,1.4102564102564104
4,2015-02-02 00:32:10,2015-02-02 01:29:48,a97da629b098b75c294dffdc3e463904,dessert,1,2,3790.0,2,795,2995,33.0,32.0,44.0,57.63333333333333,0,0,0,0.0,1.0,2200,1895.0,1.0,0.9411764705882353,1.0,1.2941176470588236
4,2015-02-14 19:21:42,2015-02-14 20:02:35,b645e524a1512ce68947d3b9c948aa46,other,2,3,1950.0,2,650,650,28.0,25.0,41.0,40.88333333333333,19,5,1,-0.9659258262890684,0.2588190451025203,0,650.0,1.5,0.8620689655172413,3.0,1.4137931034482758
6,2015-02-16 01:14:15,2015-02-16 01:51:30,31f0a067ca77d80b3704aee9141bc2ea,pizza,1,12,4332.0,8,0,2699,30.0,29.0,23.0,37.25,1,0,0,0.25881904510252074,0.9659258262890683,2699,361.0,1.5,0.9354838709677419,1.0,0.7419354838709677
2,2015-02-04 02:32:42,2015-02-04 03:13:01,2836be05e71a8f34902a6e6b37350134,burger,4,6,3114.0,3,249,669,107.0,88.0,112.0,40.31666666666667,2,2,0,0.49999999999999994,0.8660254037844387,420,519.0,2.0,0.8148148148148148,19.0,1.037037037037037
4,2015-02-03 22:27:03,2015-02-03 22:47:11,2a38a4a9316c49e5a833517c45d31070,sandwich,5,1,899.0,1,899,899,27.0,15.0,15.0,20.133333333333333,22,1,0,-0.5000000000000004,0.8660254037844384,0,899.0,1.0,0.5357142857142857,12.0,0.5357142857142857
6,2015-02-14 17:19:17,2015-02-14 18:17:37,5dec707028b05bcbd3a1db5640f842c5,mexican,1,2,1655.0,2,819,867,37.0,34.0,41.0,58.333333333333336,17,5,1,-0.9659258262890683,-0.25881904510252063,48,827.5,1.0,0.8947368421052632,3.0,1.0789473684210527
1,2015-02-16 00:10:15,2015-02-16 01:10:33,856b503e276cc491e7e6e0ac1b9f4b17,other,1,1,1799.0,1,999,999,16.0,16.0,16.0,60.3,0,0,0,0.0,1.0,0,1799.0,1.0,0.9411764705882353,0.0,0.9411764705882353
1,2015-02-08 05:30:23,2015-02-08 05:48:13,cc0991344c3d760ae42259064406bae1,pizza,3,2,2158.0,1,1079,1079,24.0,27.0,29.0,17.833333333333332,5,6,1,0.9659258262890683,0.25881904510252074,0,1079.0,2.0,1.08,0.0,1.16
1,2015-02-12 19:51:20,2015-02-12 20:38:16,032dd17b77fab7d51a476c5ff2b5659c,chinese,4,1,600.0,1,600,600,26.0,27.0,35.0,46.93333333333333,19,3,0,-0.9659258262890684,0.2588190451025203,0,600.0,1.0,1.0,0.0,1.2962962962962963
4,2015-02-10 05:54:22,2015-02-10 06:10:06,586ee5cb5f17541372cdd7d54b6414d7,fast,4,5,1065.0,3,139,299,13.0,6.0,7.0,15.733333333333333,5,1,0,0.9659258262890683,0.25881904510252074,160,213.0,1.6666666666666667,0.42857142857142855,7.0,0.5
1,2015-01-26 20:49:56,2015-01-26 21:19:16,0b96d81f0494fde5428c7aea243c9157,american,1,1,1095.0,1,1095,1095,14.0,14.0,14.0,29.333333333333332,20,0,0,-0.8660254037844386,0.5000000000000001,0,1095.0,1.0,0.9333333333333333,0.0,0.9333333333333333
2,2015-02-06 05:41:59,2015-02-06 06:06:01,1f5069142727648138a54524b5beeb58,dessert,5,1,1095.0,1,1095,1095,24.0,29.0,42.0,24.033333333333335,5,4,0,0.9659258262890683,0.25881904510252074,0,1095.0,1.0,1.16,0.0,1.68
1,2015-01-29 21:24:49,2015-01-29 21:57:41,677e09724f0e2df9b6c000b75b5da10d,italian,3,6,4320.0,4,175,1395,0.0,0.0,0.0,32.86666666666667,21,3,0,-0.7071067811865477,0.7071067811865474,1220,720.0,1.5,0.0,0.0,0.0
6,2015-02-14 03:25:57,2015-02-14 04:21:52,619205da514e83f869515c782a328d3c,indian,3,4,2950.0,3,500,1000,37.0,34.0,41.0,55.916666666666664,3,5,1,0.7071067811865475,0.7071067811865476,500,737.5,1.3333333333333333,0.8947368421052632,3.0,1.0789473684210527
2,2015-01-23 03:14:49,2015-01-23 03:57:52,61b4a64be663682e8cb037d9719ad8cd,other,3,2,1890.0,2,595,1295,52.0,58.0,81.0,43.05,3,4,0,0.7071067811865475,0.7071067811865476,700,945.0,1.0,1.0943396226415094,0.0,1.528301886792453
2,2015-02-02 00:49:06,2015-02-02 02:21:20,0c945a8e12dd7ff713c275c1ad6de9e1,other,3,3,3550.0,2,450,975,49.0,51.0,62.0,92.23333333333333,0,0,0,0.0,1.0,525,1183.3333333333333,1.5,1.02,0.0,1.24
4,2015-02-01 02:00:04,2015-02-01 02:32:52,e7b24b112a44fdd9ee93bdf998c6ca0e,italian,3,3,2345.0,3,0,1395,86.0,83.0,125.0,32.8,2,6,1,0.49999999999999994,0.8660254037844387,1395,781.6666666666666,1.0,0.9540229885057471,3.0,1.4367816091954022
4,2015-02-11 00:40:05,2015-02-11 01:23:28,ff1418e8cc993fe8abcfe3ce2003e5c5,dessert,3,11,6295.0,4,425,775,26.0,20.0,21.0,43.38333333333333,0,2,0,0.0,1.0,350,572.2727272727273,2.75,0.7407407407407407,6.0,0.7777777777777778
4,2015-02-06 01:23:40,2015-02-06 01:49:07,03afdbd66e7929b125f8597834fa83a4,other,3,7,4530.0,3,300,2500,103.0,86.0,104.0,25.45,1,4,0,0.25881904510252074,0.9659258262890683,2200,647.1428571428571,2.3333333333333335,0.8269230769230769,17.0,1.0
1,2015-02-12 02:26:29,2015-02-12 03:38:25,d04d42cdf14579cd294e5079e0745411,indian,3,3,1540.0,3,295,895,13.0,13.0,15.0,71.93333333333334,2,3,0,0.49999999999999994,0.8660254037844387,600,513.3333333333334,1.0,0.9285714285714286,0.0,1.0714285714285714
1,2015-02-18 01:43:54,2015-02-18 02:25:35,c9f95a0a5af052bffce5c89917335f67,burger,1,3,2500.0,3,600,1200,35.0,35.0,32.0,41.68333333333333,1,2,0,0.25881904510252074,0.9659258262890683,600,833.3333333333334,1.0,0.9722222222222222,0.0,0.8888888888888888
2,2015-01-22 19:03:02,2015-01-22 19:28:28,6e0cf80a83327822a972bcde3c1d9740,fast,3,1,419.0,1,419,419,26.0,22.0,24.0,25.433333333333334,19,3,0,-0.9659258262890684,0.2588190451025203,0,419.0,1.0,0.8148148148148148,4.0,0.8888888888888888
5,2015-02-08 19:59:19,2015-02-08 20:26:23,884738b4332ababd678ca505f4e04f4d,mediterranean,3,1,850.0,1,850,850,13.0,9.0,9.0,27.066666666666666,19,6,1,-0.9659258262890684,0.2588190451025203,0,850.0,1.0,0.6428571428571429,4.0,0.6428571428571429
1,2015-02-04 02:23:01,2015-02-04 03:12:25,3eefceb8087e964f89c2d59e8a249915,burger,1,4,3993.0,4,399,1079,47.0,48.0,56.0,49.4,2,2,0,0.49999999999999994,0.8660254037844387,680,998.25,1.0,1.0,0.0,1.1666666666666667
4,2015-02-05 03:27:13,2015-02-05 04:37:37,8a1276c25f5efe85f0fc4020fbf5b4f8,pizza,5,3,2600.0,3,200,1800,88.0,88.0,180.0,70.4,3,3,0,0.7071067811865475,0.7071067811865476,1600,866.6666666666666,1.0,0.9887640449438202,0.0,2.0224719101123596
1,2015-02-17 02:09:11,2015-02-17 02:38:23,433371e69eb202f8e7bc8ec2c8d48021,american,1,1,1295.0,1,1295,1295,15.0,13.0,13.0,29.2,2,1,0,0.49999999999999994,0.8660254037844387,0,1295.0,1.0,0.8125,2.0,0.8125
4,2015-02-14 03:25:04,2015-02-14 04:27:34,1a3650aedfdd3a21444047ed2d89458f,dessert,2,3,1350.0,3,450,450,101.0,94.0,186.0,62.5,3,5,1,0.7071067811865475,0.7071067811865476,0,450.0,1.0,0.9215686274509803,7.0,1.8235294117647058
4,2015-02-10 03:59:10,2015-02-10 04:46:50,c902b497eb972281fb5b4e206db38ee6,thai,2,4,3110.0,4,225,995,72.0,57.0,97.0,47.666666666666664,3,1,0,0.7071067811865475,0.7071067811865476,770,777.5,1.0,0.7808219178082192,15.0,1.3287671232876712
2,2015-01-31 01:57:58,2015-01-31 03:27:37,bb1662b7c5f22a0f905fd59e718ca05e,pizza,1,3,3365.0,3,145,2525,110.0,81.0,170.0,89.65,1,5,1,0.25881904510252074,0.9659258262890683,2380,1121.6666666666667,1.0,0.7297297297297297,29.0,1.5315315315315314
4,2015-01-25 00:22:10,2015-01-25 01:01:28,a74c3bae3e13616104c1b25f9da1f11f,burger,4,8,4172.0,3,249,729,52.0,80.0,28.0,39.3,0,6,1,0.0,1.0,480,521.5,2.6666666666666665,1.509433962264151,0.0,0.5283018867924528
3,2015-02-15 02:00:27,2015-02-15 02:46:21,86ef0ad0a49f303beba23d4e796fc50b,mexican,4,5,3545.0,4,399,1599,25.0,25.0,28.0,45.9,2,6,1,0.49999999999999994,0.8660254037844387,1200,709.0,1.25,0.9615384615384616,0.0,1.0769230769230769
1,2015-01-22 16:42:09,2015-01-22 18:08:16,8d8818c8e140c64c743113f563cf750f,fast,4,1,795.0,1,675,675,2.0,1.0,1.0,86.11666666666666,16,3,0,-0.8660254037844384,-0.5000000000000004,0,795.0,1.0,0.3333333333333333,1.0,0.3333333333333333
3,2015-01-30 22:12:12,2015-01-30 22:37:46,b88e569b3666ccbc8e6dfcb5671c9cca,american,5,1,1889.0,1,1889,1889,2.0,1.0,1.0,25.566666666666666,22,4,0,-0.5000000000000004,0.8660254037844384,0,1889.0,1.0,0.3333333333333333,1.0,0.3333333333333333
3,2015-02-15 21:14:02,2015-02-15 22:00:17,9dd48d8df816e1b2b78a1573d0b6ce78,japanese,1,4,4900.0,4,1000,1400,1.0,1.0,1.0,46.25,21,6,1,-0.7071067811865477,0.7071067811865474,400,1225.0,1.0,0.5,0.0,0.5
1,2015-02-07 03:42:39,2015-02-07 04:56:56,f1a58918e5937cbf008a17b8ce77b579,other,4,7,1623.0,5,149,269,0.0,0.0,0.0,74.28333333333333,3,5,1,0.7071067811865475,0.7071067811865476,120,231.85714285714286,1.4,0.0,0.0,0.0
2,2015-02-01 05:09:15,2015-02-01 05:37:07,248e844336797ec98478f85e7626de4a,other,5,2,1800.0,2,225,1500,27.0,38.0,61.0,27.866666666666667,5,6,1,0.9659258262890683,0.25881904510252074,1275,900.0,1.0,1.3571428571428572,0.0,2.1785714285714284
1,2015-01-30 17:21:25,2015-01-30 18:25:58,f19ec2b84181033bf4753a5a51d5d608,fast,4,3,1072.0,3,204,421,1.0,1.0,0.0,64.55,17,4,0,-0.9659258262890683,-0.25881904510252063,217,357.3333333333333,1.0,0.5,0.0,0.0
5,2015-02-06 20:02:01,2015-02-06 20:44:21,884738b4332ababd678ca505f4e04f4d,mediterranean,3,4,3760.0,2,425,995,20.0,12.0,13.0,42.333333333333336,20,4,0,-0.8660254037844386,0.5000000000000001,570,940.0,2.0,0.5714285714285714,8.0,0.6190476190476191
4,2015-01-23 19:43:27,2015-01-23 20:51:27,9a96876e2f8f3dc4f3cf45f02c61c0c1,breakfast,4,2,2590.0,2,1295,1295,80.0,75.0,132.0,68.0,19,4,0,-0.9659258262890684,0.2588190451025203,0,1295.0,1.0,0.9259259259259259,5.0,1.6296296296296295
2,2015-02-12 03:40:23,2015-02-12 04:19:52,b571ecea16a9824023ee1af16897a582,mediterranean,2,2,1998.0,2,699,1199,55.0,56.0,99.0,39.483333333333334,3,3,0,0.7071067811865475,0.7071067811865476,500,999.0,1.0,1.0,0.0,1.7678571428571428
4,2015-01-31 20:25:45,2015-01-31 21:12:29,d240cb4a3e3d2ed5250ac2e1480422f0,indian,2,5,3347.0,5,100,1199,48.0,47.0,59.0,46.733333333333334,20,5,1,-0.8660254037844386,0.5000000000000001,1099,669.4,1.0,0.9591836734693877,1.0,1.2040816326530612
4,2015-02-08 05:23:42,2015-02-08 06:11:12,555d6702c950ecb729a966504af0a635,other,5,2,1675.0,2,575,900,39.0,38.0,48.0,47.5,5,6,1,0.9659258262890683,0.25881904510252074,325,837.5,1.0,0.95,1.0,1.2
1,2015-01-27 18:21:54,2015-01-27 18:59:14,bc19986e5c658d4135bd559a0b37c0bc,sandwich,1,5,2375.0,4,199,699,6.0,1.0,1.0,37.333333333333336,18,1,0,-1.0,-1.8369701987210297e-16,500,475.0,1.25,0.14285714285714285,5.0,0.14285714285714285
2,2015-02-05 17:49:08,2015-02-05 18:34:06,6e0cf80a83327822a972bcde3c1d9740,fast,3,2,1143.0,2,369,699,7.0,1.0,1.0,44.96666666666667,17,3,0,-0.9659258262890683,-0.25881904510252063,330,571.5,1.0,0.125,6.0,0.125
3,2015-01-26 21:20:43,2015-01-26 22:34:47,9381fc93ad66f9ec4b2eef71147a6665,burger,5,3,3750.0,3,1025,1250,2.0,2.0,3.0,74.06666666666666,21,0,0,-0.7071067811865477,0.7071067811865474,225,1250.0,1.0,0.6666666666666666,0.0,1.0
5,2015-02-12 20:50:23,2015-02-12 21:10:18,47599716060306c09493e977bbbce22e,other,2,1,999.0,1,999,999,32.0,13.0,13.0,19.916666666666668,20,3,0,-0.8660254037844386,0.5000000000000001,0,999.0,1.0,0.3939393939393939,19.0,0.3939393939393939
2,2015-02-10 05:35:14,2015-02-10 06:14:45,eda80a3d5b344bc40f3bc04f65b7a357,dessert,5,5,2530.0,5,50,795,21.0,23.0,28.0,39.516666666666666,5,1,0,0.9659258262890683,0.25881904510252074,745,506.0,1.0,1.0454545454545454,0.0,1.2727272727272727
4,2015-02-12 03:18:56,2015-02-12 04:00:54,68d30a9594728bc39aa24be94b319d21,mexican,3,6,5620.0,5,580,2000,102.0,105.0,164.0,41.96666666666667,3,3,0,0.7071067811865475,0.7071067811865476,1420,936.6666666666666,1.2,1.0194174757281553,0.0,1.5922330097087378
6,2015-02-18 05:05:47,2015-02-18 05:46:26,e0be0edcb00cc770525f1400c1666b0f,unknown,1,3,4277.0,3,668,2130,37.0,34.0,41.0,40.65,5,2,0,0.9659258262890683,0.25881904510252074,1462,1425.6666666666667,1.0,0.8947368421052632,3.0,1.0789473684210527
1,2015-02-12 23:25:04,2015-02-13 00:24:13,602d1305678a8d5fdb372271e980da6a,american,1,3,1745.0,2,375,995,8.0,6.0,6.0,59.15,23,3,0,-0.25881904510252157,0.9659258262890681,620,581.6666666666666,1.5,0.6666666666666666,2.0,0.6666666666666666
1,2015-02-16 20:13:51,2015-02-16 21:30:18,fd8c07a31f8a85910ad8476f5f7efb27,chinese,1,1,1067.0,1,942,942,0.0,0.0,0.0,76.45,20,0,0,-0.8660254037844386,0.5000000000000001,0,1067.0,1.0,0.0,0.0,0.0
3,2015-02-08 02:26:10,2015-02-08 03:12:17,d0bb8259d8fe3c7df4554dab9d7da3c9,salad,5,5,4765.0,5,450,1195,50.0,49.0,51.0,46.11666666666667,2,6,1,0.49999999999999994,0.8660254037844387,745,953.0,1.0,0.9607843137254902,1.0,1.0
4,2015-01-27 01:38:56,2015-01-27 02:34:38,f47d0ad31c4c49061b9e505593e3db98,burger,5,4,4340.0,3,595,1375,42.0,62.0,49.0,55.7,1,1,0,0.25881904510252074,0.9659258262890683,780,1085.0,1.3333333333333333,1.441860465116279,0.0,1.1395348837209303
2,2015-01-29 03:10:52,2015-01-29 03:46:57,6a130f1dc6f0c829f874e92e5458dced,dessert,4,4,3050.0,4,207,1132,53.0,32.0,43.0,36.083333333333336,3,3,0,0.7071067811865475,0.7071067811865476,925,762.5,1.0,0.5925925925925926,21.0,0.7962962962962963
4,2015-02-11 01:46:31,2015-02-11 02:44:36,e34376937c784505d9b4fcd980c2f1ce,pizza,3,1,1700.0,1,1700,1700,80.0,81.0,132.0,58.083333333333336,1,2,0,0.25881904510252074,0.9659258262890683,0,1700.0,1.0,1.0,0.0,1.6296296296296295
2,2015-01-31 01:49:04,2015-01-31 02:44:59,a597e50502f5ff68e3e25b9114205d4a,italian,5,2,1700.0,2,500,1200,102.0,85.0,152.0,55.916666666666664,1,5,1,0.25881904510252074,0.9659258262890683,700,850.0,1.0,0.8252427184466019,17.0,1.4757281553398058
2,2015-02-02 20:29:38,2015-02-02 21:05:34,757b505cfd34c64c85ca5b5690ee5293,american,3,2,1818.0,2,229,1589,48.0,40.0,74.0,35.93333333333333,20,0,0,-0.8660254037844386,0.5000000000000001,1360,909.0,1.0,0.8163265306122449,8.0,1.510204081632653
2,2015-02-17 23:00:16,2015-02-18 00:05:02,3ba889650589407203d06949bdf6983d,fast,4,15,1106.0,5,0,299,32.0,31.0,32.0,64.76666666666667,23,1,0,-0.25881904510252157,0.9659258262890681,299,73.73333333333333,3.0,0.9393939393939394,1.0,0.9696969696969697
1,2015-02-01 19:30:18,2015-02-01 20:06:14,9e984c108157cea74c894b5cf34efc44,other,4,5,3475.0,1,695,695,17.0,17.0,18.0,35.93333333333333,19,6,1,-0.9659258262890684,0.2588190451025203,0,695.0,5.0,0.9444444444444444,0.0,1.0
1,2015-02-18 02:45:21,2015-02-18 03:31:07,5b8e9841e87fb8fc590434f5d933c92c,other,1,5,3725.0,5,395,995,9.0,9.0,13.0,45.766666666666666,2,2,0,0.49999999999999994,0.8660254037844387,600,745.0,1.0,0.9,0.0,1.3
2,2015-02-04 19:16:25,2015-02-04 19:57:02,3ad7c2ebb96fcba7cda0cf54a2e802f5,other,5,1,850.0,1,850,850,28.0,28.0,36.0,40.61666666666667,19,2,0,-0.9659258262890684,0.2588190451025203,0,850.0,1.0,0.9655172413793104,0.0,1.2413793103448276
2,2015-02-06 03:01:08,2015-02-06 04:12:31,1dc9eec5d23c9b8fbb75ab425f6e032f,sandwich,2,4,3685.0,3,300,1195,69.0,49.0,72.0,71.38333333333334,3,4,0,0.7071067811865475,0.7071067811865476,895,921.25,1.3333333333333333,0.7,20.0,1.0285714285714285
4,2015-02-08 22:15:20,2015-02-08 23:03:07,e57c6b956a6521b28495f2886ca0977a,other,5,2,2148.0,2,912,1175,44.0,39.0,40.0,47.78333333333333,22,6,1,-0.5000000000000004,0.8660254037844384,263,1074.0,1.0,0.8666666666666667,5.0,0.8888888888888888
4,2015-02-03 01:24:02,2015-02-03 02:05:44,7f6ffaa6bb0b408017b62254211691b5,mexican,3,2,1350.0,2,400,850,55.0,51.0,74.0,41.7,1,1,0,0.25881904510252074,0.9659258262890683,450,675.0,1.0,0.9107142857142857,4.0,1.3214285714285714
4,2015-02-10 03:29:12,2015-02-10 04:16:00,f7177163c833dff4b38fc8d2872f1ec6,dessert,5,1,1395.0,1,1395,1395,75.0,74.0,114.0,46.8,3,1,0,0.7071067811865475,0.7071067811865476,0,1395.0,1.0,0.9736842105263158,1.0,1.5
1,2015-02-08 01:20:17,2015-02-08 02:12:23,c26820b8a4c1b3c2aa868d6d57e14a79,mexican,5,8,6275.0,7,125,1100,37.0,37.0,42.0,52.1,1,6,1,0.25881904510252074,0.9659258262890683,975,784.375,1.1428571428571428,0.9736842105263158,0.0,1.105263157894737
2,2015-02-08 00:46:05,2015-02-08 01:12:01,a597e50502f5ff68e3e25b9114205d4a,italian,5,1,1300.0,1,1300,1300,59.0,56.0,56.0,25.933333333333334,0,6,1,0.0,1.0,0,1300.0,1.0,0.9333333333333333,3.0,0.9333333333333333
3,2015-01-22 02:02:31,2015-01-22 02:40:30,2b346a0aa375a07f5a90a344a61416c4,other,1,2,1548.0,2,349,1099,42.0,42.0,41.0,37.983333333333334,2,3,0,0.49999999999999994,0.8660254037844387,750,774.0,1.0,0.9767441860465116,0.0,0.9534883720930233
3,2015-02-09 01:34:16,2015-02-09 02:40:50,898aef0932f6aaecda27aba8e9903991,japanese,3,15,10851.275000000023,9,521,2388,42.0,22.0,28.0,66.56666666666666,1,0,0,0.25881904510252074,0.9659258262890683,1867,723.4183333333349,1.6666666666666667,0.5116279069767442,20.0,0.6511627906976745
6,2015-02-15 02:58:26,2015-02-15 04:17:35,4faf133ea46f7ee2eac98fb2c9481c6a,other,5,3,1875.0,3,580,600,37.0,34.0,41.0,79.15,2,6,1,0.49999999999999994,0.8660254037844387,20,625.0,1.0,0.8947368421052632,3.0,1.0789473684210527
1,2015-02-16 22:02:17,2015-02-16 22:38:58,30ef30b64204a3088a26bc2e6ecf7602,burger,1,2,1600.0,2,300,1300,17.0,17.0,26.0,36.68333333333333,22,0,0,-0.5000000000000004,0.8660254037844384,1000,800.0,1.0,0.9444444444444444,0.0,1.4444444444444444
2,2015-01-25 19:49:16,2015-01-25 20:14:25,d1f255a373a3cef72e03aa9d980c7eca,sandwich,3,2,1837.0,2,479,479,59.0,61.0,38.0,25.15,19,6,1,-0.9659258262890684,0.2588190451025203,0,918.5,1.0,1.0166666666666666,0.0,0.6333333333333333
4,2015-01-23 02:17:46,2015-01-23 02:59:17,e165421110ba03099a1c0393373c5b43,burger,5,5,3413.0,5,249,729,110.0,97.0,146.0,41.516666666666666,2,4,0,0.49999999999999994,0.8660254037844387,480,682.6,1.0,0.8738738738738738,13.0,1.3153153153153154
6,2015-02-16 19:54:45,2015-02-16 20:59:40,21e04c4536ac1ee11ab991e1dea13c47,sandwich,1,1,1089.0,1,797,797,37.0,34.0,41.0,64.91666666666667,19,0,0,-0.9659258262890684,0.2588190451025203,0,1089.0,1.0,0.8947368421052632,3.0,1.0789473684210527
4,2015-02-08 02:00:33,2015-02-08 02:41:24,29921001f2f04bd3baee84a12e98098f,japanese,2,5,3310.0,4,175,1295,58.0,60.0,62.0,40.85,2,6,1,0.49999999999999994,0.8660254037844387,1120,662.0,1.25,1.0169491525423728,0.0,1.0508474576271187
2,2015-02-09 21:35:45,2015-02-09 22:11:32,84d9ee44e457ddef7f2c4f25dc8fa865,sandwich,5,1,999.0,1,999,999,29.0,39.0,43.0,35.78333333333333,21,0,0,-0.7071067811865477,0.7071067811865474,0,999.0,1.0,1.3,0.0,1.4333333333333333
3,2015-02-13 03:21:33,2015-02-13 04:04:09,c80d9ba4852b67046bee487bcd9802c0,american,1,3,3400.0,3,500,1600,23.0,19.0,20.0,42.6,3,4,0,0.7071067811865475,0.7071067811865476,1100,1133.3333333333333,1.0,0.7916666666666666,4.0,0.8333333333333334
2,2015-02-03 00:26:52,2015-02-03 01:19:20,9854d7afce413aa13cd0a1d39d0bcec5,american,1,2,1868.0,2,659,1209,35.0,37.0,52.0,52.46666666666667,0,1,0,0.0,1.0,550,934.0,1.0,1.0277777777777777,0.0,1.4444444444444444
1,2015-02-05 03:32:58,2015-02-05 04:27:31,326a8c055c0d04f5b06544665d8bb3ea,other,1,9,6100.0,8,300,1200,37.0,34.0,41.0,54.55,3,3,0,0.7071067811865475,0.7071067811865476,900,677.7777777777778,1.125,0.8947368421052632,3.0,1.0789473684210527
6,2015-01-30 03:38:26,2015-01-30 04:12:13,daecf755df5b1d637033bb29b319c39a,mexican,6,3,2785.0,2,495,495,37.0,34.0,41.0,33.78333333333333,3,4,0,0.7071067811865475,0.7071067811865476,0,928.3333333333334,1.5,0.8947368421052632,3.0,1.0789473684210527
2,2015-02-16 04:01:36,2015-02-16 04:38:59,b13b768ca3df456b8a0423880c3b239b,pizza,3,2,3255.0,2,941,2061,142.0,130.0,178.0,37.38333333333333,4,0,0,0.8660254037844386,0.5000000000000001,1120,1627.5,1.0,0.9090909090909091,12.0,1.2447552447552448
2,2015-02-04 01:55:09,2015-02-04 02:26:56,fe8c15fed5f808006ce95eddb7366e35,indian,3,3,2012.0,3,402,1384,49.0,49.0,51.0,31.783333333333335,1,2,0,0.25881904510252074,0.9659258262890683,982,670.6666666666666,1.0,0.98,0.0,1.02
6,2015-02-08 19:58:19,2015-02-08 20:46:49,123b7f02433572a0a560e620311a469c,sandwich,3,3,2440.0,3,695,1050,37.0,34.0,41.0,48.5,19,6,1,-0.9659258262890684,0.2588190451025203,355,813.3333333333334,1.0,0.8947368421052632,3.0,1.0789473684210527
4,2015-01-25 04:21:47,2015-01-25 05:14:55,3a1dd98341fafc1dfe9bcf36360e6b84,pizza,3,1,1250.0,1,1250,1250,72.0,101.0,108.0,53.13333333333333,4,6,1,0.8660254037844386,0.5000000000000001,0,1250.0,1.0,1.3835616438356164,0.0,1.4794520547945205
1,2015-02-18 05:35:33,2015-02-18 06:04:51,ec79d4bed810ed64267d169b0d37373e,american,3,3,3247.0,2,853,1045,15.0,18.0,12.0,29.3,5,2,0,0.9659258262890683,0.25881904510252074,192,1082.3333333333333,1.5,1.125,0.0,0.75
4,2015-01-28 20:35:16,2015-01-28 21:11:18,9af76329c78e28c977ab1bcd1c3fe9b8,sandwich,3,1,829.0,1,779,779,70.0,45.0,49.0,36.03333333333333,20,2,0,-0.8660254037844386,0.5000000000000001,0,829.0,1.0,0.6338028169014085,25.0,0.6901408450704225
2,2015-02-02 23:01:20,2015-02-02 23:34:16,d18f655c3fce66ca401d5f38b48c89af,thai,3,2,2190.0,1,1095,1095,20.0,20.0,31.0,32.93333333333333,23,0,0,-0.25881904510252157,0.9659258262890681,0,1095.0,2.0,0.9523809523809523,0.0,1.4761904761904763
2,2015-02-07 02:54:22,2015-02-07 03:35:07,63d5fb54a858dd033fe90e6e4a74b0f0,other,1,2,970.0,2,25,945,136.0,110.0,200.0,40.75,2,5,1,0.49999999999999994,0.8660254037844387,920,485.0,1.0,0.8029197080291971,26.0,1.4598540145985401
5,2015-01-28 05:07:53,2015-01-28 05:31:03,285baacbdf8fda1de94b19282acd23e2,fast,4,5,2045.0,3,325,695,8.0,8.0,8.0,23.166666666666668,5,2,0,0.9659258262890683,0.25881904510252074,370,409.0,1.6666666666666667,0.8888888888888888,0.0,0.8888888888888888
3,2015-02-15 05:42:31,2015-02-15 07:00:45,bd3ef5c19067fe179f71c8b86ea4b39b,unknown,1,2,2000.0,2,900,1100,13.0,12.0,11.0,78.23333333333333,5,6,1,0.9659258262890683,0.25881904510252074,200,1000.0,1.0,0.8571428571428571,1.0,0.7857142857142857
6,2015-01-25 03:05:52,2015-01-25 03:46:26,130f1a8e9e102707f3f91b010f151b0b,mexican,3,1,850.0,1,850,850,37.0,34.0,41.0,40.56666666666667,3,6,1,0.7071067811865475,0.7071067811865476,0,850.0,1.0,0.8947368421052632,3.0,1.0789473684210527
6,2015-02-06 03:08:17,2015-02-06 04:07:13,d80b7040b773199015de6d3b4293c8ff,chinese,3,2,1996.0,2,998,998,37.0,34.0,41.0,58.93333333333333,3,4,0,0.7071067811865475,0.7071067811865476,0,998.0,1.0,0.8947368421052632,3.0,1.0789473684210527
2,2015-01-25 21:39:31,2015-01-25 22:16:27,1d49780520898fe37f0cd6b41c5311bf,sandwich,5,2,2110.0,2,999,1111,37.0,65.0,39.0,36.93333333333333,21,6,1,-0.7071067811865477,0.7071067811865474,112,1055.0,1.0,1.7105263157894737,0.0,1.0263157894736843
1,2015-01-28 01:10:43,2015-01-28 01:55:53,c22abfa379f38b5b0411bc11fa9bf92f,mexican,3,3,2125.0,3,100,1350,29.0,32.0,26.0,45.166666666666664,1,2,0,0.25881904510252074,0.9659258262890683,1250,708.3333333333334,1.0,1.0666666666666667,0.0,0.8666666666666667
3,2015-02-15 03:06:05,2015-02-15 03:47:43,694bb32b1ebbc8b4d3fc29bee5d1455c,fast,4,2,3058.0,2,359,2699,26.0,26.0,28.0,41.63333333333333,3,6,1,0.7071067811865475,0.7071067811865476,2340,1529.0,1.0,0.9629629629629629,0.0,1.037037037037037
3,2015-01-30 02:46:14,2015-01-30 03:35:16,3ba9af181751761d3b387f74ded2d783,mexican,5,1,2800.0,1,2800,2800,46.0,40.0,39.0,49.03333333333333,2,4,0,0.49999999999999994,0.8660254037844387,0,2800.0,1.0,0.851063829787234,6.0,0.8297872340425532
2,2015-02-16 02:25:16,2015-02-16 03:23:33,85203ae86f2de2662ca5b6d614fbe495,japanese,1,4,6075.0,4,1320,1455,99.0,93.0,159.0,58.28333333333333,2,0,0,0.49999999999999994,0.8660254037844387,135,1518.75,1.0,0.93,6.0,1.59
4,2015-02-14 02:06:29,2015-02-14 03:07:55,7d2b92b6726c241134dae6cd3fb8c182,other,5,1,475.0,1,375,375,114.0,113.0,196.0,61.43333333333333,2,5,1,0.49999999999999994,0.8660254037844387,0,475.0,1.0,0.9826086956521739,1.0,1.7043478260869565
2,2015-01-27 03:12:39,2015-01-27 03:46:30,d43ab110ab2489d6b9b2caa394bf920f,dessert,5,1,794.0,1,699,699,84.0,106.0,116.0,33.85,3,1,0,0.7071067811865475,0.7071067811865476,0,794.0,1.0,1.2470588235294118,0.0,1.3647058823529412
4,2015-02-13 01:26:59,2015-02-13 02:35:24,d1fe173d08e959397adf34b1d77e88d7,other,3,2,2198.0,2,799,1399,93.0,89.0,124.0,68.41666666666667,1,4,0,0.25881904510252074,0.9659258262890683,600,1099.0,1.0,0.9468085106382979,4.0,1.3191489361702127
3,2015-02-02 18:41:40,2015-02-02 19:50:54,1373b284bc381890049e92d324f56de0,other,1,2,1798.0,2,799,799,8.0,9.0,15.0,69.23333333333333,18,0,0,-1.0,-1.8369701987210297e-16,0,899.0,1.0,1.0,0.0,1.6666666666666667
4,2015-02-09 21:27:39,2015-02-09 21:52:33,4e62e752ae53fb6a6eebd0f6146aa702,other,3,2,1690.0,2,795,895,53.0,42.0,49.0,24.9,21,0,0,-0.7071067811865477,0.7071067811865474,100,845.0,1.0,0.7777777777777778,11.0,0.9074074074074074
1,2015-02-12 02:48:28,2015-02-12 03:20:38,ba335c94ffa2aea7525a44c72a33260a,american,1,2,2850.0,1,1150,1150,68.0,63.0,65.0,32.166666666666664,2,3,0,0.49999999999999994,0.8660254037844387,0,1425.0,2.0,0.9130434782608695,5.0,0.9420289855072463
2,2015-01-31 01:11:38,2015-01-31 01:42:45,0bb0846327772451045bd30dd347821b,other,3,1,2050.0,1,1850,1850,36.0,36.0,47.0,31.116666666666667,1,5,1,0.25881904510252074,0.9659258262890683,0,2050.0,1.0,0.972972972972973,0.0,1.2702702702702702
3,2015-02-01 21:27:01,2015-02-01 22:09:32,8c5ebe834bb61a2e5ab8ef38f8d940f3,american,1,3,3706.0,3,449,1479,24.0,16.0,17.0,42.516666666666666,21,6,1,-0.7071067811865477,0.7071067811865474,1030,1235.3333333333333,1.0,0.64,8.0,0.68
2,2015-01-30 02:24:43,2015-01-30 03:20:35,158f3069a435b314a80bdcb024f8e422,japanese,1,2,3990.0,2,1995,1995,111.0,99.0,156.0,55.86666666666667,2,4,0,0.49999999999999994,0.8660254037844387,0,1995.0,1.0,0.8839285714285714,12.0,1.3928571428571428
4,2015-01-31 03:38:54,2015-01-31 04:49:44,9c838d2e45b2ad1094d42f4ef36764f6,pizza,5,1,2800.0,1,2400,2400,94.0,99.0,165.0,70.83333333333333,3,5,1,0.7071067811865475,0.7071067811865476,0,2800.0,1.0,1.0421052631578946,0.0,1.736842105263158
1,2015-01-30 19:33:31,2015-01-30 20:40:42,342c472b95d00421be10e9512b532866,other,4,3,1297.0,3,329,449,21.0,19.0,21.0,67.18333333333334,19,4,0,-0.9659258262890684,0.2588190451025203,120,432.3333333333333,1.0,0.8636363636363636,2.0,0.9545454545454546
1,2015-02-07 02:51:22,2015-02-07 03:46:24,f1507aba9fc82ffa7cc7373c58f8a613,sandwich,1,2,2650.0,1,875,875,11.0,11.0,20.0,55.03333333333333,2,5,1,0.49999999999999994,0.8660254037844387,0,1325.0,2.0,0.9166666666666666,0.0,1.6666666666666667
2,2015-02-01 04:54:17,2015-02-01 05:59:14,149e9677a5989fd342ae44213df68868,dessert,1,1,1764.0,1,1822,1889,33.0,37.0,69.0,64.95,4,6,1,0.8660254037844386,0.5000000000000001,67,1764.0,1.0,1.088235294117647,0.0,2.0294117647058822
2,2015-02-04 01:15:34,2015-02-04 02:02:20,379a7ba015d8bf1c70b8add2c287c6fa,american,3,1,1050.0,1,1050,1050,56.0,54.0,64.0,46.766666666666666,1,2,0,0.25881904510252074,0.9659258262890683,0,1050.0,1.0,0.9473684210526315,2.0,1.1228070175438596
2,2015-02-14 02:58:32,2015-02-14 04:18:56,8d5e957f297893487bd98fa830fa6413,american,5,3,2670.0,3,525,1095,142.0,127.0,228.0,80.4,2,5,1,0.49999999999999994,0.8660254037844387,570,890.0,1.0,0.8881118881118881,15.0,1.5944055944055944
2,2015-01-25 23:09:45,2015-01-25 23:35:34,c1502ae5a4d514baec129f72948c266e,burger,4,2,1174.0,2,279,895,57.0,75.0,67.0,25.816666666666666,23,6,1,-0.25881904510252157,0.9659258262890681,616,587.0,1.0,1.293103448275862,0.0,1.1551724137931034
3,2015-02-06 23:50:30,2015-02-07 00:26:26,87ae6fb631f7c8a627e8e28785d9992d,american,1,4,4094.0,4,384,1496,37.0,34.0,41.0,35.93333333333333,23,4,0,-0.25881904510252157,0.9659258262890681,1112,1023.5,1.0,0.8947368421052632,3.0,1.0789473684210527
1,2015-02-16 20:28:47,2015-02-16 20:54:31,58d4d1e7b1e97b258c9ed0b37e02d087,pizza,5,1,1095.0,1,1095,1095,24.0,23.0,33.0,25.733333333333334,20,0,0,-0.8660254037844386,0.5000000000000001,0,1095.0,1.0,0.92,1.0,1.32
6,2015-02-10 04:07:28,2015-02-10 05:15:07,05a6cd7ec4ebca7b256ee86cefd9c488,japanese,2,3,3617.0,3,900,1895,37.0,34.0,41.0,67.65,4,1,0,0.8660254037844386,0.5000000000000001,995,1205.6666666666667,1.0,0.8947368421052632,3.0,1.0789473684210527
1,2015-01-25 22:48:06,2015-01-25 23:38:01,2bf283c05b601f21364d052ca0ec798d,other,3,10,8165.0,9,250,2795,8.0,12.0,9.0,49.916666666666664,22,6,1,-0.5000000000000004,0.8660254037844384,2545,816.5,1.1111111111111112,1.3333333333333333,0.0,1.0
2,2015-01-22 01:09:57,2015-01-22 02:05:26,85d8ce590ad8981ca2c8286f79f59954,sandwich,5,2,1872.0,2,679,709,64.0,53.0,54.0,55.483333333333334,1,3,0,0.25881904510252074,0.9659258262890683,30,936.0,1.0,0.8153846153846154,11.0,0.8307692307692308
2,2015-01-30 01:45:20,2015-01-30 02:49:03,f5e083092550d2f93898e9829e677e39,fast,3,4,2816.0,4,419,979,49.0,39.0,54.0,63.71666666666667,1,4,0,0.25881904510252074,0.9659258262890683,560,704.0,1.0,0.78,10.0,1.08
2,2015-02-06 02:13:32,2015-02-06 02:41:08,0bb0846327772451045bd30dd347821b,other,3,1,1875.0,1,1875,1875,66.0,41.0,62.0,27.6,2,4,0,0.49999999999999994,0.8660254037844387,0,1875.0,1.0,0.6119402985074627,25.0,0.9253731343283582
3,2015-02-08 16:28:20,2015-02-08 17:07:19,dab10c50dc668cd8560df444ff3a4227,breakfast,1,2,1468.0,2,399,1069,3.0,3.0,4.0,38.983333333333334,16,6,1,-0.8660254037844384,-0.5000000000000004,670,734.0,1.0,0.75,0.0,1.0
3,2015-01-27 02:30:21,2015-01-27 03:26:01,d64a340bcb633f536d56e51874281454,sandwich,5,5,6400.0,1,1200,1200,50.0,72.0,63.0,55.666666666666664,2,1,0,0.49999999999999994,0.8660254037844387,0,1280.0,5.0,1.411764705882353,0.0,1.2352941176470589
2,2015-02-17 03:25:41,2015-02-17 04:07:48,06409663226af2f3114485aa4e0a23b4,american,5,3,1955.0,3,979,1138,50.0,42.0,78.0,42.11666666666667,3,1,0,0.7071067811865475,0.7071067811865476,159,651.6666666666666,1.0,0.8235294117647058,8.0,1.5294117647058822
1,2015-01-27 01:52:37,2015-01-27 02:36:14,060fd70a06ead2e1079d27612b84aff4,fast,4,1,767.0,1,767,767,3.0,3.0,5.0,43.61666666666667,1,1,0,0.25881904510252074,0.9659258262890683,0,767.0,1.0,0.75,0.0,1.25
5,2015-02-12 01:47:18,2015-02-12 02:31:54,40f6992c3c5816a1b42d2612fc26b936,other,1,9,3910.0,5,395,650,52.0,36.0,37.0,44.6,1,3,0,0.25881904510252074,0.9659258262890683,255,434.44444444444446,1.8,0.6792452830188679,16.0,0.6981132075471698
1,2015-02-15 03:56:40,2015-02-15 05:15:10,a22d33b4a00c165507a61f3bed4b5149,japanese,6,4,3100.0,2,450,1100,25.0,25.0,45.0,78.5,3,6,1,0.7071067811865475,0.7071067811865476,650,775.0,2.0,0.9615384615384616,0.0,1.7307692307692308
1,2015-02-03 03:17:50,2015-02-03 04:45:24,68c694de94e6c110f42e587e8e48d852,american,1,4,4250.0,4,670,1950,39.0,41.0,86.0,87.56666666666666,3,1,0,0.7071067811865475,0.7071067811865476,1280,1062.5,1.0,1.025,0.0,2.15
5,2015-02-02 22:15:17,2015-02-02 23:45:44,293c3b96edea6588bc4b9415c3be4e66,american,4,7,2410.0,6,110,1040,15.0,21.0,27.0,90.45,22,0,0,-0.5000000000000004,0.8660254037844384,930,344.2857142857143,1.1666666666666667,1.3125,0.0,1.6875
5,2015-02-14 00:30:35,2015-02-14 01:00:25,acd9bdac8824615154e7f1868f29acf6,other,5,1,1395.0,1,1395,1395,15.0,11.0,11.0,29.833333333333332,0,5,1,0.0,1.0,0,1395.0,1.0,0.6875,4.0,0.6875
1,2015-02-09 01:18:45,2015-02-09 02:15:28,00430c0c1fae276c9713ab5f21167882,american,1,3,3855.0,3,622,1988,28.0,38.0,58.0,56.71666666666667,1,0,0,0.25881904510252074,0.9659258262890683,1366,1285.0,1.0,1.3103448275862069,0.0,2.0
2,2015-01-22 04:18:04,2015-01-22 04:46:35,85d8ce590ad8981ca2c8286f79f59954,sandwich,5,3,2270.0,3,335,895,64.0,68.0,75.0,28.516666666666666,4,3,0,0.8660254037844386,0.5000000000000001,560,756.6666666666666,1.0,1.0461538461538462,0.0,1.1538461538461537
4,2015-02-03 20:45:26,2015-02-03 21:30:34,d709f38ef758b5066ef31b18039b8ce5,other,5,7,3295.0,4,150,799,65.0,58.0,63.0,45.13333333333333,20,1,0,-0.8660254037844386,0.5000000000000001,649,470.7142857142857,1.75,0.8787878787878788,7.0,0.9545454545454546
1,2015-02-07 03:28:06,2015-02-07 04:17:11,5129a5ddcd0dcd755232baa04c231698,italian,3,2,2648.0,2,799,1550,69.0,70.0,96.0,49.083333333333336,3,5,1,0.7071067811865475,0.7071067811865476,751,1324.0,1.0,1.0,0.0,1.3714285714285714
2,2015-02-15 23:19:59,2015-02-15 23:57:07,c52f1bd66cc19d05628bd8bf27af3ad6,pizza,5,3,3500.0,3,800,1500,64.0,60.0,64.0,37.13333333333333,23,6,1,-0.25881904510252157,0.9659258262890681,700,1166.6666666666667,1.0,0.9230769230769231,4.0,0.9846153846153847
1,2015-02-05 03:27:07,2015-02-05 04:39:30,fccb3cdc9acc14a6e70a12f74560c026,japanese,1,2,3400.0,1,1700,1700,49.0,51.0,77.0,72.38333333333334,3,3,0,0.7071067811865475,0.7071067811865476,0,1700.0,2.0,1.02,0.0,1.54
5,2015-02-08 05:14:16,2015-02-08 05:42:11,1af2f80dc87577a2c309b3ee992a07c5,other,1,1,1275.0,1,975,975,12.0,9.0,10.0,27.916666666666668,5,6,1,0.9659258262890683,0.25881904510252074,0,1275.0,1.0,0.6923076923076923,3.0,0.7692307692307693
1,2015-01-26 01:41:18,2015-01-26 02:41:40,67e103b0761e60683e83c559be18d40c,american,1,2,2500.0,2,1000,1500,28.0,30.0,54.0,60.36666666666667,1,0,0,0.25881904510252074,0.9659258262890683,500,1250.0,1.0,1.0344827586206897,0.0,1.8620689655172413
4,2015-01-25 02:36:57,2015-01-25 03:43:03,46f76a4bda9a9579eab38a8f6eabcda1,american,3,4,4925.0,4,625,1625,58.0,77.0,101.0,66.1,2,6,1,0.49999999999999994,0.8660254037844387,1000,1231.25,1.0,1.305084745762712,0.0,1.7118644067796611
4,2015-01-22 03:20:37,2015-01-22 03:50:02,892c91e0a653ba19df81a90f89d99bcd,chinese,1,5,3065.0,4,200,765,75.0,52.0,82.0,29.416666666666668,3,3,0,0.7071067811865475,0.7071067811865476,565,613.0,1.25,0.6842105263157895,23.0,1.0789473684210527
2,2015-02-12 03:54:52,2015-02-12 04:33:13,fccb60fb512d13df5083790d64c4d5dd,sandwich,1,1,795.0,1,795,795,60.0,60.0,92.0,38.35,3,3,0,0.7071067811865475,0.7071067811865476,0,795.0,1.0,0.9836065573770492,0.0,1.5081967213114753
4,2015-02-14 01:18:07,2015-02-14 01:48:26,d71f5142463efcf6dc7be216cf4644b5,other,2,5,3985.0,4,300,1195,52.0,52.0,72.0,30.316666666666666,1,5,1,0.25881904510252074,0.9659258262890683,895,797.0,1.25,0.9811320754716981,0.0,1.3584905660377358
6,2015-02-01 02:56:09,2015-02-01 03:44:03,af4d3ce5d7a2e6955130f2b2720d0873,mexican,2,3,2100.0,3,700,700,37.0,34.0,41.0,47.9,2,6,1,0.49999999999999994,0.8660254037844387,0,700.0,1.0,0.8947368421052632,3.0,1.0789473684210527
1,2015-02-05 00:08:37,2015-02-05 00:38:48,6a639c52538fd7bb3e1186724afbe9b2,dessert,4,5,495.0,1,99,99,15.0,15.0,14.0,30.183333333333334,0,3,0,0.0,1.0,0,99.0,5.0,0.9375,0.0,0.875
2,2015-02-06 02:04:25,2015-02-06 02:41:36,2a34abd6ebbd7fcf5a4421229c946c0a,other,3,1,995.0,1,995,995,142.0,102.0,121.0,37.18333333333333,2,4,0,0.49999999999999994,0.8660254037844387,0,995.0,1.0,0.7132867132867133,40.0,0.8461538461538461
4,2015-01-31 03:43:59,2015-01-31 04:56:23,29530de21430b7540ec3f65135f7323c,dessert,3,3,3050.0,3,800,1150,64.0,59.0,118.0,72.4,3,5,1,0.7071067811865475,0.7071067811865476,350,1016.6666666666666,1.0,0.9076923076923077,5.0,1.8153846153846154
4,2015-01-29 03:59:58,2015-01-29 04:35:21,7647966b7343c29048673252e490f736,other,3,5,3696.0,5,199,1099,81.0,67.0,91.0,35.38333333333333,3,3,0,0.7071067811865475,0.7071067811865476,900,739.2,1.0,0.8170731707317073,14.0,1.1097560975609757
1,2015-01-24 01:58:58,2015-01-24 02:28:32,addfa9b7e234254d26e9c7f2af1005cb,thai,3,3,2685.0,2,695,895,47.0,46.0,53.0,29.566666666666666,1,5,1,0.25881904510252074,0.9659258262890683,200,895.0,1.5,0.9583333333333334,1.0,1.1041666666666667
4,2015-01-25 05:24:12,2015-01-25 06:05:40,98f13708210194c475687be6106a3b84,mediterranean,2,2,2345.0,2,895,1450,45.0,71.0,45.0,41.46666666666667,5,6,1,0.9659258262890683,0.25881904510252074,555,1172.5,1.0,1.5434782608695652,0.0,0.9782608695652174
2,2015-02-14 03:34:03,2015-02-14 04:34:46,435d6ab1ba16ba7e05e09d9728bc36ca,sandwich,3,1,1296.0,1,779,779,142.0,130.0,228.0,60.71666666666667,3,5,1,0.7071067811865475,0.7071067811865476,0,1296.0,1.0,0.9090909090909091,12.0,1.5944055944055944
6,2015-01-24 04:57:16,2015-01-24 05:35:52,a70dc40477bc2adceef4d2c90f47eb82,mexican,3,2,1590.0,1,700,700,37.0,34.0,41.0,38.6,4,5,1,0.8660254037844386,0.5000000000000001,0,795.0,2.0,0.8947368421052632,3.0,1.0789473684210527
6,2015-02-12 04:42:13,2015-02-12 05:11:48,6bbd80b04535d39be5e02dbfd8730469,indian,3,2,945.0,2,150,795,37.0,34.0,41.0,29.583333333333332,4,3,0,0.8660254037844386,0.5000000000000001,645,472.5,1.0,0.8947368421052632,3.0,1.0789473684210527
1,2015-02-16 00:44:32,2015-02-16 01:53:40,d4c2e4a3297fe25a71d030b67eb83bfc,unknown,3,12,9950.0,9,450,2600,39.0,39.0,40.0,69.13333333333334,0,0,0,0.0,1.0,2150,829.1666666666666,1.3333333333333333,0.975,0.0,1.0
6,2015-02-14 21:34:37,2015-02-14 22:14:01,35296a4054db6816185054cbdc02e041,breakfast,1,3,2120.0,3,0,1500,37.0,34.0,41.0,39.4,21,5,1,-0.7071067811865477,0.7071067811865474,1500,706.6666666666666,1.0,0.8947368421052632,3.0,1.0789473684210527
3,2015-01-28 01:53:37,2015-01-28 02:37:11,ed277964a8959e72a0d987e598dfbe72,american,1,3,3305.0,2,1055,1195,31.0,31.0,34.0,43.56666666666667,1,2,0,0.25881904510252074,0.9659258262890683,140,1101.6666666666667,1.5,0.96875,0.0,1.0625
4,2015-01-25 01:54:13,2015-01-25 03:05:34,a97da629b098b75c294dffdc3e463904,dessert,1,3,2285.0,3,390,1100,97.0,120.0,148.0,71.35,1,6,1,0.25881904510252074,0.9659258262890683,710,761.6666666666666,1.0,1.2244897959183674,0.0,1.510204081632653
3,2015-02-02 17:54:58,2015-02-02 18:54:39,941c377c73c0efed759c993f1b859526,sandwich,1,2,1229.0,2,375,829,3.0,5.0,4.0,59.68333333333333,17,0,0,-0.9659258262890683,-0.25881904510252063,454,614.5,1.0,1.25,0.0,1.0
2,2015-01-31 01:39:39,2015-01-31 02:24:10,70fc5f043205720a49d973d280eb83e7,pizza,3,1,2050.0,1,1700,1700,41.0,39.0,70.0,44.516666666666666,1,5,1,0.25881904510252074,0.9659258262890683,0,2050.0,1.0,0.9285714285714286,2.0,1.6666666666666667
3,2015-01-23 00:58:28,2015-01-23 01:40:24,26d4b4313a7e5828856bc0791fca39a2,other,3,3,2455.0,3,265,1095,13.0,9.0,8.0,41.93333333333333,0,4,0,0.0,1.0,830,818.3333333333334,1.0,0.6428571428571429,4.0,0.5714285714285714
4,2015-02-04 04:23:13,2015-02-04 04:48:05,c20ad4d76fe97759aa27a0c99bff6710,vietnamese,5,4,2360.0,3,295,875,53.0,54.0,64.0,24.866666666666667,4,2,0,0.8660254037844386,0.5000000000000001,580,590.0,1.3333333333333333,1.0,0.0,1.1851851851851851
1,2015-01-29 03:09:00,2015-01-29 03:36:30,8722c8f495dcee23f39d5519735e1f71,other,5,2,2990.0,1,1095,1095,23.0,25.0,28.0,27.5,3,3,0,0.7071067811865475,0.7071067811865476,0,1495.0,2.0,1.0416666666666667,0.0,1.1666666666666667
1,2015-02-09 01:45:25,2015-02-09 02:30:53,28b60a16b55fd531047c0c958ce14b95,pizza,5,4,5450.0,3,1050,1250,15.0,15.0,18.0,45.46666666666667,1,0,0,0.25881904510252074,0.9659258262890683,200,1362.5,1.3333333333333333,0.9375,0.0,1.125
2,2015-02-12 21:11:12,2015-02-12 21:37:30,6c524f9d5d7027454a783c841250ba71,chinese,3,1,795.0,1,795,795,56.0,54.0,65.0,26.3,21,3,0,-0.7071067811865477,0.7071067811865474,0,795.0,1.0,0.9473684210526315,2.0,1.1403508771929824
2,2015-02-02 17:02:57,2015-02-02 17:42:27,faacbcd5bf1d018912c116bf2783e9a1,mexican,5,2,1448.0,2,649,799,7.0,7.0,13.0,39.5,17,0,0,-0.9659258262890683,-0.25881904510252063,150,724.0,1.0,0.875,0.0,1.625
1,2015-02-17 03:33:20,2015-02-17 04:25:36,7806689d934e610d660caf5536fea0b2,thai,1,3,1945.0,3,295,750,42.0,34.0,46.0,52.266666666666666,3,1,0,0.7071067811865475,0.7071067811865476,455,648.3333333333334,1.0,0.7906976744186046,8.0,1.069767441860465
5,2015-02-11 16:26:42,2015-02-11 17:13:29,d77e68596c15c53c2a33ad143739902d,american,1,2,1335.0,2,235,800,1.0,0.0,1.0,46.78333333333333,16,2,0,-0.8660254037844384,-0.5000000000000004,565,667.5,1.0,0.0,1.0,0.5
5,2015-02-14 01:07:30,2015-02-14 01:52:42,d1edf20f48ee7e16b40444610da9b971,indian,3,10,6788.0,9,349,1099,19.0,10.0,10.0,45.2,1,5,1,0.25881904510252074,0.9659258262890683,750,678.8,1.1111111111111112,0.5,9.0,0.5
1,2015-02-04 22:34:37,2015-02-04 23:19:12,a098b2eb3138551138d127925d092d67,mexican,1,1,995.0,1,995,995,12.0,8.0,8.0,44.583333333333336,22,2,0,-0.5000000000000004,0.8660254037844384,0,995.0,1.0,0.6153846153846154,4.0,0.6153846153846154
1,2015-02-14 00:58:51,2015-02-14 01:51:34,9f53d83ec0691550f7d2507d57f4f5a2,italian,3,4,3898.0,4,650,799,24.0,23.0,23.0,52.71666666666667,0,5,1,0.0,1.0,149,974.5,1.0,0.92,1.0,0.92
1,2015-02-17 02:49:36,2015-02-17 04:05:03,8d34201a5b85900908db6cae92723617,american,5,2,1900.0,2,600,1300,39.0,38.0,61.0,75.45,2,1,0,0.49999999999999994,0.8660254037844387,700,950.0,1.0,0.95,1.0,1.525
3,2015-01-26 05:04:29,2015-01-26 05:38:49,e8d92f99edd25e2cef48eca48320a1a5,burger,5,3,1024.0,3,275,450,18.0,30.0,19.0,34.333333333333336,5,0,0,0.9659258262890683,0.25881904510252074,175,341.3333333333333,1.0,1.5789473684210527,0.0,1.0
2,2015-01-24 17:02:06,2015-01-24 17:24:25,991de292e76f74f3c285b3f6d57958d5,breakfast,2,5,3975.0,4,300,1300,10.0,18.0,16.0,22.316666666666666,17,5,1,-0.9659258262890683,-0.25881904510252063,1000,795.0,1.25,1.6363636363636365,0.0,1.4545454545454546
2,2015-02-02 02:51:11,2015-02-02 05:14:03,d81f9c1be2e08964bf9f24b15f0e4900,thai,3,5,5042.0,5,410,1387,77.0,78.0,185.0,142.86666666666667,2,0,0,0.49999999999999994,0.8660254037844387,977,1008.4,1.0,1.0,0.0,2.371794871794872
2,2015-01-30 04:41:17,2015-01-30 06:07:15,d364a623a35bc2f4768a568638aff687,dessert,5,3,2598.0,2,549,1500,33.0,32.0,30.0,85.96666666666667,4,4,0,0.8660254037844386,0.5000000000000001,951,866.0,1.5,0.9411764705882353,1.0,0.8823529411764706
2,2015-01-30 17:27:09,2015-01-30 18:20:27,f8c0e172cbf7b81bb804df0092b53ae9,other,2,1,1000.0,1,1000,1000,8.0,8.0,10.0,53.3,17,4,0,-0.9659258262890683,-0.25881904510252063,0,1000.0,1.0,0.8888888888888888,0.0,1.1111111111111112
2,2015-02-16 04:16:34,2015-02-16 05:14:15,d2849eee3432ef804bfccac1a9cb24f0,mexican,3,2,2120.0,2,695,1250,39.0,39.0,61.0,57.68333333333333,4,0,0,0.8660254037844386,0.5000000000000001,555,1060.0,1.0,0.975,0.0,1.525
2,2015-02-03 03:55:22,2015-02-03 04:29:42,9f319422ca17b1082ea49820353f14ab,american,3,1,3029.0,1,3000,3029,84.0,84.0,123.0,34.333333333333336,3,1,0,0.7071067811865475,0.7071067811865476,29,3029.0,1.0,0.9882352941176471,0.0,1.4470588235294117
4,2015-02-08 23:27:09,2015-02-08 23:59:59,6fbd841e2e4b2938351a4f9b68f12e6b,mediterranean,3,1,1200.0,1,1200,1200,28.0,20.0,21.0,32.833333333333336,23,6,1,-0.25881904510252157,0.9659258262890681,0,1200.0,1.0,0.6896551724137931,8.0,0.7241379310344828
6,2015-02-14 03:15:15,2015-02-14 04:30:32,d80b7040b773199015de6d3b4293c8ff,chinese,3,3,3394.0,3,998,1198,37.0,34.0,41.0,75.28333333333333,3,5,1,0.7071067811865475,0.7071067811865476,200,1131.3333333333333,1.0,0.8947368421052632,3.0,1.0789473684210527
4,2015-01-31 21:56:55,2015-01-31 22:27:19,2cad8fa47bbef282badbb8de5374b894,sandwich,3,4,2180.0,4,175,799,32.0,20.0,21.0,30.4,21,5,1,-0.7071067811865477,0.7071067811865474,624,545.0,1.0,0.6060606060606061,12.0,0.6363636363636364
3,2015-02-02 00:15:49,2015-02-02 00:51:39,5735c3a7aa6ffcfe6ab123835584db75,american,3,3,3415.0,3,425,1495,37.0,34.0,41.0,35.833333333333336,0,0,0,0.0,1.0,1070,1138.3333333333333,1.0,0.8947368421052632,3.0,1.0789473684210527
4,2015-02-08 22:01:54,2015-02-08 22:37:06,36ac8e558ac7690b6f44e2cb5ef93322,pizza,1,2,1400.0,2,300,1100,35.0,20.0,22.0,35.2,22,6,1,-0.5000000000000004,0.8660254037844384,800,700.0,1.0,0.5555555555555556,15.0,0.6111111111111112
1,2015-02-08 23:54:50,2015-02-09 00:22:44,cf2f3fe19ffba462831d7f037a07fc83,chinese,1,2,795.0,2,0,795,4.0,1.0,0.0,27.9,23,6,1,-0.25881904510252157,0.9659258262890681,795,397.5,1.0,0.2,3.0,0.0
4,2015-02-15 04:04:25,2015-02-15 04:49:14,f023559c6d59c04e3804209f573dbff9,chinese,4,2,900.0,2,190,710,95.0,95.0,132.0,44.81666666666667,4,6,1,0.8660254037844386,0.5000000000000001,520,450.0,1.0,0.9895833333333334,0.0,1.375
5,2015-01-22 20:03:19,2015-01-22 20:36:15,29e11dc359bad383e1243f730bdbe032,american,1,3,2745.0,3,575,1095,25.0,17.0,16.0,32.93333333333333,20,3,0,-0.8660254037844386,0.5000000000000001,520,915.0,1.0,0.6538461538461539,8.0,0.6153846153846154
6,2015-02-18 02:23:16,2015-02-18 02:54:45,252a3dbaeb32e7690242ad3b556e626b,american,5,1,1970.0,1,1890,1890,37.0,34.0,41.0,31.483333333333334,2,2,0,0.49999999999999994,0.8660254037844387,0,1970.0,1.0,0.8947368421052632,3.0,1.0789473684210527
1,2015-02-09 02:41:22,2015-02-09 03:41:50,2e9fcd6fd4b51d718872c02272648444,fast,4,6,1394.0,5,119,299,10.0,10.0,20.0,60.46666666666667,2,0,0,0.49999999999999994,0.8660254037844387,180,232.33333333333334,1.2,0.9090909090909091,0.0,1.8181818181818181
4,2015-01-23 03:06:44,2015-01-23 04:21:30,98f13708210194c475687be6106a3b84,mediterranean,2,4,2400.0,4,425,600,104.0,101.0,159.0,74.76666666666667,3,4,0,0.7071067811865475,0.7071067811865476,175,600.0,1.0,0.9619047619047619,3.0,1.5142857142857142
4,2015-01-30 21:21:09,2015-01-30 21:48:14,3621f1454cacf995530ea53652ddf8fb,other,3,2,1700.0,1,850,850,61.0,41.0,43.0,27.083333333333332,21,4,0,-0.7071067811865477,0.7071067811865474,0,850.0,2.0,0.6612903225806451,20.0,0.6935483870967742
4,2015-02-08 19:09:18,2015-02-08 19:51:48,a97da629b098b75c294dffdc3e463904,dessert,1,2,2590.0,2,1195,1395,24.0,19.0,28.0,42.5,19,6,1,-0.9659258262890684,0.2588190451025203,200,1295.0,1.0,0.76,5.0,1.12
2,2015-01-25 00:10:51,2015-01-25 00:59:51,6c524f9d5d7027454a783c841250ba71,chinese,3,4,2915.0,4,350,975,38.0,52.0,44.0,49.0,0,6,1,0.0,1.0,625,728.75,1.0,1.3333333333333333,0.0,1.1282051282051282
6,2015-01-23 02:00:18,2015-01-23 02:47:36,df5511886da327a5e2877c3cd733d9d7,japanese,2,4,2311.0,4,349,914,37.0,34.0,41.0,47.3,2,4,0,0.49999999999999994,0.8660254037844387,565,577.75,1.0,0.8947368421052632,3.0,1.0789473684210527
1,2015-01-23 06:46:23,2015-01-23 07:20:16,0501b4e3f17a759d1ac23462859567a7,mexican,1,5,1584.0,5,114,517,7.0,3.0,15.0,33.88333333333333,6,4,0,1.0,6.123233995736766e-17,403,316.8,1.0,0.375,4.0,1.875
4,2015-01-28 00:36:16,2015-01-28 01:20:07,6f2268bd1d3d3ebaabb04d6b5d099425,mexican,5,2,1690.0,2,0,1295,58.0,35.0,42.0,43.85,0,2,0,0.0,1.0,1295,845.0,1.0,0.5932203389830508,23.0,0.711864406779661
4,2015-01-27 03:24:49,2015-01-27 04:05:01,dd04b0cb9dc44609df0f78c4960e9589,mexican,4,1,910.0,1,910,910,75.0,130.0,108.0,40.2,3,1,0,0.7071067811865475,0.7071067811865476,0,910.0,1.0,1.7105263157894737,0.0,1.4210526315789473
2,2015-02-01 00:36:15,2015-02-01 01:23:17,2836be05e71a8f34902a6e6b37350134,burger,4,4,2156.0,2,309,669,57.0,58.0,58.0,47.03333333333333,0,6,1,0.0,1.0,360,539.0,2.0,1.0,0.0,1.0
1,2015-02-06 04:31:36,2015-02-06 05:09:16,945e01e4dfc83449d9edc77e001e2c0c,mexican,1,2,2750.0,2,875,1875,9.0,7.0,10.0,37.666666666666664,4,4,0,0.8660254037844386,0.5000000000000001,1000,1375.0,1.0,0.7,2.0,1.0
1,2015-02-01 04:19:16,2015-02-01 05:04:35,b142673328a0419db9725adb9db18123,fast,4,2,3198.0,2,499,2699,15.0,16.0,25.0,45.31666666666667,4,6,1,0.8660254037844386,0.5000000000000001,2200,1599.0,1.0,1.0,0.0,1.5625
2,2015-02-11 02:26:55,2015-02-11 03:17:26,5fc7c9bd1fcb12799f02da8adfa4954f,other,5,1,3500.0,1,2700,2700,102.0,60.0,112.0,50.516666666666666,2,2,0,0.49999999999999994,0.8660254037844387,0,3500.0,1.0,0.5825242718446602,42.0,1.087378640776699
3,2015-02-16 05:14:00,2015-02-16 05:51:06,ab9989d9b7160b800aaa1251b561c14d,italian,3,1,1299.0,1,1299,1299,15.0,15.0,14.0,37.1,5,0,0,0.9659258262890683,0.25881904510252074,0,1299.0,1.0,0.9375,0.0,0.875
1,2015-01-24 02:48:51,2015-01-24 03:48:08,26e359e83860db1d11b6acca57d8ea88,dessert,3,1,898.0,1,799,799,108.0,110.0,175.0,59.28333333333333,2,5,1,0.49999999999999994,0.8660254037844387,0,898.0,1.0,1.0091743119266054,0.0,1.6055045871559632
2,2015-01-30 01:15:47,2015-01-30 01:53:55,eda80a3d5b344bc40f3bc04f65b7a357,dessert,1,3,1309.0,3,115,731,78.0,60.0,72.0,38.13333333333333,1,4,0,0.25881904510252074,0.9659258262890683,616,436.3333333333333,1.0,0.759493670886076,18.0,0.9113924050632911
2,2015-02-01 04:24:14,2015-02-01 05:08:41,05a5cf06982ba7892ed2a6d38fe832d6,italian,5,2,2500.0,2,600,1500,65.0,66.0,101.0,44.45,4,6,1,0.8660254037844386,0.5000000000000001,900,1250.0,1.0,1.0,0.0,1.5303030303030303
1,2015-02-05 01:14:45,2015-02-05 02:29:13,356bf85f16636086250481a79b7bebc4,other,3,2,1820.0,2,895,925,21.0,24.0,34.0,74.46666666666667,1,3,0,0.25881904510252074,0.9659258262890683,30,910.0,1.0,1.0909090909090908,0.0,1.5454545454545454
2,2015-02-17 18:17:42,2015-02-17 18:51:44,dd363b260a3b26e9ebdc93193730e961,dessert,3,2,1318.0,1,659,659,15.0,15.0,18.0,34.03333333333333,18,1,0,-1.0,-1.8369701987210297e-16,0,659.0,2.0,0.9375,0.0,1.125
4,2015-02-05 00:19:43,2015-02-05 00:54:34,cf004fdc76fa1a4f25f62e0eb5261ca3,japanese,3,12,7460.0,5,295,1095,18.0,19.0,22.0,34.85,0,3,0,0.0,1.0,800,621.6666666666666,2.4,1.0,0.0,1.1578947368421053
3,2015-01-24 21:00:57,2015-01-24 21:47:52,d01eeca8b24321cd2fe89dd85b9beb51,other,1,9,4025.0,7,0,800,17.0,16.0,15.0,46.916666666666664,21,5,1,-0.7071067811865477,0.7071067811865474,800,447.22222222222223,1.2857142857142858,0.8888888888888888,1.0,0.8333333333333334
2,2015-01-21 20:27:27,2015-01-21 21:04:15,1f5069142727648138a54524b5beeb58,dessert,5,1,1095.0,1,745,745,49.0,49.0,73.0,36.8,20,2,0,-0.8660254037844386,0.5000000000000001,0,1095.0,1.0,0.98,0.0,1.46
2,2015-02-09 01:31:30,2015-02-09 02:41:31,a57e8915461b83adefb011530b711704,american,1,3,3270.0,3,625,1550,124.0,68.0,97.0,70.01666666666667,1,0,0,0.25881904510252074,0.9659258262890683,925,1090.0,1.0,0.544,56.0,0.776
2,2015-01-29 20:59:47,2015-01-29 21:45:38,f73b76ce8949fe29bf2a537cfa420e8f,burger,5,3,1895.0,3,495,725,39.0,38.0,47.0,45.85,20,3,0,-0.8660254037844386,0.5000000000000001,230,631.6666666666666,1.0,0.95,1.0,1.175
1,2015-01-25 19:20:03,2015-01-25 20:04:04,5655cf23be4dda7082c8bb3a8d8f8016,burger,1,2,2500.0,2,700,1650,24.0,12.0,12.0,44.016666666666666,19,6,1,-0.9659258262890684,0.2588190451025203,950,1250.0,1.0,0.48,12.0,0.48
5,2015-02-08 04:21:32,2015-02-08 05:33:21,0f0d67e214f9fef69b278e3d08114da9,mexican,1,13,4588.0,9,145,744,44.0,45.0,62.0,71.81666666666666,4,6,1,0.8660254037844386,0.5000000000000001,599,352.9230769230769,1.4444444444444444,1.0,0.0,1.3777777777777778
4,2015-01-31 04:27:39,2015-01-31 05:22:52,02e74f10e0327ad868d138f2b4fdd6f0,thai,5,3,3695.0,3,995,1450,77.0,80.0,123.0,55.21666666666667,4,5,1,0.8660254037844386,0.5000000000000001,455,1231.6666666666667,1.0,1.0256410256410255,0.0,1.5769230769230769
6,2015-02-06 19:45:45,2015-02-06 20:14:59,a754fc1765a45a6bc1a034140afd0669,breakfast,1,4,3700.0,4,550,1200,37.0,34.0,41.0,29.233333333333334,19,4,0,-0.9659258262890684,0.2588190451025203,650,925.0,1.0,0.8947368421052632,3.0,1.0789473684210527
4,2015-02-17 19:27:48,2015-02-17 20:34:19,07e1cd7dca89a1678042477183b7ac3f,burger,5,1,1300.0,1,1100,1100,77.0,77.0,176.0,66.51666666666667,19,1,0,-0.9659258262890684,0.2588190451025203,0,1300.0,1.0,0.9871794871794872,0.0,2.2564102564102564
2,2015-01-28 21:25:46,2015-01-28 22:24:34,c42af2fa7356818e0389593714f59b52,seafood,1,1,1175.0,1,725,725,14.0,14.0,18.0,58.8,21,2,0,-0.7071067811865477,0.7071067811865474,0,1175.0,1.0,0.9333333333333333,0.0,1.2
1,2015-01-25 16:40:02,2015-01-25 17:35:50,6a639c52538fd7bb3e1186724afbe9b2,dessert,4,10,1170.0,3,99,189,3.0,3.0,4.0,55.8,16,6,1,-0.8660254037844384,-0.5000000000000004,90,117.0,3.3333333333333335,0.75,0.0,1.0
1,2015-01-28 02:03:26,2015-01-28 02:45:56,9adeb82fffb5444e81fa0ce8ad8afe7a,salad,1,3,2175.0,3,350,900,11.0,11.0,14.0,42.5,2,2,0,0.49999999999999994,0.8660254037844387,550,725.0,1.0,0.9166666666666666,0.0,1.1666666666666667
1,2015-02-09 02:24:28,2015-02-09 03:05:26,a1afc58c6ca9540d057299ec3016d726,burger,3,2,1078.0,1,539,539,61.0,63.0,92.0,40.96666666666667,2,0,0,0.49999999999999994,0.8660254037844387,0,539.0,2.0,1.0161290322580645,0.0,1.4838709677419355
5,2015-01-24 02:53:13,2015-01-24 04:19:30,e143deaaa05532392f9ab5ca2af8fd2c,seafood,1,6,7175.0,6,0,2999,24.0,23.0,33.0,86.28333333333333,2,5,1,0.49999999999999994,0.8660254037844387,2999,1195.8333333333333,1.0,0.92,1.0,1.32
4,2015-02-06 19:26:21,2015-02-06 20:27:06,1a0a283bfe7c549dee6c638a05200e32,other,3,2,2098.0,2,999,1099,73.0,70.0,142.0,60.75,19,4,0,-0.9659258262890684,0.2588190451025203,100,1049.0,1.0,0.9459459459459459,3.0,1.9189189189189189
4,2015-02-05 02:42:08,2015-02-05 04:11:24,65b9eea6e1cc6bb9f0cd2a47751a186f,indian,3,1,2100.0,1,2100,2100,93.0,92.0,185.0,89.26666666666667,2,3,0,0.49999999999999994,0.8660254037844387,0,2100.0,1.0,0.9787234042553191,1.0,1.9680851063829787
2,2015-02-14 00:48:16,2015-02-14 01:23:35,81d36e0c6ae485f2a087864badfdc202,mexican,5,2,1048.0,2,349,699,61.0,41.0,47.0,35.31666666666667,0,5,1,0.0,1.0,350,524.0,1.0,0.6612903225806451,20.0,0.7580645161290323
3,2015-02-15 01:17:56,2015-02-15 02:19:54,841b9457fd9014ede0e8ba949e5be76d,chinese,2,3,2515.0,3,645,945,39.0,38.0,34.0,61.96666666666667,1,6,1,0.25881904510252074,0.9659258262890683,300,838.3333333333334,1.0,0.95,1.0,0.85
6,2015-02-10 19:42:29,2015-02-10 20:30:10,1c596d6658b237e7a2aec3b1ed11dab3,vietnamese,1,3,1875.0,3,450,950,37.0,34.0,41.0,47.68333333333333,19,1,0,-0.9659258262890684,0.2588190451025203,500,625.0,1.0,0.8947368421052632,3.0,1.0789473684210527
1,2015-02-06 20:48:43,2015-02-06 21:30:02,a8e864d04c95572d1aece099af852d0a,mediterranean,5,8,10080.0,3,1195,1350,34.0,23.0,24.0,41.31666666666667,20,4,0,-0.8660254037844386,0.5000000000000001,155,1260.0,2.6666666666666665,0.6571428571428571,11.0,0.6857142857142857
5,2015-02-02 22:02:10,2015-02-02 22:51:59,0507ea3f897987f62fc8619ae288236f,other,2,1,1700.0,1,1400,1400,8.0,9.0,13.0,49.81666666666667,22,0,0,-0.5000000000000004,0.8660254037844384,0,1700.0,1.0,1.0,0.0,1.4444444444444444
3,2015-02-10 02:00:56,2015-02-10 02:46:17,99f16d388736f651ac198bf317974481,american,1,2,4995.0,2,799,2599,17.0,17.0,18.0,45.35,2,1,0,0.49999999999999994,0.8660254037844387,1800,2497.5,1.0,0.9444444444444444,0.0,1.0
4,2015-01-26 00:16:16,2015-01-26 00:57:28,a3f390d88e4c41f2747bfa2f1b5f87db,other,3,1,1500.0,1,975,975,60.0,80.0,48.0,41.2,0,0,0,0.0,1.0,0,1500.0,1.0,1.3114754098360655,0.0,0.7868852459016393
5,2015-02-11 00:27:19,2015-02-11 01:00:39,91129851a366bb9990d7d0ad5808678e,fast,4,3,724.0,3,200,299,11.0,2.0,2.0,33.333333333333336,0,2,0,0.0,1.0,99,241.33333333333334,1.0,0.16666666666666666,9.0,0.16666666666666666
2,2015-02-16 01:39:45,2015-02-16 02:51:13,a57e8915461b83adefb011530b711704,american,1,3,2725.0,3,575,1025,118.0,97.0,169.0,71.46666666666667,1,0,0,0.25881904510252074,0.9659258262890683,450,908.3333333333334,1.0,0.8151260504201681,21.0,1.4201680672268908
1,2015-01-21 18:58:11,2015-01-21 19:52:45,fd8c07a31f8a85910ad8476f5f7efb27,chinese,1,1,942.0,1,942,942,0.0,0.0,0.0,54.56666666666667,18,2,0,-1.0,-1.8369701987210297e-16,0,942.0,1.0,0.0,0.0,0.0
2,2015-02-09 19:03:43,2015-02-09 19:35:47,d81f9c1be2e08964bf9f24b15f0e4900,thai,3,2,2390.0,2,995,1395,24.0,23.0,34.0,32.06666666666667,19,0,0,-0.9659258262890684,0.2588190451025203,400,1195.0,1.0,0.92,1.0,1.36
5,2015-02-13 04:29:18,2015-02-13 05:12:05,9d741ec37c2318c1bcff253bbe7ab92b,chinese,1,3,2300.0,3,550,955,29.0,21.0,27.0,42.78333333333333,4,4,0,0.8660254037844386,0.5000000000000001,405,766.6666666666666,1.0,0.7,8.0,0.9
2,2015-02-10 20:23:17,2015-02-10 21:35:30,bcbe3365e6ac95ea2c0343a2395834dd,sandwich,3,6,5879.0,6,479,799,61.0,55.0,74.0,72.21666666666667,20,1,0,-0.8660254037844386,0.5000000000000001,320,979.8333333333334,1.0,0.8870967741935484,6.0,1.1935483870967742
1,2015-02-04 19:05:14,2015-02-04 19:39:14,856490a8eb25974567e67d4036c3c044,breakfast,1,6,750.0,1,125,125,4.0,6.0,7.0,34.0,19,2,0,-0.9659258262890684,0.2588190451025203,0,125.0,6.0,1.2,0.0,1.4
3,2015-01-30 20:01:00,2015-01-30 20:33:32,82d0e1beec7c6f769b97b4420a384716,burger,4,1,690.0,1,685,685,29.0,23.0,25.0,32.53333333333333,20,4,0,-0.8660254037844386,0.5000000000000001,0,690.0,1.0,0.7666666666666667,6.0,0.8333333333333334
5,2015-01-28 02:52:59,2015-01-28 03:35:19,98e027c8af4d8f61c337182944256a87,dessert,1,3,1160.0,3,195,570,16.0,14.0,18.0,42.333333333333336,2,2,0,0.49999999999999994,0.8660254037844387,375,386.6666666666667,1.0,0.8235294117647058,2.0,1.0588235294117647
2,2015-02-04 22:38:27,2015-02-04 23:09:08,faacbcd5bf1d018912c116bf2783e9a1,mexican,5,1,794.0,1,699,699,19.0,23.0,37.0,30.683333333333334,22,2,0,-0.5000000000000004,0.8660254037844384,0,794.0,1.0,1.15,0.0,1.85
1,2015-02-16 19:34:25,2015-02-16 20:07:28,f2c3b258e9cd8ba16e18f319b3c88c66,burger,1,3,1288.0,3,250,589,22.0,19.0,22.0,33.05,19,0,0,-0.9659258262890684,0.2588190451025203,339,429.3333333333333,1.0,0.8260869565217391,3.0,0.9565217391304348
2,2015-02-01 17:48:12,2015-02-01 18:19:31,758a06618c69880a6cee5314ee42d52f,unknown,1,2,2250.0,2,950,1300,8.0,9.0,13.0,31.316666666666666,17,6,1,-0.9659258262890683,-0.25881904510252063,350,1125.0,1.0,1.0,0.0,1.4444444444444444
3,2015-02-02 02:10:28,2015-02-02 02:56:01,7c5feb07041100d3cf5e2e86613f8d87,mexican,1,5,3284.0,3,438,1039,8.0,1.0,5.0,45.55,2,0,0,0.49999999999999994,0.8660254037844387,601,656.8,1.6666666666666667,0.1111111111111111,7.0,0.5555555555555556
4,2015-02-09 18:55:44,2015-02-09 20:18:00,c9f0f895fb98ab9159f51fd0297e236d,salad,2,7,3910.0,3,125,1125,38.0,31.0,61.0,82.26666666666667,18,0,0,-1.0,-1.8369701987210297e-16,1000,558.5714285714286,2.3333333333333335,0.7948717948717948,7.0,1.564102564102564
2,2015-02-13 23:34:07,2015-02-14 00:01:55,f26df67e8110ee2b44923db775e3e47f,pizza,5,3,2837.0,3,299,1459,30.0,19.0,20.0,27.8,23,4,0,-0.25881904510252157,0.9659258262890681,1160,945.6666666666666,1.0,0.6129032258064516,11.0,0.6451612903225806
2,2015-02-15 00:47:02,2015-02-15 01:29:10,9b72e31dac81715466cd580a448cf823,other,5,5,3875.0,4,595,1095,72.0,72.0,80.0,42.13333333333333,0,6,1,0.0,1.0,500,775.0,1.25,0.9863013698630136,0.0,1.095890410958904
3,2015-02-13 00:59:28,2015-02-13 01:43:08,a0608743660c09feb35a28905143a085,other,3,6,5383.0,6,281,3117,29.0,22.0,21.0,43.666666666666664,0,4,0,0.0,1.0,2836,897.1666666666666,1.0,0.7333333333333333,7.0,0.7
2,2015-01-26 22:20:16,2015-01-26 22:58:58,b147a61c1d07c1c999560f62add6dbc7,vietnamese,1,1,775.0,1,675,675,21.0,43.0,12.0,38.7,22,0,0,-0.5000000000000004,0.8660254037844384,0,775.0,1.0,1.9545454545454546,0.0,0.5454545454545454
2,2015-02-17 15:55:54,2015-02-17 16:51:51,3c333aadfc3ee8ecb8d77ee31197d96a,other,4,2,740.0,2,245,395,0.0,0.0,1.0,55.95,15,1,0,-0.7071067811865471,-0.7071067811865479,150,370.0,1.0,0.0,0.0,1.0
1,2015-02-08 01:06:12,2015-02-08 01:30:44,59a3adea76fadcb6dd9e54c96fc155d1,other,1,1,795.0,1,795,795,33.0,32.0,33.0,24.533333333333335,1,6,1,0.25881904510252074,0.9659258262890683,0,795.0,1.0,0.9411764705882353,1.0,0.9705882352941176
4,2015-02-15 03:01:29,2015-02-15 03:49:26,e2494a7edccd9fc5418f59234d55eecf,pizza,3,1,1445.0,1,1195,1195,68.0,68.0,131.0,47.95,3,6,1,0.7071067811865475,0.7071067811865476,0,1445.0,1.0,0.9855072463768116,0.0,1.8985507246376812
3,2015-01-24 05:03:07,2015-01-24 05:59:53,fc5f86251458722c799d1830fa0c2c1f,mexican,4,2,1072.0,2,0,699,27.0,17.0,17.0,56.766666666666666,5,5,1,0.9659258262890683,0.25881904510252074,699,536.0,1.0,0.6071428571428571,10.0,0.6071428571428571
2,2015-01-21 19:24:22,2015-01-21 20:05:09,435d6ab1ba16ba7e05e09d9728bc36ca,sandwich,3,2,1378.0,2,599,779,37.0,37.0,59.0,40.78333333333333,19,2,0,-0.9659258262890684,0.2588190451025203,180,689.0,1.0,0.9736842105263158,0.0,1.5526315789473684
2,2015-02-01 01:47:45,2015-02-01 02:45:40,85d8ce590ad8981ca2c8286f79f59954,sandwich,5,2,1460.0,2,635,825,95.0,98.0,126.0,57.916666666666664,1,6,1,0.25881904510252074,0.9659258262890683,190,730.0,1.0,1.0208333333333333,0.0,1.3125
2,2015-02-09 00:26:45,2015-02-09 00:52:17,7d12b66d3df6af8d429c1a357d8b9e1a,mexican,5,1,978.0,1,699,699,29.0,16.0,17.0,25.533333333333335,0,0,0,0.0,1.0,0,978.0,1.0,0.5333333333333333,13.0,0.5666666666666667
3,2015-02-15 04:49:03,2015-02-15 05:07:33,f266449cd5af9f0a409d02703b414f94,fast,4,3,647.0,3,139,299,2.0,2.0,5.0,18.5,4,6,1,0.8660254037844386,0.5000000000000001,160,215.66666666666666,1.0,0.6666666666666666,0.0,1.6666666666666667
5,2015-02-05 03:07:50,2015-02-05 04:09:24,af94ed0d6f5acc95f97170e3685f16c0,other,3,3,2885.0,3,795,895,29.0,28.0,35.0,61.56666666666667,3,3,0,0.7071067811865475,0.7071067811865476,100,961.6666666666666,1.0,0.9333333333333333,1.0,1.1666666666666667
2,2015-02-14 01:30:23,2015-02-14 02:06:57,48db71587df6c7c442e5b76cc723169a,other,3,4,2936.0,3,585,955,116.0,95.0,130.0,36.56666666666667,1,5,1,0.25881904510252074,0.9659258262890683,370,734.0,1.3333333333333333,0.811965811965812,21.0,1.1111111111111112
1,2015-01-25 22:26:06,2015-01-25 23:20:55,cc0991344c3d760ae42259064406bae1,pizza,3,1,980.0,1,652,752,27.0,26.0,34.0,54.81666666666667,22,6,1,-0.5000000000000004,0.8660254037844384,100,980.0,1.0,0.9285714285714286,1.0,1.2142857142857142
4,2015-01-24 19:11:49,2015-01-24 20:02:13,13f3cf8c531952d72e5847c4183e6910,breakfast,1,3,2725.0,2,775,975,32.0,71.0,35.0,50.4,19,5,1,-0.9659258262890684,0.2588190451025203,200,908.3333333333334,1.5,2.1515151515151514,0.0,1.0606060606060606
5,2015-02-11 01:22:37,2015-02-11 02:00:09,8612c55d2969d1f587bf1c5aaaa32964,chinese,5,4,3380.0,4,595,1095,28.0,24.0,34.0,37.53333333333333,1,2,0,0.25881904510252074,0.9659258262890683,500,845.0,1.0,0.8275862068965517,4.0,1.1724137931034482
4,2015-02-08 22:50:41,2015-02-08 23:27:05,45c48cce2e2d7fbdea1afc51c7c6ad26,salad,5,1,990.0,1,990,990,40.0,31.0,35.0,36.4,22,6,1,-0.5000000000000004,0.8660254037844384,0,990.0,1.0,0.7560975609756098,9.0,0.8536585365853658
2,2015-02-05 01:05:28,2015-02-05 01:45:13,7bc1ec1d9c3426357e69acd5bf320061,pizza,3,3,4950.0,3,750,2100,71.0,57.0,91.0,39.75,1,3,0,0.25881904510252074,0.9659258262890683,1350,1650.0,1.0,0.7916666666666666,14.0,1.2638888888888888
2,2015-02-14 00:31:48,2015-02-14 01:00:16,446ac7480f6cd015d176f8b3d28a03b5,pizza,3,1,2000.0,1,2000,2000,41.0,39.0,46.0,28.466666666666665,0,5,1,0.0,1.0,0,2000.0,1.0,0.9285714285714286,2.0,1.0952380952380953
4,2015-01-29 04:43:47,2015-01-29 05:26:27,dc5689792e08eb2e219dce49e64c885b,mediterranean,2,3,4075.0,3,275,1350,58.0,58.0,61.0,42.666666666666664,4,3,0,0.8660254037844386,0.5000000000000001,1075,1358.3333333333333,1.0,0.9830508474576272,0.0,1.0338983050847457
1,2015-02-09 04:39:31,2015-02-09 05:19:05,785cf0a5def4977e0210f07e0f925fa1,thai,3,4,1945.0,3,200,950,15.0,17.0,24.0,39.56666666666667,4,0,0,0.8660254037844386,0.5000000000000001,750,486.25,1.3333333333333333,1.0625,0.0,1.5
3,2015-02-01 21:17:52,2015-02-01 21:58:25,e96b07acb4f9f90f7038004ece14038f,chinese,1,2,1347.0,2,289,859,15.0,11.0,10.0,40.55,21,6,1,-0.7071067811865477,0.7071067811865474,570,673.5,1.0,0.6875,4.0,0.625
1,2015-02-13 00:57:00,2015-02-13 01:49:06,677e09724f0e2df9b6c000b75b5da10d,italian,3,2,2165.0,2,895,995,0.0,0.0,0.0,52.1,0,4,0,0.0,1.0,100,1082.5,1.0,0.0,0.0,0.0
1,2015-01-31 03:38:03,2015-01-31 04:37:25,7d4ba7006351436c35e283b0be8ff56c,american,1,3,2397.0,2,699,899,3.0,3.0,8.0,59.36666666666667,3,5,1,0.7071067811865475,0.7071067811865476,200,799.0,1.5,0.75,0.0,2.0
3,2015-02-04 02:10:13,2015-02-04 03:03:00,f2d457c33287d2cfe8320b10942aa5b9,japanese,4,2,2090.0,2,895,1195,37.0,34.0,41.0,52.78333333333333,2,2,0,0.49999999999999994,0.8660254037844387,300,1045.0,1.0,0.8947368421052632,3.0,1.0789473684210527
2,2015-02-06 00:01:39,2015-02-06 01:06:00,0deb1c54814305ca9ad266f53bc82511,italian,1,4,4435.0,4,339,1948,28.0,27.0,25.0,64.35,0,4,0,0.0,1.0,1609,1108.75,1.0,0.9310344827586207,1.0,0.8620689655172413
4,2015-02-16 04:46:03,2015-02-16 05:35:53,33e75ff09dd601bbe69f351039152189,thai,5,5,3298.0,4,125,1099,71.0,68.0,68.0,49.833333333333336,4,0,0,0.8660254037844386,0.5000000000000001,974,659.6,1.25,0.9444444444444444,3.0,0.9444444444444444
2,2015-02-14 02:17:01,2015-02-14 02:56:24,6ba3af5d7b2790e73f0de32e5c8c1798,greek,3,3,2270.0,3,420,1050,118.0,91.0,159.0,39.38333333333333,2,5,1,0.49999999999999994,0.8660254037844387,630,756.6666666666666,1.0,0.7647058823529411,27.0,1.3361344537815125
3,2015-02-14 03:13:26,2015-02-14 04:05:09,7f1de29e6da19d22b51c68001e7e0e54,breakfast,1,3,2090.0,3,325,795,142.0,130.0,228.0,51.71666666666667,3,5,1,0.7071067811865475,0.7071067811865476,470,696.6666666666666,1.0,0.9090909090909091,12.0,1.5944055944055944
4,2015-02-17 20:36:20,2015-02-17 21:32:28,83adc9225e4deb67d7ce42d58fe5157c,other,1,2,2275.0,2,1025,1250,91.0,87.0,155.0,56.13333333333333,20,1,0,-0.8660254037844386,0.5000000000000001,225,1137.5,1.0,0.9456521739130435,4.0,1.684782608695652
4,2015-01-29 02:35:47,2015-01-29 03:50:32,7ffd8e40d538d8b30ce61cbabff98065,chinese,2,5,4575.0,5,695,1295,15.0,14.0,21.0,74.75,2,3,0,0.49999999999999994,0.8660254037844387,600,915.0,1.0,0.875,1.0,1.3125
2,2015-01-25 05:06:28,2015-01-25 05:36:08,f5c3dd7514bf620a1b85450d2ae374b1,burger,2,3,1405.0,2,325,399,48.0,71.0,55.0,29.666666666666668,5,6,1,0.9659258262890683,0.25881904510252074,74,468.3333333333333,1.5,1.4489795918367347,0.0,1.1224489795918366
2,2015-02-15 03:59:43,2015-02-15 04:42:35,158f3069a435b314a80bdcb024f8e422,japanese,1,2,2395.0,2,900,1495,119.0,115.0,180.0,42.86666666666667,3,6,1,0.7071067811865475,0.7071067811865476,595,1197.5,1.0,0.9583333333333334,4.0,1.5
4,2015-01-22 20:39:57,2015-01-22 21:39:25,8a1276c25f5efe85f0fc4020fbf5b4f8,pizza,5,1,1900.0,1,1900,1900,55.0,58.0,102.0,59.46666666666667,20,3,0,-0.8660254037844386,0.5000000000000001,0,1900.0,1.0,1.0357142857142858,0.0,1.8214285714285714
4,2015-02-16 21:38:20,2015-02-16 22:09:39,a3f390d88e4c41f2747bfa2f1b5f87db,other,3,1,1250.0,1,950,950,41.0,34.0,38.0,31.316666666666666,21,0,0,-0.7071067811865477,0.7071067811865474,0,1250.0,1.0,0.8095238095238095,7.0,0.9047619047619048
1,2015-02-06 01:26:26,2015-02-06 02:08:16,479b4864e55e12e0fb411eadb115c095,japanese,4,1,1521.0,1,1090,1179,28.0,28.0,45.0,41.833333333333336,1,4,0,0.25881904510252074,0.9659258262890683,89,1521.0,1.0,0.9655172413793104,0.0,1.5517241379310345
2,2015-01-26 20:19:30,2015-01-26 21:09:56,faacbcd5bf1d018912c116bf2783e9a1,mexican,5,2,1074.0,2,275,799,46.0,64.0,73.0,50.43333333333333,20,0,0,-0.8660254037844386,0.5000000000000001,524,537.0,1.0,1.3617021276595744,0.0,1.553191489361702
4,2015-01-24 20:58:29,2015-01-24 21:50:52,49ad23d1ec9fa4bd8d77d02681df5cfa,sandwich,2,9,4914.0,6,420,630,33.0,49.0,38.0,52.38333333333333,20,5,1,-0.8660254037844386,0.5000000000000001,210,546.0,1.5,1.4411764705882353,0.0,1.1176470588235294
3,2015-01-27 20:04:09,2015-01-27 21:04:18,ff5f900bac84c058978c6b16f895131f,other,4,2,628.0,2,209,419,37.0,34.0,41.0,60.15,20,1,0,-0.8660254037844386,0.5000000000000001,210,314.0,1.0,0.8947368421052632,3.0,1.0789473684210527
4,2015-01-25 00:38:09,2015-01-25 01:27:29,aab3238922bcc25a6f606eb525ffdc56,greek,3,3,2150.0,3,450,1050,53.0,75.0,48.0,49.333333333333336,0,6,1,0.0,1.0,600,716.6666666666666,1.0,1.3888888888888888,0.0,0.8888888888888888
2,2015-02-01 00:08:25,2015-02-01 00:50:28,2421fcb1263b9530df88f7f002e78ea5,pizza,1,2,2295.0,2,310,1985,28.0,28.0,32.0,42.05,0,6,1,0.0,1.0,1675,1147.5,1.0,0.9655172413793104,0.0,1.103448275862069
3,2015-02-12 03:18:11,2015-02-12 04:13:28,0501b4e3f17a759d1ac23462859567a7,fast,4,5,1334.0,4,128,479,0.0,0.0,0.0,55.28333333333333,3,3,0,0.7071067811865475,0.7071067811865476,351,266.8,1.25,0.0,0.0,0.0
2,2015-01-28 01:52:51,2015-01-28 02:40:09,a42a596fc71e17828440030074d15e74,chinese,3,1,2998.0,1,2599,2599,91.0,87.0,114.0,47.3,1,2,0,0.25881904510252074,0.9659258262890683,0,2998.0,1.0,0.9456521739130435,4.0,1.2391304347826086
1,2015-02-18 02:43:17,2015-02-18 03:24:45,83a368f54768f506b833130584455df4,indian,1,5,2997.0,5,200,999,52.0,51.0,64.0,41.46666666666667,2,2,0,0.49999999999999994,0.8660254037844387,799,599.4,1.0,0.9622641509433962,1.0,1.2075471698113207
4,2015-02-08 02:05:25,2015-02-08 02:38:03,e07413354875be01a996dc560274708e,thai,3,1,1495.0,1,1495,1495,108.0,68.0,125.0,32.63333333333333,2,6,1,0.49999999999999994,0.8660254037844387,0,1495.0,1.0,0.6238532110091743,40.0,1.146788990825688
2,2015-01-26 21:01:27,2015-01-26 22:10:46,5c71dd758876eed351796c7cd2e56a54,other,2,6,2650.0,5,350,450,50.0,69.0,55.0,69.31666666666666,21,0,0,-0.7071067811865477,0.7071067811865474,100,441.6666666666667,1.2,1.3529411764705883,0.0,1.0784313725490196
5,2015-01-24 22:37:57,2015-01-24 23:00:02,8b58bfa9e198667418d251769277200c,dessert,4,1,849.0,1,849,849,10.0,14.0,8.0,22.083333333333332,22,5,1,-0.5000000000000004,0.8660254037844384,0,849.0,1.0,1.2727272727272727,0.0,0.7272727272727273
4,2015-02-05 01:11:28,2015-02-05 01:59:15,c20ad4d76fe97759aa27a0c99bff6710,vietnamese,5,2,1775.0,2,375,875,75.0,67.0,99.0,47.78333333333333,1,3,0,0.25881904510252074,0.9659258262890683,500,887.5,1.0,0.881578947368421,8.0,1.3026315789473684
2,2015-02-14 23:08:17,2015-02-14 23:35:36,faacbcd5bf1d018912c116bf2783e9a1,mexican,5,4,2848.0,3,649,799,53.0,53.0,64.0,27.316666666666666,23,5,1,-0.25881904510252157,0.9659258262890681,150,712.0,1.3333333333333333,0.9814814814814815,0.0,1.1851851851851851
1,2015-01-22 01:02:08,2015-01-22 02:00:17,79da9938d61a8bb4ddeead82d229441a,burger,5,3,1550.0,3,50,1000,3.0,3.0,2.0,58.15,1,3,0,0.25881904510252074,0.9659258262890683,950,516.6666666666666,1.0,0.75,0.0,0.5
6,2015-02-05 04:55:13,2015-02-05 05:35:27,86a1fa88adb5c33bd7a68ac2f9f3f96b,chinese,3,3,2500.0,3,100,1400,37.0,34.0,41.0,40.233333333333334,4,3,0,0.8660254037844386,0.5000000000000001,1300,833.3333333333334,1.0,0.8947368421052632,3.0,1.0789473684210527
2,2015-02-08 02:06:36,2015-02-08 02:57:49,1ff8a7b5dc7a7d1f0ed65aaa29c04b1e,japanese,1,4,2792.0,3,399,1499,133.0,92.0,149.0,51.21666666666667,2,6,1,0.49999999999999994,0.8660254037844387,1100,698.0,1.3333333333333333,0.6865671641791045,41.0,1.1119402985074627
2,2015-02-11 05:41:03,2015-02-11 06:07:34,b783acd4479bf1b8a981bb023b363043,american,1,2,1898.0,2,279,1619,25.0,20.0,25.0,26.516666666666666,5,2,0,0.9659258262890683,0.25881904510252074,1340,949.0,1.0,0.7692307692307693,5.0,0.9615384615384616
5,2015-02-08 23:49:05,2015-02-09 00:39:43,b93d43f13fcac0fdca43fda781fd1062,italian,1,4,5501.0,4,540,1769,11.0,14.0,16.0,50.63333333333333,23,6,1,-0.25881904510252157,0.9659258262890681,1229,1375.25,1.0,1.1666666666666667,0.0,1.3333333333333333
1,2015-02-14 00:33:12,2015-02-14 01:05:24,cc0991344c3d760ae42259064406bae1,pizza,3,2,1798.0,2,299,1499,23.0,23.0,18.0,32.2,0,5,1,0.0,1.0,1200,899.0,1.0,0.9583333333333334,0.0,0.75
5,2015-02-16 02:38:39,2015-02-16 03:43:45,52fe8f09c95a49a4c296c735c32c8678,chinese,5,4,2575.0,3,175,1150,25.0,25.0,38.0,65.1,2,0,0,0.49999999999999994,0.8660254037844387,975,643.75,1.3333333333333333,0.9615384615384616,0.0,1.4615384615384615
5,2015-02-14 01:34:05,2015-02-14 02:26:35,0e16366727185813f59d4a9467878901,thai,5,5,3150.0,5,100,1200,46.0,29.0,35.0,52.5,1,5,1,0.25881904510252074,0.9659258262890683,1100,630.0,1.0,0.6170212765957447,17.0,0.7446808510638298
5,2015-02-09 02:00:22,2015-02-09 02:38:29,6a83c731660fcc9f14e1ce0b62d45eb9,mexican,1,2,1700.0,2,750,950,47.0,20.0,46.0,38.11666666666667,2,0,0,0.49999999999999994,0.8660254037844387,200,850.0,1.0,0.4166666666666667,27.0,0.9583333333333334
4,2015-02-05 01:57:41,2015-02-05 03:03:38,e7b24b112a44fdd9ee93bdf998c6ca0e,other,5,4,7084.0,4,1295,2395,97.0,89.0,164.0,65.95,1,3,0,0.25881904510252074,0.9659258262890683,1100,1771.0,1.0,0.9081632653061225,8.0,1.6734693877551021
4,2015-02-17 18:25:28,2015-02-17 18:50:46,eb9fc349601c69352c859c1faa287874,other,4,1,445.0,1,375,375,24.0,17.0,21.0,25.3,18,1,0,-1.0,-1.8369701987210297e-16,0,445.0,1.0,0.68,7.0,0.84
1,2015-02-17 23:59:01,2015-02-18 01:09:02,5b8ac1bf8013b0204a2c0e1988aafe75,japanese,5,2,1790.0,2,895,895,10.0,10.0,11.0,70.01666666666667,23,1,0,-0.25881904510252157,0.9659258262890681,0,895.0,1.0,0.9090909090909091,0.0,1.0
2,2015-01-24 21:51:15,2015-01-24 22:31:08,8d3bba7425e7c98c50f52ca1b52d3735,american,3,2,2990.0,2,895,2095,35.0,58.0,54.0,39.88333333333333,21,5,1,-0.7071067811865477,0.7071067811865474,1200,1495.0,1.0,1.6111111111111112,0.0,1.5
4,2015-02-08 17:43:24,2015-02-08 18:24:35,cd4bb35c75ba84b4f39e547b1416fd35,dessert,5,3,3240.0,3,895,1250,10.0,10.0,11.0,41.18333333333333,17,6,1,-0.9659258262890683,-0.25881904510252063,355,1080.0,1.0,0.9090909090909091,0.0,1.0
2,2015-02-09 21:05:36,2015-02-09 21:43:58,1385974ed5904a438616ff7bdb3f7439,mexican,5,2,989.0,2,190,799,43.0,48.0,47.0,38.36666666666667,21,0,0,-0.7071067811865477,0.7071067811865474,609,494.5,1.0,1.0909090909090908,0.0,1.0681818181818181
6,2015-01-31 20:27:47,2015-01-31 20:59:51,342ef6bdc0e1b86ad80691801479c43d,pizza,3,2,3355.0,2,1300,1855,37.0,34.0,41.0,32.06666666666667,20,5,1,-0.8660254037844386,0.5000000000000001,555,1677.5,1.0,0.8947368421052632,3.0,1.0789473684210527
3,2015-02-15 01:05:17,2015-02-15 01:32:55,87ae6fb631f7c8a627e8e28785d9992d,american,1,2,3050.0,1,1525,1525,37.0,34.0,41.0,27.633333333333333,1,6,1,0.25881904510252074,0.9659258262890683,0,1525.0,2.0,0.8947368421052632,3.0,1.0789473684210527
4,2015-02-02 02:18:33,2015-02-02 03:51:15,a89cf525e1d9f04d16ce31165e139a4b,american,3,3,2450.0,3,800,850,48.0,42.0,90.0,92.7,2,0,0,0.49999999999999994,0.8660254037844387,50,816.6666666666666,1.0,0.8571428571428571,6.0,1.836734693877551
3,2015-01-28 01:13:06,2015-01-28 01:49:22,fc5dda17bef960b7c200e7d8063142ec,greek,3,2,1578.0,2,699,879,20.0,19.0,18.0,36.266666666666666,1,2,0,0.25881904510252074,0.9659258262890683,180,789.0,1.0,0.9047619047619048,1.0,0.8571428571428571
4,2015-02-09 23:48:06,2015-02-10 00:24:11,cd4bb35c75ba84b4f39e547b1416fd35,dessert,5,4,4850.0,3,1150,1250,17.0,14.0,14.0,36.083333333333336,23,0,0,-0.25881904510252157,0.9659258262890681,100,1212.5,1.3333333333333333,0.7777777777777778,3.0,0.7777777777777778
2,2015-01-29 02:11:05,2015-01-29 03:06:10,1be3bc32e6564055d5ca3e5a354acbef,american,3,2,1618.0,2,739,749,58.0,51.0,62.0,55.083333333333336,2,3,0,0.49999999999999994,0.8660254037844387,10,809.0,1.0,0.864406779661017,7.0,1.0508474576271187
1,2015-02-02 01:53:05,2015-02-02 03:56:41,f64eac11f2cd8f0efa196f8ad173178e,japanese,1,2,7100.0,2,3000,3750,32.0,34.0,61.0,123.6,1,0,0,0.25881904510252074,0.9659258262890683,750,3550.0,1.0,1.0303030303030303,0.0,1.8484848484848484
2,2015-02-12 22:21:03,2015-02-12 23:11:19,7d12b66d3df6af8d429c1a357d8b9e1a,mexican,5,1,1278.0,1,849,849,20.0,18.0,17.0,50.266666666666666,22,3,0,-0.5000000000000004,0.8660254037844384,0,1278.0,1.0,0.8571428571428571,2.0,0.8095238095238095
5,2015-01-22 03:10:13,2015-01-22 03:48:25,abbcf60674d48894b8ea294e4f23b41e,pizza,3,2,2298.0,2,699,1599,49.0,31.0,48.0,38.2,3,3,0,0.7071067811865475,0.7071067811865476,900,1149.0,1.0,0.62,18.0,0.96
1,2015-02-07 22:22:05,2015-02-07 23:20:20,374939012129c174e451f0f64be3bfea,fast,4,3,693.0,3,0,249,6.0,6.0,8.0,58.25,22,5,1,-0.5000000000000004,0.8660254037844384,249,231.0,1.0,0.8571428571428571,0.0,1.1428571428571428
2,2015-01-31 00:49:48,2015-01-31 01:29:04,b13b768ca3df456b8a0423880c3b239b,pizza,3,3,2873.0,3,125,1599,52.0,53.0,66.0,39.266666666666666,0,5,1,0.0,1.0,1474,957.6666666666666,1.0,1.0,0.0,1.2452830188679245
1,2015-02-06 01:19:03,2015-02-06 01:57:09,e3019767b1b23f82883c9850356b71d6,pizza,1,2,2924.0,2,249,1475,6.0,3.0,3.0,38.1,1,4,0,0.25881904510252074,0.9659258262890683,1226,1462.0,1.0,0.42857142857142855,3.0,0.42857142857142855
3,2015-02-09 02:08:18,2015-02-09 02:32:50,62dad6e273d32235ae02b7d321578ee8,mexican,3,4,2680.0,4,395,995,16.0,14.0,14.0,24.533333333333335,2,0,0,0.49999999999999994,0.8660254037844387,600,670.0,1.0,0.8235294117647058,2.0,0.8235294117647058
2,2015-02-13 01:47:13,2015-02-13 02:42:26,1e63c54b315e95a1dc1d01d4dfc6e272,fast,3,3,2188.0,3,579,740,88.0,77.0,111.0,55.21666666666667,1,4,0,0.25881904510252074,0.9659258262890683,161,729.3333333333334,1.0,0.8651685393258427,11.0,1.247191011235955
1,2015-01-24 03:20:47,2015-01-24 04:16:22,4cb2c784110fa31d56c0d67b36d19cab,american,5,2,1965.0,2,655,1310,65.0,67.0,92.0,55.583333333333336,3,5,1,0.7071067811865475,0.7071067811865476,655,982.5,1.0,1.0151515151515151,0.0,1.393939393939394
1,2015-01-27 00:46:38,2015-01-27 01:27:07,2d405b367158e3f12d7c1e31a96b3af3,pizza,3,5,6535.0,5,499,1999,10.0,10.0,9.0,40.483333333333334,0,1,0,0.0,1.0,1500,1307.0,1.0,0.9090909090909091,0.0,0.8181818181818182
3,2015-02-03 21:14:38,2015-02-03 22:07:40,7a430339c10c642c4b2251756fd1b484,fast,4,2,1080.0,2,345,735,14.0,17.0,20.0,53.03333333333333,21,1,0,-0.7071067811865477,0.7071067811865474,390,540.0,1.0,1.1333333333333333,0.0,1.3333333333333333
5,2015-01-25 23:01:59,2015-01-25 23:42:23,0e9a570f97a6f2a4e1326a10228176a4,italian,1,4,4290.0,4,850,1075,11.0,15.0,13.0,40.4,23,6,1,-0.25881904510252157,0.9659258262890681,225,1072.5,1.0,1.25,0.0,1.0833333333333333
2,2015-02-07 22:30:00,2015-02-07 23:03:31,eda80a3d5b344bc40f3bc04f65b7a357,dessert,5,3,2185.0,2,695,795,56.0,52.0,63.0,33.516666666666666,22,5,1,-0.5000000000000004,0.8660254037844384,100,728.3333333333334,1.5,0.9122807017543859,4.0,1.105263157894737
2,2015-02-06 02:43:04,2015-02-06 03:20:13,ebd9629fc3ae5e9f6611e2ee05a31cef,thai,5,1,995.0,1,995,995,67.0,51.0,69.0,37.15,2,4,0,0.49999999999999994,0.8660254037844387,0,995.0,1.0,0.75,16.0,1.0147058823529411
2,2015-01-23 03:52:30,2015-01-23 04:42:02,44766fb4dd4e4977e75a9321cbc6413e,american,1,1,1575.0,1,1150,1150,40.0,43.0,65.0,49.53333333333333,3,4,0,0.7071067811865475,0.7071067811865476,0,1575.0,1.0,1.048780487804878,0.0,1.5853658536585367
4,2015-02-09 20:14:32,2015-02-09 22:52:09,9bf31c7ff062936a96d3c8bd1f8f2ff3,sandwich,3,2,2531.0,2,247,1329,69.0,63.0,136.0,157.61666666666667,20,0,0,-0.8660254037844386,0.5000000000000001,1082,1265.5,1.0,0.9,6.0,1.9428571428571428
3,2015-02-03 01:22:58,2015-02-03 02:42:10,7fa2bf754c748d931e34e03e032f4e72,burger,4,3,1125.0,2,195,410,0.0,0.0,0.0,79.2,1,1,0,0.25881904510252074,0.9659258262890683,215,375.0,1.5,0.0,0.0,0.0
2,2015-02-09 01:40:19,2015-02-09 02:12:27,70821a40b06f8751781d5a895357da67,chinese,1,4,3690.0,4,695,1275,133.0,73.0,115.0,32.13333333333333,1,0,0,0.25881904510252074,0.9659258262890683,580,922.5,1.0,0.5447761194029851,60.0,0.8582089552238806
1,2015-01-29 04:13:28,2015-01-29 04:44:30,96b8294326cb6595573cf2689f3f6dda,other,3,1,1900.0,1,1350,1350,23.0,24.0,25.0,31.033333333333335,4,3,0,0.8660254037844386,0.5000000000000001,0,1900.0,1.0,1.0,0.0,1.0416666666666667
1,2015-01-26 19:57:39,2015-01-26 20:24:56,7e1d842d0f7ee600116ffc6b2d87d83f,sandwich,1,2,1393.0,2,439,962,35.0,33.0,29.0,27.283333333333335,19,0,0,-0.9659258262890684,0.2588190451025203,523,696.5,1.0,0.9166666666666666,2.0,0.8055555555555556
4,2015-02-07 22:54:14,2015-02-07 23:18:48,555d6702c950ecb729a966504af0a635,other,5,2,1875.0,2,575,1250,28.0,26.0,30.0,24.566666666666666,22,5,1,-0.5000000000000004,0.8660254037844384,675,937.5,1.0,0.896551724137931,2.0,1.0344827586206897
2,2015-01-23 01:23:44,2015-01-23 02:07:40,882132e4d6bca5186438b69d496890d3,american,5,7,4690.0,7,395,995,57.0,54.0,79.0,43.93333333333333,1,4,0,0.25881904510252074,0.9659258262890683,600,670.0,1.0,0.9310344827586207,3.0,1.3620689655172413
1,2015-01-26 02:56:41,2015-01-26 03:30:27,f0e1f0412f36e086dc5f596b84370e86,vietnamese,1,4,2090.0,2,300,745,45.0,40.0,41.0,33.766666666666666,2,0,0,0.49999999999999994,0.8660254037844387,445,522.5,2.0,0.8695652173913043,5.0,0.8913043478260869
4,2015-01-24 02:37:24,2015-01-24 03:30:58,161a0bc87ac54b4297446a1b23b0b3e1,mediterranean,3,8,4392.0,5,299,899,127.0,122.0,195.0,53.56666666666667,2,5,1,0.49999999999999994,0.8660254037844387,600,549.0,1.6,0.953125,5.0,1.5234375
2,2015-01-29 00:30:10,2015-01-29 01:04:36,8dd48d6a2e2cad213179a3992c0be53c,sandwich,3,3,2565.0,3,625,895,37.0,39.0,39.0,34.43333333333333,0,3,0,0.0,1.0,270,855.0,1.0,1.0263157894736843,0.0,1.0263157894736843
2,2015-02-14 04:24:49,2015-02-14 05:18:40,757b505cfd34c64c85ca5b5690ee5293,american,3,1,819.0,1,819,819,110.0,109.0,172.0,53.85,4,5,1,0.8660254037844386,0.5000000000000001,0,819.0,1.0,0.9819819819819819,1.0,1.5495495495495495
2,2015-01-29 22:09:28,2015-01-29 22:42:17,b8b9c74ac526fffbeb2d39ab038d1cd7,other,4,4,1520.0,3,175,345,32.0,24.0,25.0,32.81666666666667,22,3,0,-0.5000000000000004,0.8660254037844384,170,380.0,1.3333333333333333,0.7272727272727273,8.0,0.7575757575757576
1,2015-01-30 03:50:35,2015-01-30 04:38:37,11b921ef080f7736089c757404650e40,pizza,1,1,2295.0,1,2295,2295,52.0,54.0,69.0,48.03333333333333,3,4,0,0.7071067811865475,0.7071067811865476,0,2295.0,1.0,1.0188679245283019,0.0,1.3018867924528301
2,2015-01-24 01:26:18,2015-01-24 02:23:19,f73b76ce8949fe29bf2a537cfa420e8f,burger,5,8,4475.0,4,275,950,72.0,59.0,92.0,57.016666666666666,1,5,1,0.25881904510252074,0.9659258262890683,675,559.375,2.0,0.8082191780821918,13.0,1.2602739726027397
3,2015-02-11 02:11:50,2015-02-11 03:07:45,f73a9f957962cd73fce51078b5b9614f,mexican,1,2,1818.0,1,859,859,20.0,11.0,11.0,55.916666666666664,2,2,0,0.49999999999999994,0.8660254037844387,0,909.0,2.0,0.5238095238095238,9.0,0.5238095238095238
2,2015-02-07 22:10:42,2015-02-07 22:50:59,f15d337c70078947cfe1b5d6f0ed3f13,dessert,5,4,4030.0,4,550,1195,53.0,56.0,69.0,40.28333333333333,22,5,1,-0.5000000000000004,0.8660254037844384,645,1007.5,1.0,1.037037037037037,0.0,1.2777777777777777
2,2015-01-25 05:57:16,2015-01-25 06:51:27,aec851e565646f6835e915293381e20a,burger,1,2,2206.0,2,399,1099,14.0,25.0,18.0,54.18333333333333,5,6,1,0.9659258262890683,0.25881904510252074,700,1103.0,1.0,1.6666666666666667,0.0,1.2
4,2015-02-05 15:48:40,2015-02-05 16:36:47,6a508a60aa3bf9510ea6acb021c94b48,breakfast,3,3,1685.0,3,195,995,2.0,1.0,2.0,48.11666666666667,15,3,0,-0.7071067811865471,-0.7071067811865479,800,561.6666666666666,1.0,0.3333333333333333,1.0,0.6666666666666666
4,2015-01-28 01:54:53,2015-01-28 02:31:01,0d0fd7c6e093f7b804fa0150b875b868,american,5,4,4460.0,4,945,1150,73.0,63.0,76.0,36.13333333333333,1,2,0,0.25881904510252074,0.9659258262890683,205,1115.0,1.0,0.8513513513513513,10.0,1.027027027027027
5,2015-02-13 03:01:42,2015-02-13 03:38:08,5178db2466fc5ad9f0f2354a3f504d82,fast,4,1,2975.0,1,2975,2975,36.0,19.0,34.0,36.43333333333333,3,4,0,0.7071067811865475,0.7071067811865476,0,2975.0,1.0,0.5135135135135135,17.0,0.918918918918919
2,2015-02-07 03:20:42,2015-02-07 04:09:35,251153e64ad2285086823c82d267ef12,pizza,3,2,3034.0,2,541,2298,61.0,57.0,121.0,48.88333333333333,3,5,1,0.7071067811865475,0.7071067811865476,1757,1517.0,1.0,0.9193548387096774,4.0,1.9516129032258065
1,2015-01-23 01:52:37,2015-01-23 02:43:58,3493894fa4ea036cfc6433c3e2ee63b0,indian,1,7,6775.0,5,345,1995,44.0,41.0,42.0,51.35,1,4,0,0.25881904510252074,0.9659258262890683,1650,967.8571428571429,1.4,0.9111111111111111,3.0,0.9333333333333333
1,2015-02-05 02:50:17,2015-02-05 04:39:07,784a9c5bcc529fa412b038c974aac419,vietnamese,1,7,4625.0,4,275,1375,14.0,15.0,27.0,108.83333333333333,2,3,0,0.49999999999999994,0.8660254037844387,1100,660.7142857142857,1.75,1.0,0.0,1.8
1,2015-02-09 01:00:40,2015-02-09 01:39:01,4e6cd95227cb0c280e99a195be5f6615,american,1,4,2080.0,4,395,695,28.0,30.0,39.0,38.35,1,0,0,0.25881904510252074,0.9659258262890683,300,520.0,1.0,1.0344827586206897,0.0,1.3448275862068966
1,2015-02-07 23:00:19,2015-02-07 23:41:17,30ef30b64204a3088a26bc2e6ecf7602,burger,1,6,2950.0,4,300,1300,20.0,20.0,25.0,40.96666666666667,23,5,1,-0.25881904510252157,0.9659258262890681,1000,491.6666666666667,1.5,0.9523809523809523,0.0,1.1904761904761905
4,2015-02-15 02:42:51,2015-02-15 04:17:21,ea5d2f1c4608232e07d3aa3d998e5135,japanese,2,5,4700.0,5,550,1600,98.0,93.0,167.0,94.5,2,6,1,0.49999999999999994,0.8660254037844387,1050,940.0,1.0,0.9393939393939394,5.0,1.6868686868686869
2,2015-02-13 02:55:12,2015-02-13 03:31:07,dab9cfb7282558f06d995e4dcbad5b50,other,3,1,700.0,1,700,700,75.0,67.0,98.0,35.916666666666664,2,4,0,0.49999999999999994,0.8660254037844387,0,700.0,1.0,0.881578947368421,8.0,1.2894736842105263
5,2015-02-08 22:49:58,2015-02-08 23:21:36,a6ce91443f690d0979d788694448382d,mexican,4,3,2825.0,2,525,1150,14.0,11.0,13.0,31.633333333333333,22,6,1,-0.5000000000000004,0.8660254037844384,625,941.6666666666666,1.5,0.7333333333333333,3.0,0.8666666666666667
1,2015-02-07 19:59:42,2015-02-07 20:58:47,e833405930e90a24f1b077fe5da8b214,fast,4,3,4673.0,3,275,3750,6.0,6.0,7.0,59.083333333333336,19,5,1,-0.9659258262890684,0.2588190451025203,3475,1557.6666666666667,1.0,0.8571428571428571,0.0,1.0
5,2015-01-27 22:28:29,2015-01-27 23:07:20,b2531e7bb29bf22e1daae486fae3417a,american,2,4,3271.0,3,499,799,8.0,3.0,3.0,38.85,22,1,0,-0.5000000000000004,0.8660254037844384,300,817.75,1.3333333333333333,0.3333333333333333,5.0,0.3333333333333333
4,2015-02-15 20:58:37,2015-02-15 21:22:15,c4de8ced6214345614d33fb0b16a8acd,american,3,2,2250.0,2,1025,1225,52.0,41.0,55.0,23.633333333333333,20,6,1,-0.8660254037844386,0.5000000000000001,200,1125.0,1.0,0.7735849056603774,11.0,1.0377358490566038
1,2015-02-07 21:26:26,2015-02-07 22:06:00,2aedcba61ca55ceb62d785c6b7f10a83,breakfast,2,1,2000.0,1,2000,2000,22.0,18.0,20.0,39.56666666666667,21,5,1,-0.7071067811865477,0.7071067811865474,0,2000.0,1.0,0.782608695652174,4.0,0.8695652173913043
4,2015-01-27 01:59:16,2015-01-27 02:45:08,642e92efb79421734881b53e1e1b18b6,chinese,5,3,1495.0,2,150,1195,87.0,116.0,137.0,45.86666666666667,1,1,0,0.25881904510252074,0.9659258262890683,1045,498.3333333333333,1.5,1.3181818181818181,0.0,1.5568181818181819
1,2015-01-29 19:28:09,2015-01-29 20:14:07,912d2b1c7b2826caf99687388d2e8f7c,pizza,5,1,1087.0,1,799,799,18.0,20.0,21.0,45.96666666666667,19,3,0,-0.9659258262890684,0.2588190451025203,0,1087.0,1.0,1.0526315789473684,0.0,1.105263157894737
2,2015-01-27 19:34:24,2015-01-27 20:29:00,84d9ee44e457ddef7f2c4f25dc8fa865,sandwich,3,10,8843.0,8,163,1221,46.0,44.0,51.0,54.6,19,1,0,-0.9659258262890684,0.2588190451025203,1058,884.3,1.25,0.9361702127659575,2.0,1.0851063829787233
4,2015-02-09 23:02:17,2015-02-09 23:29:50,9af76329c78e28c977ab1bcd1c3fe9b8,sandwich,3,1,779.0,1,779,779,17.0,7.0,8.0,27.55,23,0,0,-0.25881904510252157,0.9659258262890681,0,779.0,1.0,0.3888888888888889,10.0,0.4444444444444444
3,2015-02-16 19:20:07,2015-02-16 20:28:20,0f9cfb7a9acced8a4167ea8006fdd080,sandwich,1,10,2670.0,6,75,799,7.0,7.0,14.0,68.21666666666667,19,0,0,-0.9659258262890684,0.2588190451025203,724,267.0,1.6666666666666667,0.875,0.0,1.75
5,2015-02-07 03:08:47,2015-02-07 03:46:02,d6b5b6924f7f8118104cd3e3921deeac,pizza,3,2,3300.0,2,600,2400,31.0,24.0,36.0,37.25,3,5,1,0.7071067811865475,0.7071067811865476,1800,1650.0,1.0,0.75,7.0,1.125
4,2015-01-21 21:52:07,2015-01-21 22:17:13,417346143631ba772ccbbb20c6c4151b,salad,3,3,1245.0,3,75,795,26.0,15.0,14.0,25.1,21,2,0,-0.7071067811865477,0.7071067811865474,720,415.0,1.0,0.5555555555555556,11.0,0.5185185185185185
4,2015-02-17 04:54:01,2015-02-17 05:29:44,3416a75f4cea9109507cacd8e2f2aefc,indian,3,6,9225.0,3,350,1895,44.0,38.0,43.0,35.71666666666667,4,1,0,0.8660254037844386,0.5000000000000001,1545,1537.5,2.0,0.8444444444444444,6.0,0.9555555555555556
4,2015-02-18 01:33:29,2015-02-18 02:09:06,7bcdf75ad237b8e02e301f4091fb6bc8,other,5,5,2496.0,3,450,599,60.0,57.0,88.0,35.61666666666667,1,2,0,0.25881904510252074,0.9659258262890683,149,499.2,1.6666666666666667,0.9344262295081968,3.0,1.4426229508196722
3,2015-02-02 04:53:51,2015-02-02 06:28:31,b54a39e62236c79ee0536b932f6e76b3,american,1,3,2487.0,3,339,1279,3.0,6.0,16.0,94.66666666666667,4,0,0,0.8660254037844386,0.5000000000000001,940,829.0,1.0,1.5,0.0,4.0
5,2015-02-17 03:27:14,2015-02-17 04:12:21,3fbb8f37336fad94af96e09ac656809a,burger,1,2,1018.0,2,249,669,47.0,39.0,57.0,45.11666666666667,3,1,0,0.7071067811865475,0.7071067811865476,420,509.0,1.0,0.8125,8.0,1.1875
2,2015-02-09 20:39:43,2015-02-09 21:14:56,db5f9f42a7157abe65bb145000b5871a,vietnamese,5,3,1725.0,3,265,880,52.0,51.0,55.0,35.21666666666667,20,0,0,-0.8660254037844386,0.5000000000000001,615,575.0,1.0,0.9622641509433962,1.0,1.0377358490566038
5,2015-02-05 00:00:32,2015-02-05 00:32:39,a2f94d8e28139ce8120147d24fe3b8f6,american,1,1,1259.0,1,1209,1209,10.0,0.0,0.0,32.11666666666667,0,3,0,0.0,1.0,0,1259.0,1.0,0.0,10.0,0.0
2,2015-01-22 00:50:04,2015-01-22 01:45:05,9872ed9fc22fc182d371c3e9ed316094,other,3,6,4175.0,6,275,1000,30.0,23.0,23.0,55.016666666666666,0,3,0,0.0,1.0,725,695.8333333333334,1.0,0.7419354838709677,7.0,0.7419354838709677
1,2015-01-23 22:36:11,2015-01-23 23:15:19,9adeb82fffb5444e81fa0ce8ad8afe7a,salad,1,5,4899.0,5,150,1400,7.0,6.0,6.0,39.13333333333333,22,4,0,-0.5000000000000004,0.8660254037844384,1250,979.8,1.0,0.75,1.0,0.75
2,2015-01-26 17:54:16,2015-01-26 18:33:51,edc27f139c3b4e4bb29d1cdbc45663f9,salad,3,3,1337.0,2,319,469,9.0,28.0,12.0,39.583333333333336,17,0,0,-0.9659258262890683,-0.25881904510252063,150,445.6666666666667,1.5,2.8,0.0,1.2
4,2015-01-26 19:18:46,2015-01-26 20:08:36,0d6d4579fd82b21026c44e6910669fcf,other,3,1,719.0,1,719,719,21.0,45.0,23.0,49.833333333333336,19,0,0,-0.9659258262890684,0.2588190451025203,0,719.0,1.0,2.0454545454545454,0.0,1.0454545454545454
1,2015-02-14 00:17:11,2015-02-14 01:11:14,571d3a9420bfd9219f65b643d0003bf4,burger,1,2,1175.0,1,517,549,13.0,9.0,16.0,54.05,0,5,1,0.0,1.0,32,587.5,2.0,0.6428571428571429,4.0,1.1428571428571428
4,2015-01-23 19:30:42,2015-01-23 20:11:26,d1fe173d08e959397adf34b1d77e88d7,other,3,6,5994.0,1,999,999,73.0,72.0,125.0,40.733333333333334,19,4,0,-0.9659258262890684,0.2588190451025203,0,999.0,6.0,0.972972972972973,1.0,1.6891891891891893
6,2015-02-10 20:12:11,2015-02-10 21:16:22,a7f3d45a6782bc654321c0a9bc92ca66,unknown,5,2,1540.0,2,745,795,37.0,34.0,41.0,64.18333333333334,20,1,0,-0.8660254037844386,0.5000000000000001,50,770.0,1.0,0.8947368421052632,3.0,1.0789473684210527
4,2015-02-18 01:46:14,2015-02-18 02:15:20,8f1922a57790242d2297a922019048ec,pizza,3,1,1195.0,1,1195,1195,73.0,71.0,114.0,29.1,1,2,0,0.25881904510252074,0.9659258262890683,0,1195.0,1.0,0.9594594594594594,2.0,1.5405405405405406
4,2015-01-22 01:49:49,2015-01-22 02:37:02,3f2dff7862a70f97a59a1fa02c3ec110,burger,4,4,2206.0,3,499,669,11.0,8.0,10.0,47.21666666666667,1,3,0,0.25881904510252074,0.9659258262890683,170,551.5,1.3333333333333333,0.6666666666666666,3.0,0.8333333333333334
6,2015-02-07 02:15:58,2015-02-07 02:54:23,71f07bf95f0113eefab12552181dd832,japanese,3,1,1395.0,1,1395,1395,37.0,34.0,41.0,38.416666666666664,2,5,1,0.49999999999999994,0.8660254037844387,0,1395.0,1.0,0.8947368421052632,3.0,1.0789473684210527
1,2015-02-07 03:45:20,2015-02-07 04:29:44,db2b4182156b2f1f817860ac9f409ad7,chinese,5,5,2650.0,4,150,1350,0.0,0.0,0.0,44.4,3,5,1,0.7071067811865475,0.7071067811865476,1200,530.0,1.25,0.0,0.0,0.0
3,2015-01-25 05:46:16,2015-01-25 06:23:15,1d0787d664c95f8c2adb1da311af3c78,american,1,3,1948.0,3,300,1049,14.0,11.0,7.0,36.983333333333334,5,6,1,0.9659258262890683,0.25881904510252074,749,649.3333333333334,1.0,0.7333333333333333,3.0,0.4666666666666667
3,2015-02-07 02:44:10,2015-02-07 03:33:48,6f04f0d75f6870858bae14ac0b6d9f73,other,1,2,4278.0,2,1277,2479,49.0,50.0,46.0,49.63333333333333,2,5,1,0.49999999999999994,0.8660254037844387,1202,2139.0,1.0,1.0,0.0,0.92
6,2015-02-03 21:24:06,2015-02-03 22:15:42,f3507289cfdc8c9ae93f4098111a13f9,indian,1,4,6480.0,4,1295,1895,37.0,34.0,41.0,51.6,21,1,0,-0.7071067811865477,0.7071067811865474,600,1620.0,1.0,0.8947368421052632,3.0,1.0789473684210527
4,2015-01-22 03:21:59,2015-01-22 04:04:03,f47d0ad31c4c49061b9e505593e3db98,burger,5,3,2995.0,3,445,1325,75.0,52.0,82.0,42.06666666666667,3,3,0,0.7071067811865475,0.7071067811865476,880,998.3333333333334,1.0,0.6842105263157895,23.0,1.0789473684210527
1,2015-02-05 02:15:40,2015-02-05 03:17:42,b0a665a28efd91535abb111d656ecd04,vietnamese,4,1,1200.0,1,1200,1200,37.0,34.0,41.0,62.03333333333333,2,3,0,0.49999999999999994,0.8660254037844387,0,1200.0,1.0,0.8947368421052632,3.0,1.0789473684210527
3,2015-02-09 20:33:42,2015-02-09 21:20:31,13384ffc9d8bdb21c53c6f72d46f7866,mediterranean,2,3,3075.0,2,729,779,27.0,22.0,20.0,46.81666666666667,20,0,0,-0.8660254037844386,0.5000000000000001,50,1025.0,1.5,0.7857142857142857,5.0,0.7142857142857143
4,2015-02-16 03:02:39,2015-02-16 04:03:35,6fbd841e2e4b2938351a4f9b68f12e6b,mediterranean,3,4,3575.0,4,350,1825,63.0,63.0,117.0,60.93333333333333,3,0,0,0.7071067811865475,0.7071067811865476,1475,893.75,1.0,0.984375,0.0,1.828125
6,2015-02-12 04:42:45,2015-02-12 05:05:14,b11b7e3409b27e5c6e332399362105f8,burger,2,1,979.0,1,979,979,37.0,34.0,41.0,22.483333333333334,4,3,0,0.8660254037844386,0.5000000000000001,0,979.0,1.0,0.8947368421052632,3.0,1.0789473684210527
1,2015-02-13 15:13:37,2015-02-13 15:39:12,6a5889bb0190d0211a991f47bb19a777,other,1,5,1775.0,5,195,445,1.0,0.0,0.0,25.583333333333332,15,4,0,-0.7071067811865471,-0.7071067811865479,250,355.0,1.0,0.0,1.0,0.0
5,2015-02-04 04:21:37,2015-02-04 04:53:07,09edb40ef883d346b689404badc3ec3b,american,1,2,2169.0,2,919,1250,42.0,26.0,25.0,31.5,4,2,0,0.8660254037844386,0.5000000000000001,331,1084.5,1.0,0.6046511627906976,16.0,0.5813953488372093
2,2015-02-05 01:38:43,2015-02-05 02:04:44,00ec53c4682d36f5c4359f4ae7bd7ba1,vietnamese,5,2,3000.0,1,1400,1400,73.0,52.0,75.0,26.016666666666666,1,3,0,0.25881904510252074,0.9659258262890683,0,1500.0,2.0,0.7027027027027027,21.0,1.0135135135135136
3,2015-02-12 01:03:35,2015-02-12 01:47:47,13d8532225dea4fca8e0ebdfb27b83e4,indian,3,5,5400.0,5,300,1600,14.0,7.0,7.0,44.2,1,3,0,0.25881904510252074,0.9659258262890683,1300,1080.0,1.0,0.4666666666666667,7.0,0.4666666666666667
2,2015-01-24 02:44:24,2015-01-24 04:20:58,1dc9eec5d23c9b8fbb75ab425f6e032f,sandwich,2,2,1595.0,2,300,795,56.0,57.0,95.0,96.56666666666666,2,5,1,0.49999999999999994,0.8660254037844387,495,797.5,1.0,1.0,0.0,1.6666666666666667
2,2015-02-04 03:34:32,2015-02-04 04:29:58,1770ae9e1b6bc9f5fd2841f141557ffb,japanese,1,2,2100.0,2,350,1750,98.0,94.0,126.0,55.43333333333333,3,2,0,0.7071067811865475,0.7071067811865476,1400,1050.0,1.0,0.9494949494949495,4.0,1.2727272727272727
2,2015-01-31 02:01:24,2015-01-31 02:53:29,816b112c6105b3ebd537828a39af4818,mexican,1,3,2279.0,3,378,1079,120.0,79.0,197.0,52.083333333333336,2,5,1,0.49999999999999994,0.8660254037844387,701,759.6666666666666,1.0,0.6528925619834711,41.0,1.628099173553719
2,2015-01-31 03:29:58,2015-01-31 04:41:19,faacbcd5bf1d018912c116bf2783e9a1,mexican,5,1,699.0,1,699,699,128.0,121.0,228.0,71.35,3,5,1,0.7071067811865475,0.7071067811865476,0,699.0,1.0,0.937984496124031,7.0,1.7674418604651163
1,2015-01-25 18:50:47,2015-01-25 19:20:09,dba132f6ab6a3e3d17a8d59e82105f4c,other,4,2,1268.0,2,489,529,8.0,8.0,9.0,29.366666666666667,18,6,1,-1.0,-1.8369701987210297e-16,40,634.0,1.0,0.8888888888888888,0.0,1.0
2,2015-02-01 00:47:33,2015-02-01 01:51:13,81c650caac28cdefce4de5ddc18befa0,pizza,3,7,8150.0,5,500,2000,30.0,26.0,34.0,63.666666666666664,0,6,1,0.0,1.0,1500,1164.2857142857142,1.4,0.8387096774193549,4.0,1.096774193548387
1,2015-01-28 19:44:28,2015-01-28 20:55:08,4ebccfb3e317c7789f04f7a558df4537,salad,5,12,10851.275000000023,7,450,1145,19.0,19.0,12.0,70.66666666666667,19,2,0,-0.9659258262890684,0.2588190451025203,695,904.2729166666686,1.7142857142857142,0.95,0.0,0.6
2,2015-02-14 04:55:24,2015-02-14 06:02:47,d929b8f8a107d3da0fef86743fe142f2,indian,1,1,1099.0,1,1099,1099,93.0,90.0,160.0,67.38333333333334,4,5,1,0.8660254037844386,0.5000000000000001,0,1099.0,1.0,0.9574468085106383,3.0,1.702127659574468
1,2015-02-04 01:25:48,2015-02-04 01:53:55,04ad5632029cbfbed8e136e5f6f7ddfa,burger,1,2,1400.0,2,500,900,25.0,25.0,31.0,28.116666666666667,1,2,0,0.25881904510252074,0.9659258262890683,400,700.0,1.0,0.9615384615384616,0.0,1.1923076923076923
1,2015-01-24 02:38:47,2015-01-24 03:53:21,522a9ae9a99880d39e5daec35375e999,indian,3,4,3780.0,4,395,1595,61.0,63.0,98.0,74.56666666666666,2,5,1,0.49999999999999994,0.8660254037844387,1200,945.0,1.0,1.0161290322580645,0.0,1.5806451612903225
1,2015-02-12 04:44:56,2015-02-12 05:23:41,eecccd8ff4107946c78d42265cd474b5,fast,4,8,5191.0,3,375,505,25.0,24.0,23.0,38.75,4,3,0,0.8660254037844386,0.5000000000000001,130,648.875,2.6666666666666665,0.9230769230769231,1.0,0.8846153846153846
3,2015-02-18 04:25:05,2015-02-18 05:14:04,38b4f06e27fd4f6fdcceabc6f5c068ea,fast,4,4,798.0,3,100,299,8.0,8.0,10.0,48.983333333333334,4,2,0,0.8660254037844386,0.5000000000000001,199,199.5,1.3333333333333333,0.8888888888888888,0.0,1.1111111111111112
2,2015-02-15 19:18:01,2015-02-15 19:59:08,4c4e5249f45d8cf6a0387c58ac13f514,breakfast,4,2,838.0,1,419,419,47.0,46.0,54.0,41.11666666666667,19,6,1,-0.9659258262890684,0.2588190451025203,0,419.0,2.0,0.9583333333333334,1.0,1.125
2,2015-01-31 19:56:39,2015-01-31 20:22:37,cad22bbf0e122b133c9ce941b80831e9,fast,4,2,1214.0,2,265,499,59.0,50.0,57.0,25.966666666666665,19,5,1,-0.9659258262890684,0.2588190451025203,234,607.0,1.0,0.8333333333333334,9.0,0.95
4,2015-01-30 19:17:37,2015-01-30 19:57:50,e735c2e2f0eda0a7eddc67a21cbebea6,vietnamese,2,2,2570.0,2,1181,1212,16.0,11.0,4.0,40.21666666666667,19,4,0,-0.9659258262890684,0.2588190451025203,31,1285.0,1.0,0.6470588235294118,5.0,0.23529411764705882
5,2015-02-04 21:39:08,2015-02-04 23:21:20,34dd3675a36242216e981ddc1c3064b0,burger,4,3,1267.0,3,279,519,4.0,6.0,10.0,102.2,21,2,0,-0.7071067811865477,0.7071067811865474,240,422.3333333333333,1.0,1.2,0.0,2.0
2,2015-02-08 22:33:44,2015-02-08 22:47:46,d43ab110ab2489d6b9b2caa394bf920f,mexican,5,1,799.0,1,799,799,67.0,62.0,69.0,14.033333333333333,22,6,1,-0.5000000000000004,0.8660254037844384,0,799.0,1.0,0.9117647058823529,5.0,1.0147058823529411
4,2015-01-22 04:25:35,2015-01-22 04:59:42,fbd7939d674997cdb4692d34de8633c4,chinese,3,15,9825.0,9,175,1395,71.0,53.0,58.0,34.11666666666667,4,3,0,0.8660254037844386,0.5000000000000001,1220,655.0,1.6666666666666667,0.7361111111111112,18.0,0.8055555555555556
1,2015-02-08 01:47:59,2015-02-08 02:23:19,ab4f2b5fd96ca65349119909c1eada2d,other,1,3,3297.0,3,399,1599,24.0,13.0,12.0,35.333333333333336,1,6,1,0.25881904510252074,0.9659258262890683,1200,1099.0,1.0,0.52,11.0,0.48
4,2015-02-16 20:36:31,2015-02-16 21:24:17,b3511c39b8e9c8fedc482b0f518c36eb,mediterranean,3,5,3400.0,3,500,800,57.0,56.0,89.0,47.766666666666666,20,0,0,-0.8660254037844386,0.5000000000000001,300,680.0,1.6666666666666667,0.9655172413793104,1.0,1.5344827586206897
3,2015-01-25 19:08:10,2015-01-25 19:41:53,3ce83f544dbe69bb4fb19211fc442c2f,other,1,1,1599.0,1,1599,1599,11.0,10.0,8.0,33.71666666666667,19,6,1,-0.9659258262890684,0.2588190451025203,0,1599.0,1.0,0.8333333333333334,1.0,0.6666666666666666
1,2015-01-31 16:02:03,2015-01-31 16:33:08,361440528766bbaaaa1901845cf4152b,american,1,4,2475.0,4,325,1075,5.0,2.0,3.0,31.083333333333332,16,5,1,-0.8660254037844384,-0.5000000000000004,750,618.75,1.0,0.3333333333333333,3.0,0.5
2,2015-01-23 00:50:02,2015-01-23 01:20:16,f4a4da9aa7eadfd23c7bdb7cf57b3112,other,3,5,1785.0,4,147,797,34.0,34.0,54.0,30.233333333333334,0,4,0,0.0,1.0,650,357.0,1.25,0.9714285714285714,0.0,1.542857142857143
2,2015-01-23 19:45:46,2015-01-23 21:17:08,a57e8915461b83adefb011530b711704,american,1,8,9987.0,7,453,1680,58.0,52.0,76.0,91.36666666666666,19,4,0,-0.9659258262890684,0.2588190451025203,1227,1248.375,1.1428571428571428,0.8813559322033898,6.0,1.2881355932203389
6,2015-01-26 04:17:11,2015-01-26 04:55:36,25766f01628f3d34b93a36a2301dffc9,greek,2,2,2200.0,2,1100,1100,37.0,34.0,41.0,38.416666666666664,4,0,0,0.8660254037844386,0.5000000000000001,0,1100.0,1.0,0.8947368421052632,3.0,1.0789473684210527
2,2015-02-17 02:27:10,2015-02-17 02:52:11,d43ab110ab2489d6b9b2caa394bf920f,mexican,5,2,1888.0,2,699,999,109.0,77.0,105.0,25.016666666666666,2,1,0,0.49999999999999994,0.8660254037844387,300,944.0,1.0,0.7,32.0,0.9545454545454546
4,2015-02-17 19:00:08,2015-02-17 20:44:08,98f13708210194c475687be6106a3b84,mediterranean,2,1,1450.0,1,1450,1450,59.0,39.0,73.0,104.0,19,1,0,-0.9659258262890684,0.2588190451025203,0,1450.0,1.0,0.65,20.0,1.2166666666666666
1,2015-01-23 20:53:22,2015-01-23 21:18:02,55c567fd4395ecef6d936cf77b8d5b2b,other,1,2,1050.0,2,400,550,0.0,0.0,0.0,24.666666666666668,20,4,0,-0.8660254037844386,0.5000000000000001,150,525.0,1.0,0.0,0.0,0.0
5,2015-02-05 23:23:28,2015-02-06 00:20:37,9cea886b9f44a3c2df1163730ab64994,pizza,5,1,3550.0,1,2450,2450,13.0,6.0,6.0,57.15,23,3,0,-0.25881904510252157,0.9659258262890681,0,3550.0,1.0,0.42857142857142855,7.0,0.42857142857142855
3,2015-02-12 19:38:44,2015-02-12 20:20:37,435d6ab1ba16ba7e05e09d9728bc36ca,dessert,1,3,1807.0,3,249,889,56.0,47.0,82.0,41.88333333333333,19,3,0,-0.9659258262890684,0.2588190451025203,640,602.3333333333334,1.0,0.8245614035087719,9.0,1.4385964912280702
4,2015-01-25 01:42:40,2015-01-25 02:43:10,68d30a9594728bc39aa24be94b319d21,other,3,8,10200.0,8,200,1900,95.0,114.0,133.0,60.5,1,6,1,0.25881904510252074,0.9659258262890683,1700,1275.0,1.0,1.1875,0.0,1.3854166666666667
5,2015-02-15 22:37:02,2015-02-15 23:26:55,5a18b2b3a647804eec32e380a70ba66f,mediterranean,3,2,1890.0,1,795,795,13.0,11.0,17.0,49.88333333333333,22,6,1,-0.5000000000000004,0.8660254037844384,0,945.0,2.0,0.7857142857142857,2.0,1.2142857142857142
4,2015-01-28 19:29:39,2015-01-28 20:16:53,17e62166fc8586dfa4d1bc0e1742c08b,vietnamese,5,3,1970.0,3,350,795,53.0,51.0,63.0,47.233333333333334,19,2,0,-0.9659258262890684,0.2588190451025203,445,656.6666666666666,1.0,0.9444444444444444,2.0,1.1666666666666667
2,2015-01-29 22:38:01,2015-01-29 23:14:16,cfc5d9422f0c8f8ad796711102dbe32b,american,1,1,889.0,1,889,889,19.0,13.0,13.0,36.25,22,3,0,-0.5000000000000004,0.8660254037844384,0,889.0,1.0,0.65,6.0,0.65
1,2015-02-13 05:17:35,2015-02-13 05:57:17,fd8c07a31f8a85910ad8476f5f7efb27,chinese,1,5,2603.0,4,160,1200,0.0,0.0,0.0,39.7,5,4,0,0.9659258262890683,0.25881904510252074,1040,520.6,1.25,0.0,0.0,0.0
2,2015-02-06 01:40:32,2015-02-06 02:33:58,ccb1d45fb76f7c5a0bf619f979c6cf36,italian,5,3,5200.0,3,1100,2000,109.0,63.0,76.0,53.43333333333333,1,4,0,0.25881904510252074,0.9659258262890683,900,1733.3333333333333,1.0,0.5727272727272728,46.0,0.6909090909090909
4,2015-02-01 03:15:41,2015-02-01 04:01:18,c203d8a151612acf12457e4d67635a95,thai,5,5,3690.0,4,175,1150,93.0,92.0,157.0,45.61666666666667,3,6,1,0.7071067811865475,0.7071067811865476,975,738.0,1.25,0.9787234042553191,1.0,1.6702127659574468
2,2015-02-16 00:55:29,2015-02-16 01:33:13,bd4c9ab730f5513206b999ec0d90d1fb,mexican,1,1,1200.0,1,1200,1200,38.0,25.0,31.0,37.733333333333334,0,0,0,0.0,1.0,0,1200.0,1.0,0.6410256410256411,13.0,0.7948717948717948
2,2015-02-02 02:57:51,2015-02-02 04:41:31,a53b9972c1c68ce19a65dbfc61d6e87d,american,3,2,3580.0,2,1240,2340,17.0,15.0,30.0,103.66666666666667,2,0,0,0.49999999999999994,0.8660254037844387,1100,1790.0,1.0,0.8333333333333334,2.0,1.6666666666666667
3,2015-02-03 01:40:01,2015-02-03 03:13:32,16db016ed3a5b8d7c596928306161ada,pizza,2,2,1975.0,2,225,1750,33.0,32.0,37.0,93.51666666666667,1,1,0,0.25881904510252074,0.9659258262890683,1525,987.5,1.0,0.9411764705882353,1.0,1.088235294117647
2,2015-02-09 04:47:18,2015-02-09 05:31:53,149e9677a5989fd342ae44213df68868,dessert,1,1,1195.0,1,1195,1195,27.0,29.0,34.0,44.583333333333336,4,0,0,0.8660254037844386,0.5000000000000001,0,1195.0,1.0,1.0357142857142858,0.0,1.2142857142857142
2,2015-02-16 19:52:22,2015-02-16 20:32:21,d99f37116c32298b4a726d5a2134e1e7,mediterranean,2,2,1098.0,2,299,799,44.0,43.0,72.0,39.983333333333334,19,0,0,-0.9659258262890684,0.2588190451025203,500,549.0,1.0,0.9555555555555556,1.0,1.6
6,2015-02-13 05:01:07,2015-02-13 05:22:31,275d7fb2fd45098ad5c3ece2ed4a2824,thai,3,1,1100.0,1,1100,1100,37.0,34.0,41.0,21.4,5,4,0,0.9659258262890683,0.25881904510252074,0,1100.0,1.0,0.8947368421052632,3.0,1.0789473684210527
2,2015-01-22 02:07:52,2015-01-22 02:47:36,fe73f687e5bc5280214e0486b273a5f9,vietnamese,5,3,2425.0,3,550,950,98.0,98.0,114.0,39.733333333333334,2,3,0,0.49999999999999994,0.8660254037844387,400,808.3333333333334,1.0,0.98989898989899,0.0,1.1515151515151516
4,2015-02-09 18:42:26,2015-02-09 19:41:36,2eace51d8f796d04991c831a07059758,mediterranean,1,7,2710.0,7,120,765,14.0,13.0,16.0,59.166666666666664,18,0,0,-1.0,-1.8369701987210297e-16,645,387.14285714285717,1.0,0.8666666666666667,1.0,1.0666666666666667
4,2015-02-18 03:22:16,2015-02-18 04:03:43,a486cd07e4ac3d270571622f4f316ec5,seafood,2,5,2497.0,4,249,799,102.0,98.0,125.0,41.45,3,2,0,0.7071067811865475,0.7071067811865476,550,499.4,1.25,0.9514563106796117,4.0,1.2135922330097086
1,2015-02-15 00:20:00,2015-02-15 01:33:00,3323fe11e9595c09af38fe67567a9394,pizza,3,2,3038.0,2,1259,1479,18.0,18.0,24.0,73.0,0,6,1,0.0,1.0,220,1519.0,1.0,0.9473684210526315,0.0,1.263157894736842
1,2015-02-05 16:42:08,2015-02-05 18:20:09,0b7b998c6e3fc5b61a7573431d43feed,other,1,10,3270.0,5,275,725,2.0,2.0,5.0,98.01666666666667,16,3,0,-0.8660254037844384,-0.5000000000000004,450,327.0,2.0,0.6666666666666666,0.0,1.6666666666666667
5,2015-02-08 02:06:41,2015-02-08 03:04:02,d9f53a87e571214d24718690a39f67e9,american,1,4,4500.0,4,700,1900,41.0,36.0,49.0,57.35,2,6,1,0.49999999999999994,0.8660254037844387,1200,1125.0,1.0,0.8571428571428571,5.0,1.1666666666666667
5,2015-01-21 21:55:41,2015-01-21 22:26:35,8e9122fa7ac8483b423d3c591d9972a1,chinese,1,3,2695.0,3,650,1195,11.0,2.0,3.0,30.9,21,2,0,-0.7071067811865477,0.7071067811865474,545,898.3333333333334,1.0,0.16666666666666666,9.0,0.25
4,2015-01-29 19:48:11,2015-01-29 20:35:10,fbd7939d674997cdb4692d34de8633c4,chinese,3,4,3125.0,4,295,1095,70.0,69.0,78.0,46.983333333333334,19,3,0,-0.9659258262890684,0.2588190451025203,800,781.25,1.0,0.971830985915493,1.0,1.0985915492957747
4,2015-02-14 03:05:01,2015-02-14 03:57:11,d709f38ef758b5066ef31b18039b8ce5,other,5,5,1897.0,4,150,799,102.0,97.0,161.0,52.166666666666664,3,5,1,0.7071067811865475,0.7071067811865476,649,379.4,1.25,0.941747572815534,5.0,1.5631067961165048
3,2015-02-15 22:40:35,2015-02-15 23:15:12,70522cd467f1001ad2c2d009707f61d9,other,1,2,1028.0,2,169,699,7.0,7.0,9.0,34.61666666666667,22,6,1,-0.5000000000000004,0.8660254037844384,530,514.0,1.0,0.875,0.0,1.125
1,2015-01-29 05:16:59,2015-01-29 05:41:52,471c75ee6643a10934502bdafee198fb,burger,5,2,2375.0,2,1000,1025,13.0,14.0,14.0,24.883333333333333,5,3,0,0.9659258262890683,0.25881904510252074,25,1187.5,1.0,1.0,0.0,1.0
4,2015-01-29 04:25:56,2015-01-29 05:06:06,151de84cca69258b17375e2f44239191,dessert,5,5,2121.0,2,399,525,38.0,35.0,38.0,40.166666666666664,4,3,0,0.8660254037844386,0.5000000000000001,126,424.2,2.5,0.8974358974358975,3.0,0.9743589743589743
6,2015-02-15 05:13:58,2015-02-15 05:53:33,123b7f02433572a0a560e620311a469c,sandwich,3,1,1225.0,1,1050,1050,37.0,34.0,41.0,39.583333333333336,5,6,1,0.9659258262890683,0.25881904510252074,0,1225.0,1.0,0.8947368421052632,3.0,1.0789473684210527
5,2015-01-31 01:21:46,2015-01-31 02:24:36,977f8b33d303564416bf9f4ab1c39720,other,3,8,6750.0,7,200,1400,31.0,18.0,23.0,62.833333333333336,1,5,1,0.25881904510252074,0.9659258262890683,1200,843.75,1.1428571428571428,0.5625,13.0,0.71875
1,2015-02-14 03:44:38,2015-02-14 05:06:50,ceef9a7959adba8d6498247338ccb9e5,japanese,1,4,8125.0,4,575,3750,12.0,12.0,18.0,82.2,3,5,1,0.7071067811865475,0.7071067811865476,3175,2031.25,1.0,0.9230769230769231,0.0,1.3846153846153846
5,2015-01-27 04:09:06,2015-01-27 04:52:18,d2804bda02d05ee5868227fb24f13c98,chinese,4,2,870.0,2,160,710,11.0,27.0,13.0,43.2,4,1,0,0.8660254037844386,0.5000000000000001,550,435.0,1.0,2.25,0.0,1.0833333333333333
